vector_id,input_vector,po_vector,simulation_time_s
1,001000001000000010110011100100101110101011000010001111011010,00000111111000011111110110,0.0003458850001152314
2,000111010001110010111010011110010000010111100110110101001001,00000111111000011011101111,0.0002930059999926016
3,001100110000010001011001111100001000000000100110010110001111,00000111101000001011101111,0.000718970999969315
4,100011000010101100100000011101001011111100100010010000000100,00000111101000010111001000,0.00046301400016091065
5,001110101101110010001010011011010010001101011100110010101100,00000111111000010110101000,0.0005236270001205412
6,000101001101000110000100110100101001110000111011110010100111,00000111101000010101101101,0.00047603899997739063
7,101010100110110111111001101101101111101001100100000010110111,00010100101000011101000000,0.0005779180000899942
8,000010010001011111011101101101011100001000111110011011011110,00000111101000110111000011,0.0005511780000233557
9,101110111010010010100111011111110100100000000001001110001001,00000010001100000100100011,0.000462883999944097
10,110000100111010110111010111111001101110110101111100001101110,00000100111000011100111100,0.0002693729998100025
11,010101111111111100010000111001010100100101001111100110011000,10100111001000011111110111,0.00026441299996804446
12,010001011111100001000000011110011100101000100001110111111001,00000111101000000111101111,0.00031016999992061756
13,110000100111011011111001111101011101011001110010111000010100,00010110101000000111111011,0.00026553499992587604
14,010011111101010001111011101111111001010111101001010100100111,00110111111000010111100111,0.00026087699984600476
15,101111000100100101001011110010000101001111011001111111011001,00000011111000000110101111,0.00047625699994569004
16,111011001101001000110100111000110111101000110101011111001010,00000111101110111111011111,0.0002697639999951207
17,011100001100001111010111010110101101100100001000000010010010,00000111111000101000000000,0.00026315099989915325
18,000010100100100111010011001110110010001111110001101111101111,00000111111000001110101111,0.0002874570000130916
19,101000010100101110111000100110101010011110001000001111011100,00000111101000010110000100,0.00026634700020622404
20,000011111110011011100100010011100110010101010101111101010110,01110110001000001111101111,0.0002606759999252972
21,100110111010000110000100000111110101111010111001100110101100,00000100001100011111111111,0.0002601349999622471
22,101000011011111101010111010011100111001101100110000010010100,00000111111000110000000010,0.0002736809999532852
23,001011011100110111111000101100100110100110101101010010100011,10010111101000001111000101,0.0002603549999093957
24,011000100101010001100100011010100100110111010100100110110001,00010111101000001001111110,0.00025905400002557144
25,010000111110011011011111101111010101100111110111011100110001,00000110011000110111111111,0.0002592840000943397
26,000011100111100111100001101110110000101011011001000001011100,01010100101000010100100000,0.0002604059998247976
27,011111001011100010001001011010101000010000101011110111000111,00000111101000001110101111,0.00025862199981929734
28,101011110101010110000111001100111110011001001111001011110100,11100111101000000001001011,0.00026020599989351467
29,110111000111100100001110011011111101101101100101000000111010,00000111111000111101110000,0.0002709259999846836
30,110001111011111001101101111110111010101111001100000000011100,00110111001000111000000000,0.00025933400002031703
31,001110111000001001101001011110110010110011001110100011001101,00010111101000011010100000,0.0002586830000836926
32,111011000110110110001011110001100000011001010101101101100001,00000101111000011101001010,0.00025861199992505135
33,100010110011111100100100001111001101000100000010001100001011,00000111001000011000100000,0.0005784410000160278
34,010011100110111110110100101011010101011000110000101100001001,01000100101000110101000111,0.00027387099999032216
35,011111111110110111000011100101011111101001000000100000011011,11100100001000001000010000,0.0003572769999209413
36,001001101000000111101110010001111000011100001100100100010100,01010111111000110111000000,0.0005539539999972476
37,111001001001110111011101010001010111000111100001110001011011,00000111101000100100011110,0.0006900979999500123
38,100010011110001111101101010010111111101101101111011111000010,00010101101100101111111111,0.0005633120001675707
39,110110101011011110100010011100010011110101011000111101110111,00000100101100001111001111,0.0004376570000204083
40,010001000001110100110011100010001101011111011101001001001011,00000111111000000101111111,0.0002722890001223277
41,011010011001101010011111110000101010110011010100101110100011,00000111111000111111101110,0.0004565209999327635
42,000001101111001010000101101111001111110011010101111101100010,01000110101000010111111111,0.0005530930000077205
43,001101001010110100110100001000100101010010001110100000110011,00000111101000101101010000,0.0005359999997835985
44,000001111001001010011001100100110111010000100011111001010001,01100111101000011111101111,0.0007212559999061341
45,101100001010100000011101010011101011101010100000000111000101,00000111101000100000000101,0.0016803460000573978
46,011101000001011110101011011100001001010110001100100011100010,00000111111000010101000000,0.00037230499992801924
47,010011111111000000001111010111100010010001101100110010000000,00100111011000101111101010,0.00043365900000935653
48,011010000100100100111011010011100011110011010001111111100100,00000111111000011111101111,0.0005792409999685333
49,101100000100110001101001101000000101001010000010110111001110,00010111101000011010100111,0.0005618990001039492
50,100111000100100101001100110100011000111011111010010010110010,00000111101000111101001001,0.00040162899995266343
51,100011010100010011110001100101011000001010111110101110101111,00010111101000000111101101,0.0002677600000424718
52,010000110011101101000100000010100110011111010100000111111100,00000111001000000111111110,0.0002650850001373328
53,110101100111011111000111110010111000110000000010101111000111,01000100101000011100100000,0.00029186500000832893
54,011101010100000011001000011111111011100111010111111000011001,00000111101000000111101111,0.00026518499998928746
55,111110010111001010101001011111110100100111000011101001101001,00001011101001000100110111,0.0002657560000898229
56,100010011111100010100000110011000111110111001000000001011000,00000111101100001001111011,0.00030592099983550725
57,000111011000110101001001001011100101100000100001011110000111,10000111101000010111100111,0.0002695929999845248
58,100000011110110011111110000001110110011011001100101011100001,00010111111000110011011010,0.00026525499993113044
59,100110110011001110111010011000101110011111000011110001010100,00000100011000001010001001,0.0002652149998993991
60,010101010011010011000011110111110011100011001011111000100001,00000111101000001111101111,0.00027668600000652077
61,011001001100101011110010101001100000101110010110001011101000,00010111111000000110101100,0.00026364200016359973
62,011010011110100110001101110111010100000001001000110000010011,00000101101000110101111111,0.0002606259999993199
63,111110100000101101111010001101100000101010100001000010101001,00011011111000001000100000,0.0002744720000009693
64,110001001111101110010011101111111000100100001001101101010110,00000101111000010110100000,0.0002628900001582224
65,000100011001001100011110010110111011011111001000100001001101,00000111111000101111000000,0.00026336199994148046
66,110010000000000101010011100100101100110000100010001001110101,00000111111000010101101101,0.00026208899998891866
67,110101100111000001011100111111101101111110001000110010001100,00000111101000101111111101,0.0002805540000281326
68,101001110011001000001000011111000011110011010100110111110111,00100111001000011111101110,0.00026188899983026204
69,010101001110101011001110100100010000100001001111110110001101,00000111111000111111100111,0.00026220900008411263
70,101011000101110101111011011111100001011000100110111101000011,00010111111000010111101111,0.00027215799991608947
71,011111110101001111101110011100010111111111100000100010001001,11110111111000101000010101,0.00026253999999426014
72,001001100110000011111100111110011111010001110111011001011100,01010110101000111011101101,0.0002592340001683624
73,110101011110000101111010000001101000001011111101000110100110,10010111111000011111001111,0.00026115800005754863
74,001100010011110001110100001100101000101000101001000101110011,00010111101000101111100001,0.0002735799998845323
75,010111100111100011111010010101010111100000000010001110100001,01010110111000000011101101,0.00026298000011593103
76,010111010010000010000101110001101111111100111111001001010010,00000111101000000111101111,0.0002591439999832801
77,100011001100110100110101010011110001010101000110011100101011,00000111101100100101101110,0.0002622399999836489
78,011001011000011100111101101011010001000000101011101000110010,10000111101000100111100001,0.0002735709999797109
79,100101010011100110101100010001111001111010110100110010100111,10000101101000110100001100,0.00026286100001016166
80,100000101001000100111111000000100001010110111000001011000001,00000111111000100010001101,0.00025872200012599933
81,111011011100110010100111111011001100001111001010110000110101,00000111101100011111111111,0.000274162000096112
82,100100000111110000010111010011110001000001000110001001011001,00000111111000100001100010,0.00026230000003124587
83,111010110011100000111111011100100001001101100011011100111000,00000111011000110111101011,0.00026166799989368883
84,111100101111011001100101101001101101011101001000101001111000,00011111101001001111111111,0.0002600550001261581
85,001100100110010101001111010010000111010001110001001001101111,00000111111000110111101101,0.000274311999874044
86,001001011110001110111100101110110010101111000110101110001011,10000101101000100111101110,0.0002606870000363415
87,010110011100000001111001111100101010010100111111100100111010,00010111101000011101101001,0.0002601849998882244
88,000001100011101111100101011100110100110001010101111111100110,01010100101000000111101011,0.0002601849998882244
89,100101100011011100001101010010001110100101000111110111101011,00000111101000101101101111,0.00026257100012117007
90,110011111101110010100001001101100000000001000111011111001011,01100111101100010111100110,0.0002616879999095545
91,101101010101001001100001101000110110111100011011110011011000,00010111101000010010001011,0.0002607870001156698
92,101101101000000110111001010100100000101000000101000010001111,01000111101000000000000000,0.0002712960001645115
93,001000100101010100001001000001110001110000101110000010101000,00000111101000001001100000,0.00026131699996767566
94,011000011011110000001000111010010001010011010010110101101000,00000111101000010011101111,0.0002630710000630643
95,100111010100001101110100110001001011101100010011000110101101,10010111101000101100101000,0.00026075699997818447
96,011001101110010100111011000010010011111001111011110010010100,00000111111000010110100010,0.00027332999979989836
97,010010001101111010000111111110101011100111001000000010111000,00000111101000001011100000,0.0002614980000998912
98,110110100110110011110110100010101101000100010101101101111011,00010110111000100101101101,0.0002596950000679499
99,111001111011000011101001110100011101111000011101101000110111,01110110001000000111100111,0.00027287000011710916
100,110101000110100111101100000111110100011111000000011000011110,00010101101000111101111011,0.0002600550001261581
101,110100000010000100011000001010010000001000111000000010000110,00000111101000010000000000,0.00026114699994650437
102,100111001010100111001101111101110011001011000110001010100111,00000101101100101101001110,0.00025927399997272005
103,111111101001110000001001101001101111100101111110001011011101,00001011101100000111111111,0.00027636599998004385
104,110011111110000110110111110000100101001011110101111010011101,11100100011100101001111111,0.00026037600014205964
105,110100110110001101101011110111100010111001100011110011101010,00010111011000011101101011,0.0002611279999200633
106,000001111100010011001000110110100001100011101000001111011011,01100111101000010011100111,0.00025994499992521014
107,101011110000111100110111001001110101111100101111000100101100,10100111111000110111101001,0.0002748240001437807
108,000111101011001101100000101001110010001110000111101001010100,00010111101000010110001100,0.0002587930000572669
109,110101100101101110000101100111110001011100110101001111111110,01000111101000011101101001,0.00026153799990424886
110,110100000001101101011111000100100100010010101011010001111010,00000111111000111101111111,0.00027161699995303934
111,110001100101100100001110011110101011111101101100110010111011,00000111111000101111101100,0.0002616690001104871
112,001011000011011110001001001111111000010100100011111111000000,00000101101000001111100011,0.0002590740000414371
113,000010010011011000011101001101001111011110001101110111100101,00000111101000111111001110,0.00026076700009980414
114,110011011111001010000101110000111000011000011110100011000000,00000111101100000000001000,0.00028853899993919185
115,001011100110001100111001111001001111101000011101010001111110,00000111101000000111101011,0.00026531499997872743
116,101101110100110100110001011001110001101100111010010110011000,10100111101000001110101011,0.0002618890000576357
117,101010111111111000110001100101001100011111100010110010010011,00000111001100011101110111,0.00027636599998004385
118,111110011101011011011000100000100001001011010110101110000100,00001011101100000111111111,0.00026208899998891866
119,100110010001101011110000011010111010100100011100010011001100,00010111101000000010101000,0.00026219899996249296
120,011111010001010011011111011011000100011100010111100011010001,00000111111000111100001101,0.00025971500008381554
121,100100110110001011000000010100110101111011100011110101000100,00000110001000001101111111,0.0002747820001332002
122,001100011011001010100101000011000101100001110100111101011000,00000111101000011111101111,0.00026514499995755614
123,000011111000000111100111110000011000010111111100101000010011,11110111101000010011001111,0.00026347099992563017
124,101001001000110100001001010000010001010110110100000011110001,00000111101000011001000000,0.00026104699986717605
125,010010100100111101111111000010101110110001110011111111111100,00010111111000100111111111,0.00026368300018475566
126,101010101000010010111100101111101010001011101011011010010111,00000111101100110111100111,0.00026196900012109836
127,011111000011101010101110000010000110010101001110001101000111,00000111111000110111111111,0.0002933469997969951
128,010110001010111100111110100111001000110011010011101001001111,00000111111000110001101110,0.0002787010000702139
129,010010011110001011000001010001011000010011100010010000100100,00000111101000011100001010,0.00026343199988332344
130,000001011001100001100110101001100011100101101011010110000010,00010111101000001111100011,0.0002601959999992687
131,100001110010001101101100110000011010010000000000011100010011,10110111001000101000001101,0.00026087700007337844
132,101101110111101011010011111111010100000111111111010010011111,01100110011000001111111111,0.0002721180001117318
133,011001010011010000011001011111100101011001000111100100010010,00000111101000011000101110,0.0002610169999570644
134,000001110001010101001100010000011111111110111011001100010111,10100111101000111111101111,0.000259473999904003
135,100101011011011101100001011010100000010011101100101001111001,10010111101000010011100111,0.00028422099990166316
136,010001001011010011110001011010110100110110111010000011100111,00010111101000000100111110,0.0002611969998724817
137,111101101001011001110000010011000110001101000011101011111000,00011111101000010111110111,0.00026232899995193293
138,001001100111100100101100000001100000010001101001011011100000,00000111101000100110000011,0.00026061699986712483
139,001000110101110110110001010101110001001010111001001010001101,00000111101000000111101101,0.00027931099998568243
140,110001101110100001101011011111101011100000000110101101000110,00010111111000001101100000,0.0002600760001314484
141,010000101011101010011111001010110101111001011001100010100101,00000110111000110100011010,0.00026181800012636813
142,111110101100110100010011100011011101110000001000110111110100,00001011111100001111101111,0.0002734100000907347
143,001010101000000010100100001110011101010111110100000101110101,00000111101000010001011111,0.00026259999981448345
144,111100001111010100000001001110000011111010110010100011001111,00001111101000001011011100,0.0002594140000837797
145,100000011101100000100101000001110101110010101001101011010101,00000111101000000010101111,0.0002705849999529164
146,101010100010101001000010110000110000000100001000110111000100,00000111101000001010001001,0.0002897209999446204
147,001010000011011010100001101010000110101110111100001011100110,00000111101000001110100110,0.00026746899993668194
148,010011111111001111010100010001100011011010000000101100010001,11100100001000110111000100,0.00026465399992048333
149,000001001011111010000000111110101010010010011111001101000110,00000111101000010111101101,0.00028233700004420825
150,010000010000100100101011101110011000110100100000011011110100,00000111111000010111100011,0.0002648839999892516
151,001000101011010011100011111001011110111101110000001101001101,00010110101000010111101111,0.00026293099995200464
152,111000011011011101011001001010111000011100001101110100011100,00000111101000001111100010,0.0002617379998355318
153,111101110000110010110110101000010101000110110111111110011100,01101111111000110111111111,0.0002749029999904451
154,111110000010101011001100101111010111110010000111010101010101,00001011101000101111111101,0.0002615079999941372
155,101000011010000100001001100010011010000010001100011010101010,00000111101000010111100111,0.00026199900003121
156,011110010000111001000000100010000111001111110100110100111111,00000111101000000111111111,0.00026032599998870865
157,011011010011111000110100011010010101100110001011110001101100,00000111101000100011111100,0.000274222000143709
158,101100100110100100101111110110111101000000011000010010001011,00000111111000101001101111,0.0002601850001155981
159,110010010110011111001101000010000110101011100001110100110100,00000101101000101101110011,0.00026212900002065
160,100001010111100110011101110011010101110000000010001011100110,10000101101000100100101000,0.0002739110000220535
161,001110001100100011001110010001101010001000001111111111011110,00000111111000101111101000,0.0002638829998886649
162,100100110011000101101111111001011110010101011101010010011011,00010111011000110110001111,0.0002607260000786482
163,001011001001010011011101110110010101101101100111111111100100,00000111101000101111101111,0.00026170899991484475
164,101010101011000101011100000100011010000000000101100111001101,00000111101100110101000000,0.00027182799999536655
165,000000011110111110111001101010101011100101100011101110111010,00000101101000001111101011,0.00026277099982507934
166,111000000011100001100100011001011000111100010000000011010100,00010111101000010000000000,0.00026076699987243046
167,111001110001001001001111001001100110011101000100100101010100,00100111111000101001001110,0.00028304800002842967
168,010111100000101011011001011011000000100000001010110101100010,01000111101000011110101010,0.0002612879998196149
169,110111101100111100001001000110010111100111011100010101010110,00000111101100000011111111,0.0002630209999097133
170,011100111110110001100111011110011101101010110100110101111000,00010111001000010111111111,0.0002609570001368411
171,000000110001101001001000011101100111111100101000011010010001,00000111101000010111101110,0.0002739020001172321
172,001111010101011001110101101100010111100110100100011100010000,00010111101000110011101111,0.0002610869998989074
173,111010101100011111110000011111010011101111100001110110011110,00010111101100000111111111,0.00026231900005768694
174,011001000000001010111011001111001010001011101010100000100110,00000111111000000100000000,0.00025949500013666693
175,101100000101000111011010111111100011110100110110111001101011,00000111111000011111101101,0.0002762250001069333
176,111111101101011100001000101100010010101110000001100110000101,00001011101110000110111111,0.0002618389999042847
177,101000100001011101110011111001111010111010010111011000001000,00010111111000000111101111,0.0002615580001474882
178,110011111001101011101110010100000010011010110101111100101111,01110111111100100101101101,0.00027399199984756706
179,010010110010010001100100101001111111000001010011110000000001,00010111001000000110000101,0.00026275000004716276
180,010001111100111111100010111101100111100110001100110110101110,11110111101000000111111111,0.00025987399999394256
181,110011101001000001001010100110101100001001010100111011010000,00000111111100010001111111,0.00026518499998928746
182,001000011001001011010110010011110111110010011101100101100010,00000111111000111111101110,0.000272488999826237
183,111101010011110011010011111011111100011110001000100101110100,00001111111000010011011101,0.00026447400000506605
184,001100001000101010110111001010111110110000111010001000110110,00000111111000101101001101,0.00025994599991463474
185,101111011001010101001011011101110111110011000110110110011101,10000011111100010111111111,0.00027426199994806666
186,111101011101110010100000011111010011000101111001010011001101,00001111101010000111101101,0.0002618389999042847
187,101010110100101111000010011111101111101100111001100111111000,00000111101000011111101001,0.0002615680000417342
188,111011010100100010011101111011011111001101100111100000101001,00000111101000101000100000,0.00025994599991463474
189,010100110010101000110100101001000111011001101101111000100111,00000111001000110110110101,0.00028996100013500836
190,001010101101111111100010011110111100011100010011110101111010,00010111101000011111101010,0.00026281999998900574
191,110010100010011100010101010010010001001100001000011001001010,00000111101000100010101010,0.00026175900006819575
192,100011010101011110111110111100101110001101100000111101001001,10000111111000101011001111,0.00026005499989878444
193,000111101111011111111101011011000111011110011000011101101100,01010100101000111111111111,0.0002762149999853136
194,011111010011001001011100011100110111011000111100101011110000,00000111101000110111001111,0.00026081700002578145
195,001001111010011101101000110101101000010000010110001011001001,10110111001000001001101000,0.0002615079999941372
196,010101011100100000001111000111010011101110110011011000000001,00000111111000110101100110,0.0002894609999657405
197,000111010000100010111110010100101000010010011110011110110110,00000111111000101111101100,0.00026294099984625063
198,000000011000101111011100100000000110111011011101110111101101,00000111101000111111111111,0.00026054700015265553
199,100001001011110010000010010010000010101111111010011000100100,00000111101000000110101111,0.0002614990000893158
200,101100100101000101100101011010011011011011000101110011111110,00010111101000000111101010,0.0002767359999324981
201,001010110111000000111011101100001011011111011011100111010110,00000111011000011111101110,0.0002623499999572232
202,110011101011111100100011010000110111010101010001010000100010,00000111101100000100011010,0.00026005599988820904
203,011101011111111011001000110010110111100010110010110110101111,00000111101000010111111111,0.0002773879998585471
204,010100100010000001010011111010011011100110010110100010000011,00000111111000010001100000,0.00028482200013968395
205,101000100100101001000110100010011110010100101010100110110101,00000111101000001011101001,0.00026270099988323636
206,111101010111111000010100011010101000100100100010010010101100,00001111101011110010101001,0.00026088699996762443
207,001110110111101101010000001001011111100100100011000010000111,00000111001000000000100001,0.00027758900000662834
208,010001000110110011010000110100100100010011000001001000001111,00000111101000001000111010,0.0002609470000152214
209,101111101100101101011001101010111111111111000000111110101011,00000011101100010111111111,0.00026237999986733485
210,100010110100101010011100110000000101100010111110110000101011,00000111101000101100101101,0.0002783390000331565
211,000100011110011010111010001100011011010110101100011111011010,00000111111000001011001101,0.00026436300004206714
212,000110111011111110110111010100000001000000010011000000000010,00000100011000111000000000,0.00028384000006553833
213,000110101011010000010000001001111011100110000110101001101111,00000111101000011111101100,0.0002634119998674578
214,111111000011111111100110011011010000001101100110110011110101,00011001101000010111101100,0.0002752939999481896
215,001110010110101110011101100111001011111001000110101010111011,00000101101000100101101010,0.0002646230000209471
216,010101000111011110001001011011001001011011011011101100100011,00000101101000001111101111,0.00026038600003630563
217,101101110101100010000000011101101101100010010000001000000111,01100111101000000100001101,0.0002729590000853932
218,101101000000101010100011110011011101101100001000101110010010,00000111101000011010000001,0.0002614590000575845
219,001011111011100000001011100010011011010010110001000001110100,00100111011000011011000000,0.00026241999989906617
220,001100111100001110101001001100110111011011101111101111010111,00000111101000011111111111,0.00025900399987222045
221,100101000101000010011011110110010000100101100000010000011011,00000111111000001001101111,0.0002744020000591263
222,101111011101011101110111010101100001110101110100001001110101,10010011111100110111101111,0.00026076600011037954
223,011001110000110010101001101000000111101011011100011110000000,01100111101000011111111111,0.0002617989998725534
224,011110010000010101000101010100111000100000100011011010110011,00000111101000000101101111,0.00025983399996221124
225,100110011010100001111111111110110110111101100110111110010110,00010111111100100111101111,0.00027427199984231265
226,100100101101111101010110001111101011011110000100010100100000,00000111111000100111100100,0.00026033599988295464
227,111100011000100100001100010010001000111100001110110101111011,00001111101000110111101101,0.00026291999984096037
228,101001010011110101100010111101111011101111000001100000010110,10010111101000001000000000,0.0002970850000565406
229,101100110000001110000000100110000010100100010001110100000010,00000111101000011101101001,0.00026622800010045466
230,011111111110100001101111101100010101100001111111010100001101,00110111011000110111011111,0.0002606870000363415
231,111011101011010000100010111111110011100011110000111000100010,00000111101100000111101111,0.00026451400003679737
232,101100000110010100111111101000111111101100000100111111000101,00000111111000101111000111,0.00027253899997958797
233,011101101101011101101001011000000110000100011100011000000011,00010111101000011011011110,0.00026469399995221465
234,011010011001010110111111101100100000000100011101110101010101,00000111111000111111001111,0.00026127699993594433
235,000110111110111000110110000110010011110010001110101110110101,00000111011000110111101100,0.0002778389998638886
236,110101110011100001010100110101010011000101010001011101001011,00100111001000110101001111,0.00026225000010526855
237,000000010011010110101010100000100110111010001001111100010010,00000101111000000001101101,0.0002621889998408733
238,111011000001110010111000101101110101111001100001001110000001,00000111101000000100001111,0.0002606670000204758
239,101101011011000000101110100010000100001010100101011011110011,00000111111000100101110111,0.0002740719999110297
240,100101000000000010010000010101000111111000110011110101100011,00000111101000011101101101,0.00026121699988834735
241,010101101010111010111101010001100011101110000110010001110100,01000110101000101111101010,0.00026220999984616356
242,011110110110010111011010000010011001000010010101100100010011,00000100011000010100001100,0.0002601150001737551
243,001011000101111000010000000000110100000111000110010010000001,00000111101000001000000100,0.000272469000037745
244,010011100110111100011110000001100000000001011100011000001010,00000111111000100111001010,0.0002598450000732555
245,110110000000100001011000111011100011100010111011000010111011,00000111101000000101100000,0.0002608069999041618
246,011001010110110100101001110000010011001101100100110000110111,10000111101000001101001111,0.00027569500002755376
247,000101100110101110111001011010001111110001001101010101000010,01000100101000010111101011,0.0002632419998462865
248,110100000110000001001100100011101100000001100001111110100111,00000111101000110100110111,0.00026385299997855327
249,000100101001110010000000111110010101010101111000010000011100,00000111101000001011101001,0.00026197900001534435
250,101010000111010101110011000101011010100010001100101100110111,00010111111000011111000100,0.0003606629998103017
251,110101100101010000001011010101011010010011000101100110011011,00000111111000000101000110,0.0002669279999736318
252,011110001100011010110011000100011100010000100010101010110011,00000111111000000101111001,0.0002601459998459177
253,001011011111001011001001110001011000010001100110101000000010,00000111101000000001100011,0.0002876270000342629
254,010101111000101110010011001110010101100110000001000110111010,11100111111000011101110111,0.00026236999997308885
255,000110101011101101101001010000011001101101100000111010110000,00010111101000000101101011,0.00026246100014759577
256,100111011001111010100111100011100111101100101010100101011111,00000111101100010111100011,0.0002612380001210113
257,000010111101110011000110001101010110110010011000111011110111,00000111101000001111101111,0.0002786610000384826
258,100010001100010100101101110110000101100111001001001011010010,00000111101100110110010011,0.0002611979998619063
259,110011001110111111001111111110010011000000110000001100011100,00000101111100111111111111,0.00026243000002068584
260,100111111010111110001011000000000000100100011100110011010011,11100100011100010000000110,0.00027277000003778085
261,111111010010011001001010010010001000010011010000110011110111,00001011111000010101101100,0.00026214899980914197
262,001100111100110001000101100110000000110000011111011001000011,00000111101000001101100111,0.0002601150001737551
263,010101010000001001011000011001000100000001110000001100000010,00000111101000011000011110,0.00026204899995718733
264,110000101110001100100010101010011000111000101000100101111110,00000111101000010111100001,0.0002794810000068537
265,001000010101010110001011010001011100010000011111110111111001,00000111111000011111101110,0.00026214900003651564
266,100111000000000100111010100011000010100011000101001111101000,00000111111000010101100110,0.00026369200008957705
267,001011111110000100101111100100010001111011000011101001001010,10100111011000100111100110,0.0002776490000542253
268,010010111100011011101100011011100011001010010100010100010001,00010111101000111110101100,0.00026210899977741065
269,000110001010011100011011100001011110001011000110101110101001,00000111111000010111110111,0.00026280999986738607
270,010110100110111011010111101101110010010100101100011001011101,00000110111000110111001111,0.0002604460000839026
271,010001000010010001101000110110011110100110011011011001001100,00010111101000000011111101,0.00027753799986385275
272,101110010111101111101111000000110101001010010110100111011000,00010001111000110001101101,0.0002608569998301391
273,101100111111110111001111111011100010011110011100111000100000,00000100011000111111101111,0.000262138999914896
274,101111110101000010011100001111000011011011010000001011011101,01100111100000101100001110,0.00025987399999394256
275,101101000111100111111100000001110111001010001001100010011001,00010101101000111000000000,0.00026541600004748034
276,010101010000111101101111111001010100100011110011101011011000,10010111111000100101111101,0.0002598550001948752
277,110100010000001010000000000000000011110001100010110100110001,00000111101000000001100111,0.00026092699999935576
278,110011110000011001111101001111100011100010110111001011010110,00110111101000100010001101,0.00027746799992200977
279,110010110101101101100000011101010010011110111100111000010101,00010111101000011111001101,0.0002624000001105742
280,100011010111001111011000011000010111010001100110001001100010,10000101101000011101101011,0.000260236000031
281,110100100010010010100101000001011001101110011011011101001010,00000110101000000110101110,0.00026203900006294134
282,000110011000110111010101110110011010101110011011101111101100,00000111101000111111101101,0.00027740800010178646
283,000110011000000110001111000011011000000111000100101001111011,00000111111000111101100110,0.00026268999999956577
284,010100101100000110100001100010100100101101100110001100110011,00000111101000000111010110,0.0002598539999780769
285,110011000111000111101100010010111010101100000011000001010011,00010101101000111000000000,0.00027349999982106965
286,000001110001111110001101000100011100111000100100000100001010,11100111101000101101101001,0.00026177799986726313
287,101001011011100100101001010111000010000010000010111100001100,10000111101000011101101110,0.00026192900008936704
288,000000100001110001000011011100010111110000000101110000010101,00000111101000010011001110,0.0002596750000520842
289,100000110011111101010011101111011101001101101000101001010101,00000111011000001110000011,0.0002732589998686308
290,110001010010110010011010100010000011101111111111110101111111,00000111111000001111111111,0.00026048600011563394
291,010100011100110101011111100001100101010101000101110011010000,00000111111000100101011111,0.00035907000005863665
292,011000011011001101111100100011001110111100100100101001100001,00010111101000101111101111,0.0004763890001413529
293,000101100101000101000001110100010101100000100001110100011010,00000111101000010101101011,0.0002692629998364282
294,110010011000100010010100011111101110000000001101000110101010,00000111101100111111100110,0.00026404299978821655
295,101000011110001101010000101011011101110111000101100111100101,00000111101000000101011110,0.00029942900005153206
296,111001000101000100001000111110100011100001101111100100011100,00000111101010001111100011,0.00026430299999447016
297,100000000101111111100001111111111110101110110010110100111011,00010111101000000111101111,0.00026310199996260053
298,001010100110011000110110011111111011110110101001111011100000,00000111111000100111101101,0.00028445099997043144
299,110101000001000010111101111100000011111000000100001111101110,00000111101000111101100000,0.00026756900001601025
300,100011101111000010010010000011101100010111001011000111011001,01000110111100001110111110,0.0002610169999570644
301,010001000111101100000000001100000000111100111011011100011000,00000111101000001011101001,0.0002631710001423926
302,001100001000110001000101011110111110010110101010001011111001,00000111101000001011111011,0.0002730090000113705
303,001000000001001100101100010110101000011100100011000101111000,00000111101000111101100001,0.00026298099987798196
304,001111011101100011101011101100110101111001001011000010010011,00010111111000001100100010,0.0002600650000204041
305,000111010101010011011010000000100000000011010111110001101110,00000111111000011100100000,0.0002607069998248335
306,001011101111111010010001000000100101001100110110000000111000,01000110101000000001100000,0.00027326999997967505
307,001001010001010100010100011101100001001101010110011000000000,10000111101000110111101010,0.00026258999992023746
308,001010110111100110001000111010110111000111110100110101101101,00000100001000001011111111,0.0002617390000523301
309,100111011101110011111111001011011101011011100101000010101110,00010111111100100101110011,0.00027548499997465115
310,001110000011101101100011000001110100111010111101001010000110,00010111101000001100001111,0.0002650050000738702
311,001111001111111010100011110110000010011011111111101100001010,00000111101000011011111111,0.00026685900002121343
312,011100000010000100110110111100101010101110100100110111111010,00000111111000100111101101,0.0002619090000735014
313,101110101110110010100000100000101001011001101010011110101000,00000010101100010111101111,0.00029833700000381214
314,111011110111010100101111100000110001000111011111110111100000,10100111011010101111101111,0.00026331200001550314
315,011001010101111010110100000011000101100001101101100101010100,00000111101000100111100111,0.00026271100000485603
316,100000000110110010010001100101010110110100110010001110111001,00000111101000010001101011,0.00027681699998538534
317,110101100110100011010011101010011101000110111101000001001011,01000110111000001000010101,0.00026478400013729697
318,010011110010010111100011111001101011001001100100101110001111,11110100001000010111101011,0.000261087999888332
319,010000010100010110010000011100110001100011000110001101011100,00000111101000011111100110,0.0002617790000840614
320,010110010100100000111010010011000001011001010011110001001001,00000111111000011101101100,0.00027214800002184347
321,010001000001010110000111101000101110100011001001001001000111,00000111101000010011111110,0.0002617389998249564
322,101000111000110110011110100000100111111110011001111001000110,00000111111000101010101111,0.00026033599988295464
323,011001010010111110000111100000001001100000001011100000010100,10000101101000010000000000,0.00027382100006434484
324,010001011010110111100001001000100010111010001001010111011111,10010101101000011110100110,0.0002631110000947956
325,111100000100000011001001011101010110011001000010010011011000,00001111101000001111001111,0.00026176799997301714
326,100011100000010000001010001101111011101001101100010011011010,00000111111000001111000000,0.000260305999972843
327,110110010010110111110010111111100001001011100011010111000011,00010101111000011111101111,0.00027365100004317355
328,110110011100010001001010110011011101000000110100000101100100,00000111111100000001111111,0.00026375199990980036
329,100000001000100011000101100101010111100001101000101010100101,00000111101000011110000111,0.0002611969998724817
330,010010001111001100110001011100011000100010111111101110100100,00000111101000001111101111,0.00026469399995221465
331,100110100100010101000011000010100100001011111100101000100111,00000111101000011111011000,0.0002740109998740081
332,101101101100011100011011101010010011111111001010010010111101,00000111111000011011100111,0.00026049600000987994
333,000111000110111010001111010101111001100100101110100110101100,00000111111000110011100001,0.00026207900009467266
334,011010100101011110101110111111010001001010100000010001111010,00000111111000111111101001,0.0002718670000376733
335,100101011100100100000010010111001001100010101001000110111001,10000111101000010111100101,0.0002621090000047843
336,011100001110011000010100001010110011111010110111010110111100,00000111101000101111101101,0.00026036600002043997
337,000000001100110000100000001000111000111001100000101010001000,00000111101000000100100011,0.000261176999856616
338,110001111000001100111110001010011000110001101011110111000101,10100111111000101110100111,0.0002731300000959891
339,000011010000010110101000010011101101100001100011101110000110,10000111101000011111100011,0.00026248000017403683
340,100111110110011101001110011011010000100011011010100000010100,10100111011000111000000000,0.0002604060000521713
341,011010011011011000110000000010000110001001001101111010110110,00000111101000011111111010,0.00027270900000075926
342,100101001101100000100110110001111001011111101011001101110100,00000111101000001111100111,0.00026082699992002745
343,100100010111101001111011100111010101100110001011110011010001,00010111111000000101100111,0.00026110699991477304
344,011011101011101011011111101010110100011000110110101110100011,01000110111000100101111111,0.0002606269999887445
345,100011100110000111100111010110101011011010001011011011000010,01010100101000000111101110,0.0002744630000961479
346,010000100110010101110110000001100111101001100110101000010110,00010111111000101001101111,0.0002617190000364644
347,111001001100100100100110100000101001011100101011001010100111,00000111101000010111000001,0.00026331100002607855
348,000000010010111011011100001010101000011000111001100101101011,00000111101000101110101001,0.00026192899986199336
349,011011100110011101111000010111110011100010100100111011001100,00010111101000001111101101,0.0002800230001867021
350,011111101101001001001000001000011011001001001000110100111100,00000111101000010111100010,0.00026164899986724777
351,101000010011101100110001100111011101010111001000111000111000,00000111101000011111101111,0.00026236999997308885
352,110010000100100100101111101110110010011100101010010111010010,00000111111000110011100011,0.0002762159999747382
353,110011111100101100100011101000000011000111010011010111000110,10100111101100011110111111,0.0002646240000103717
354,000111001101000001000001100111010100001011000101011111110000,00000111101000001101110111,0.00026226999989376054
355,101101011111010011010001010011100110101001101010001100000000,00000111101000010010100110,0.000261347000105161
356,000100110011110001001001111111001111100000111011111001001101,00000111001000000111101111,0.00027276900004835625
357,110010101101011011000101100100010011011011010011000111101110,00000111101100000100111110,0.00026341200009483146
358,011011001111011100011111011000110100000011100001000111000100,00000111111000111100010111,0.0002611780000734143
359,111010110001000000010010001100110001110111010111000000110000,00000111111000001001000000,0.00027404200000091805
360,100111100010111101001001011010100110011011101110101000010111,00000111101000011111111000,0.00026153799990424886
361,101111100011011011010011100001100000011101000011000111001111,01000010111000001100100010,0.0002616080000734655
362,000011011010100111111101111100010010000101100011111111111111,10010101101000100111101111,0.0002643329999045818
363,100111100011110101011111000111011000011001100100100110010001,00000111111000101001000011,0.000275083999895287
364,000100101011101101001110110101111011010100100110000101101010,00000111111000110111100001,0.0002610569999887957
365,000111111110101100001110100001011101111001001100010010101111,10100111011000100101100111,0.000262780999946699
366,101000100101000010011110111110111110001010101101110101110000,00000111111000101111101101,0.0002611279999200633
367,110001000010001000101100010010010011110010111110011101100000,00000111101000111011101101,0.0002912840000135475
368,111011010010111011000101100001001101100111000111111111001110,00000111101000000111110111,0.0002668690001428331
369,010011010011110010010000111000010110110110101111110011101101,00000111101000000010111101,0.00026480500014258723
370,010100000101001111010111000110000110100011110111100011010000,00000111111000110010110101,0.0002779890000965679
371,001000110111001101011101100001011111101001010100111100111101,00000111001000111111101111,0.0002644639998834464
372,000100110011111000011000111101110010011110000101101111000100,00000111001000011111100100,0.0002624900000682828
373,010010010010111000101001111011010010001100010000001110100100,00000111101000010110101000,0.00028250700006537954
374,100111001011000110000001001000001100000001100000010100001111,00000101101100010010000110,0.0002638830001160386
375,100101111100111010010111011010110101111011101001110111001101,01100111111000101110111111,0.0002631209999890416
376,111110101010010110101100110011011110010101100101000101000010,00001000101100101101111111,0.0002635519999785174
377,101010001110011000011011101100111100010100110001111011010010,00000111111100011111001111,0.0002762459998848499
378,000100100101000001101110101010001100010010100010001101000010,00010111111000101000101111,0.0002623999998832005
379,001111000100101010010011001000010011000100011101001111111000,00000111111000011111101001,0.00026203899983556767
380,001101010000110000101011010111101011000111011111100010111110,00000111111000010111100000,0.00027338999984749535
381,111001010110111011010001100011010100011010100011000010000000,00000111101000011000010100,0.00026370199998382304
382,010111001100100110010001010110000110110100000010110101001111,00000111101000000011101111,0.00026072599985127454
383,110000001011001000011010111111101001101101010011110011110011,00000111111000001111101101,0.00026226899990433594
384,011001010010010110111111010100010010010101011010111110101100,10000101111000100111101011,0.00030735299992556975
385,101100000111000101001001100100110000101100100110101001000000,00000111101000011001100001,0.00026683800001592317
386,110000100000010110000001101001111011101000110000111011111101,00000111101000010111101111,0.0002925549999872601
387,001100011111101011000001101000000011101110100001010001111010,00000111101000011111100011,0.0002849120000973926
388,010100000110000001111100110101110100000101101110110100101110,00010111101000101111111111,0.000303215000030832
389,011111111111001110011010101111000101110010101100001110000111,11100100011000010111111111,0.0002662169999894104
390,011110101010000011000100110111101010010000000011011000111001,00000110101000010111101101,0.0004088329999376583
391,100101111001110000110010000111011000011001010011110010010111,00100111111000010101100100,0.00045723399989583413
392,110000011111011100001010101001111001111000101010101011011110,00000111111000001110100001,0.0005550870000661234
393,101000101100111001111100000100101110110100101110001001001001,00010111101000110011101011,0.0005093009999654896
394,111001010110000100000100111001111010101111111110100110010010,10000111101000011011101111,0.0005873659999906522
395,110100000100101110100110010000101000011011110011011000111011,00000111101000010101101111,0.0004917880000903097
396,011100000101110011110101000001001101001100101000011010000000,00010111101000110111000111,0.0004963959997894563
397,001001000110100001011100110000010111110100001000110110001010,00000111101000111011101001,0.0005043810001552629
398,111001111011100101100101100011110011011000110100111110111110,10110111001000001101101011,0.0005736500002058165
399,010100101011100011101001100100011011110000000001001011001100,00010110101000010011101000,0.0005655859999933455
400,000100010001000101101110110110111111101101111011011111010101,00010111111000111111101111,0.0005332250000265049
401,101101111000111101001011011010110100111000101000110101110000,10100111111000000011101011,0.0005853829998159199
402,101101000110001010001100110000001010110110110100110011110110,00000111101000111101001001,0.0004968169998846861
403,001001111101010100110011100011110110010101100010010001011011,10100111111000000110101111,0.0005435350001334882
404,010011000010011010001011100000010111111000110110001011000011,00000111111000011111101110,0.0005025880000175675
405,001010010110100010001000001011011100101101110100111000001010,00000111101000010111101011,0.0005209729999933188
406,011001111000100111110001000001000100011001000000100000101010,11110111101000000100110000,0.0004706980000719341
407,001010111110000100100101010110100010100011111110111100111001,00000111001000010011111111,0.000525900999946316
408,101010110011100111010011000011011110110001001101001010011011,00000100011000011111001010,0.0005118049998600327
409,101111110010001010100100001011010010100010001100000110111111,01100110000000000111100100,0.0005376039998736815
410,101000100111110001010110010001111010111010000100000101110001,00000111111000111001000100,0.0005768270000316988
411,001000111001001011110110001100011011001011100001001011100110,00010111111000101111100111,0.0005377239999688754
412,011000011101111010001101011000010110100101001000100010001110,00000111101000100010010010,0.00051800699998239
413,001110110001010111100101110101110001011011000100001111000001,00010111101000010111000110,0.0004999130001124286
414,111100100101000001010101100110010010110111011101001011011010,00001111101000111111001110,0.0005295579999256006
415,101110011110101110110000110101111111110101010011000011011111,00000001101100011000001011,0.0006006610001350055
416,110101001111001011101101110111001010101101001001110110101010,00010111101000110111111111,0.0005202910001571581
417,101100000011100011011111001110001011101110000000111010100111,00000111111000110111100110,0.0005384950000006938
418,111101010111011111110110101110011111101001111011101001100000,10011101111011100110111101,0.000478782999834948
419,010111100111011101000110001100000111001100010111101111101101,00000111101000001111101111,0.000524007999956666
420,111100101111001000000111011101000101000110111100011101111000,00001111101001011111111111,0.0004958649999480258
421,111000010101111110000100001101110101001110100111011100000100,00000111101000010111110001,0.0005603560000508878
422,000110100100110000010101001100001110001000011011000111111110,00000111101000100111101001,0.0005262020001737255
423,111000011100110001011000001001010001110110001100010011001000,00000111101000010110000000,0.0005688520000148856
424,000111101010010110010010101000101111111100101111000111100111,01000100111000001111101011,0.000557130000061079
425,110001010000001011110000010110011001101011001011001001101111,00010111101000010111100110,0.0005194499999561231
426,100100000000100111111110111011111100010011110111100110111001,00010111111000101101111111,0.0005281960000047548
427,111011110111011100001000100011001001010111011000100010010101,10100111001011001000000000,0.0005243090001840756
428,111011111010010111101001011000111010001100011110001011011111,11110100001100001100001111,0.0005152819999239
429,101011000111100110101001100111111111010111101011101100010110,00000101101000000111101111,0.0005242990000624559
430,101011100000111101100110011111100111101111010001110111110110,00010111101000001111101110,0.0005476420001286897
431,010010001101010111011101011100111100100100011000101110110110,00000111101000110111101110,0.0005754740000156744
432,100101110101101110101000100010000100110110110111101000010111,11100111101000001010000111,0.0004883120000158669
433,010010101100110000000101010010111111111001111000100110010000,00000111101000000111111111,0.0005622790001780231
434,011101101100001000110000100100011111001110011010111010010011,00000111101000000111110101,0.0005405090000749624
435,010100001111111100101001101001010100010010110110010001010100,00000111101000010110011111,0.0005562579999605077
436,001011100001010001110101111101000010000001110011011010001110,00010111101000101111001011,0.0005046220001077018
437,100110101101001110111110011011100100000111111100110110001101,00000111111100111111111111,0.000520760999961567
438,101011111000011111111111010010111000111101101000110111111001,11110111111100101011101111,0.0005181179999453889
439,010110100010100100010100000000011101011001100111101001010011,00000111101000101111011101,0.0005375439998260845
440,111110000101110010111011011110000000001001110011010010111001,00001011111000011011101110,0.0005102830000396352
441,111010000010010001110000000111110111000111011001011110001011,00010111101000010111111110,0.0004894640001111839
442,100011000101001110001101101001001110001000001000010101100111,00000111101000111110000111,0.0005269530001896783
443,001010100111101011010101000011101110110101111011101110000010,00000110101000111111101111,0.00050062400009665
444,101110001001110110101100110001000100101000100110111100010001,00000011101100110111001111,0.0005156029999398015
445,111000111110100001011011000000011110110110111010001100111100,00000111011000010111110111,0.0005128479999711999
446,101011001010110000001011000001100011101010000101010000100101,00000111111100011100000110,0.00052399800006242
447,111010100111100011001001000101011010111110110001100101001101,00000110101000010100001101,0.0005555870000080176
448,000110101001111110100100000011000010001101001110110101110110,00000111101000001111100010,0.0005464500000016415
449,001010001100101110100001110111011011110111110110011110111010,00000111101000001111111111,0.0005293189999520109
450,001000001111001110000111001011100001001111001100011101011010,00000101101000010111101110,0.00028406999990693294
451,001000000101010011011111101010100101110000000010111100101010,00000111111000110111101011,0.0002664180001374916
452,001011100000111101010101111110000101100010101100000011010010,00000111101000100001100000,0.00027226799988966377
453,100110000110111010001010000001010001010111011010110110000011,00000111111000001110101110,0.0003001400000357535
454,111100111101100011110000011001100100011100011100000111100101,00011111101000001111111111,0.00026414200010549393
455,011001111111110100100011001101110001000101001000111011111000,10100111001000000111100010,0.0002653250001003471
456,111100010001000101110101100101101100111001110100100111010110,00011111101000101001011111,0.0002952509998976893
457,101100010101011111010011110001010110110010010000000110101011,00000111111000011100101101,0.0002671580000424001
458,000000001101100000110110111100000001001101100000110101010111,00000111111000101111001111,0.0002661670000634331
459,100000001001100101110010111110110001000110011101110101100100,00010111111000011111101101,0.00026230900016344094
460,011010010110000110001111010111100111000101100101111000110000,00000101111000101101101111,0.00027586500004872505
461,001100001010000100010111100010001010110101101100111000100011,00000111111000101101101111,0.00026635700010047003
462,001000001010001000001010110010001100111110000111100101111001,00000111111000001101101110,0.0002631010002005496
463,110010111010001001010110001011000001011101101110101000010111,00000111011100110101000100,0.0002768459999060724
464,011010001100011010101000111100111111100010011110111001011001,00000111101000011011111111,0.0004206750002140325
465,000001100011100001110001010110001101101011000010111111111001,00010111101000010111101110,0.0002668279998943035
466,101011101110101010101111101110111010100101110010010100001100,01000110111100101011101011,0.00027817900013360486
467,011010000011001011011010000011101110011111000010110011111110,00000111111000000111111100,0.0002634109998780332
468,000001011011000000111111001111110010110111100011001100001101,00000111111000110111100111,0.00029131399992365914
469,000001110101011001000000110111001000000010001001000100000111,00100111101000001110000100,0.00026409299994156754
470,010111110001000000101111110111010111011011011111101011111101,00100111111000111111111101,0.00027863000013894634
471,001010100010110100101010111000111110010001010110100010100101,00000111111000000000001000,0.00029650299984496087
472,101001100110100111110110010000010011000100111000000011111101,01010100111000100001100000,0.0002633320000313688
473,111101011001011010110100010111110101110110111011000110101111,00001111101000101111111111,0.00028035400009684963
474,101001101010000010111100001100010100001101100111010001111111,01000110101000110111100110,0.00026193899998361303
475,010010111001101011011001111111111111001000010110110011000011,00000111101000001111101111,0.0002618389999042847
476,110111001110000101110100100011000010101011111000000010101101,00010111101100111010111111,0.00026043599996228295
477,111110111100001000110111100110100000010000001111011101101011,00001011111100110111101111,0.00027399100008551613
478,000011011001000111101100011001101110001000110101001111101101,10010111101000110111101011,0.0002626799998779461
479,001101111101110111110000001111100100111011011010000000000101,11110111101000011000010000,0.00026093699989360175
480,000110100001001101110011010111111111111101101001011100101010,00010111111000001111101111,0.000273390000074869
481,010011000011111100000111100010010000110001010100001011100111,00000111101000000101101010,0.00026230899993606727
482,000011100000101110001011100101000000000000110000111100000000,01000111111000001101001011,0.0002600149998670531
483,011001001110101000001101000000011110101111011101100010010010,00000111101000110110010110,0.00026175900006819575
484,001100100111001111100001001010010101000010011111000110100101,00010100101000001111101101,0.000287535999859756
485,111100010010011010100000101111111111101010001001110111001110,00001111101000001111110101,0.0002628810000260273
486,001101100101001100110010001011111110101101101001111111100000,00000111111000000111101111,0.0002613479998672119
487,010010011100101010110010011000011001110110010111010111111100,00000111111000000111101100,0.0002616189999571361
488,111011000010101111100101000111000010100111100011101001100010,00010101101000000100100111,0.00028083400002287817
489,111100001111110010010100100100111110000111011010011111001001,00001111101000110111111111,0.00027106599986836954
490,001000000110111001100110111000001001001011000100110111110110,00010111101000000111001111,0.0002615779999359802
491,111111101111100011111000110000101000011101100001101010110011,01011010101110000101100111,0.00027647599995361816
492,111001010010110001100100110010010010000010010010010100000011,00010111101000000000101101,0.00026403200013191963
493,100110110101011101111110011010110100101101000011000100001111,00010111111000110100100011,0.000262840999994296
494,000101111011011110110010001010110001110110101110011111110010,11100100011000000111101101,0.0002607469998565648
495,100000001011001110000111001100000111010011110111101100010111,00000101101000010111110111,0.00027509300002748205
496,001110111111001010011110011110011011011001010000111010101111,00000110011000100111101110,0.0002610770000046614
497,000011001000011111101001111111001000010011110001010001011000,00010111101000001111101011,0.0002618579999307258
498,110001100000011100101010011011000110110100100010101000000011,00000111111000001000101101,0.0002735610000854649
499,000100010111110110110001000011011100001000000000011100100011,00000101101000011100100111,0.00026352200006840576
500,100101011010000001001100111001010011111101010101111101011010,00000111101000110111001011,0.00026140800014218257
501,100111110101111010001110101111001011001101100101111001110111,01100111111000101111100111,0.00026212900002065
502,000110000101001011001110100101001010000111010100000000110010,00000111111000100101000000,0.00027658600015456614
503,101010110100001000010000101011110111111010100101110010100100,00000111101000000110100001,0.0002626600000894541
504,100111001001111111001111000110001100101000110110000101110111,00000111111100100101101011,0.0002604460000839026
505,111000100100011011000001011111100110001011011001100000000110,00000111101000010000010000,0.00026253999999426014
506,101100101111111010011111001100000000101110110000111001110110,00000110111000110111001111,0.0002784299999802897
507,000110110011100100010101010110011111100010001011101111111101,00000111001000100111101101,0.00026389200002086
508,100101101001011000011010000000110110011100100010111010110011,00000111111000000101101101,0.0002957120000246505
509,110110010000101100011101110111001100011011001011110011011110,00000111101000110101111111,0.0002818059999754041
510,011110010011111111111111011011110010101100111011001110101000,00010101111000110111101011,0.0002621690000523813
511,110000111010101001010100101000110110011111111000010110100100,00000111001000100010011111,0.0002634509999097645
512,000110101011111100001011011111010101001011111010000010000011,00000111111000011000010011,0.0002606269999887445
513,111000111010100110011010101110001110111011010000010110011111,00000100011000011011111111,0.0002763359998425585
514,101000001110101001000011000001111000101100100000100100100000,00000111101000011000000001,0.00026125800013687694
515,100100001111011110011100100100011010101111011000011111101011,00000101101000101111101111,0.0002618490000259044
516,010011110010111110110000111111111101100010101100101111111101,11100100001000010111111101,0.00027465300013318483
517,100111001101001111011000101110011001010011110111111001001111,00000111101100001011111111,0.00026354099986747315
518,010100101001011110010011000101000110000100001100000101000010,00000111111000010011000111,0.0002606769999147218
519,001110111101000100101111101110110011101101111011101110100111,00000111111000110111101111,0.0002667579999524605
520,110010010111110000000111000010011010011111001111111111001100,00000111101000000111101110,0.0002766659999906551
521,111111010010110111011000100111101000100101110001100100011100,10001001101000001100001011,0.0002636219999203604
522,101000001001001000111111010100110010100101110001000001111010,00000111111000111101100000,0.0002658760001850169
523,110001000110001111100001011101011111011000110011000111010110,00010101101000011100101101,0.000276125000027605
524,000011000100001111011101100000010111110000100110100001110010,00000111101000111111101000,0.00028456099994400574
525,001111010010110110001011000100010111011110101000001101000101,10000101111000010111101111,0.00026440400006322307
526,110110111101011011101100111001001001001000010010010000110011,00010111101100110111001101,0.00026202900016869535
527,111001101000111110110111000010011011010011011111010001111111,01000111111000100101100110,0.00027643599992188683
528,011100111001000001110011001001000001001101100110100011110000,00010111111000011101000000,0.0002628400000048714
529,101101000000111100111011111011000101101000111001001001111101,00000111111000000011101011,0.0003016230000412179
530,000111011011011000010111011000001000011101000110011110011010,00000111111000101111101010,0.00028023300001223106
531,111110000011100010101010111011100100001101010010000010111010,00001011111000001101100000,0.000316150000116977
532,111011000011100101110101100101000001010101000110010110000001,00010111101000101101100111,0.00026429300010022416
533,100011111110010001110111010000000010001100101000110110000010,00110111011100101010001111,0.0003170109998791304
534,100110111010011111011000110100000100101101101110100110100000,00000100001100010011100011,0.00026465399992048333
535,100110101001100100010001011010101110111011111000011011110011,00000111101100001111111111,0.00026465399992048333
536,100001011010100011110010110101010100010111000000010011110000,00010111111000011101011011,0.00026143900004171883
537,111010001000010001110000001110000001010010011011100011000010,00010111101100010000000000,0.0002806540001074609
538,111001100011000110001000011111001000111001101111111001100000,01000100101000001111101011,0.0002618890000576357
539,100110011011110101001110001111001010011100010110101110001010,00000111111100110001101000,0.0002627399999255431
540,110011110111011110000010010110001101110100111101110101110111,11100100001000000111101101,0.0002606770001420955
541,000011000011011001001111100010011011011010000011000011110001,00000111111000110111000000,0.00027787799990619533
542,101000101100111101010100000110000001010010001000110110101011,00000111101000101111100100,0.00026104800008397433
543,001011101011101101010011000001101001001011010101110101111111,00000111111000000101101110,0.0003036069999780011
544,111001110010101110111011011100000101011101001000110101010110,11100100011000001011001110,0.0002841499999703956
545,010001001011011001011111111100100110100001000010110111010111,00000111111000101011111111,0.00026519499988353346
546,100010000100000111100111110001100100101001000010110010111101,00010111101000011101101111,0.00026141800003642857
547,011100010000100101001100010101100110010001000100011001100000,00000111101000100111001111,0.00026208899998891866
548,111011100000010101100100001111111101011011001111010110010010,00010111101000011111111110,0.00027587499994297104
549,110110011101010111101111110001110110101101100010011101010110,00010111111100100111111111,0.00026526599981480103
550,101011011101000010110011100000011101001011100011010000100110,00000111111100000100010011,0.0002603559998988203
551,011111010100111010010010111011010110011110111110011101011001,00000111111000001111111111,0.00027453200004856626
552,010101000000001001000011111110110111011100011111111111111110,00000111101000001111101111,0.000264733999983946
553,100101111001101101011110001010101011001101110000010000000000,10100111111000101010100000,0.0002650540000104229
554,010111111110110101010111110101010011111001110101100010111110,10100111011000101101100000,0.0002610169999570644
555,011011011011000010010001000010011101110000111100010010010100,00000111101000001001111010,0.00027530400006980926
556,100011110100011010111000001001101000011000100110111111101011,01100111101000000111100101,0.00026142799993067456
557,101110110011101000101000100010001011011100000010001101110100,00000011001000011101100000,0.0002621799999360519
558,010001100011011011110010100001001101010111000010000001001111,01010110111000011001011100,0.00027668600000652077
559,111110101100111000111110111010111010101111111100001100111000,00001011111100111111111111,0.00026392199993097165
560,000101111101001110101011000100010000001010001001101011100101,11100111111000011110100100,0.00029280600006131863
561,111001011111110101010101101101011000110101101011000111110010,10000111101010110111100011,0.00026465399992048333
562,110011011011100101110011000000010111000110000000100100000010,10010111111100001000010010,0.0002814160000070842
563,000010010000100001100001000111100000111001101010101111100101,00010111101000011111100011,0.0002637320001213084
564,001000100000100000100100100010110100000001111000110001100111,00000111101000000100100101,0.0003011119999882794
565,000101011011000001011001010010010111011011110011111000011110,00000111101000000100111011,0.0002929870001935342
566,101100101011000000001000001010100010010110011100101111110001,00000111101000011011001100,0.0002657059999364719
567,010110000001111111101011001000111101100000110110110100010110,00010111111000010010001110,0.0003007210000305349
568,110100011001001101111101001110001110010100101000110010010011,00010111101000111011110111,0.0002660370000739931
569,011010101000110111110101100001111111100101100100001110111010,00010111101000100111111111,0.0002830989999438316
570,110101101000110110011000110110000011101101000110111001101100,01000111101000000111101111,0.00026314199999433185
571,010110101101000010000100100101000001011010111110000101101101,00000111101000010111101101,0.0002632309999626159
572,010010110111111010001111101110110010101010001100111101011110,00000110011000111111101111,0.000274292000085552
573,110000010100111000111010111010101110111110111010001111001100,00000111111000001110111111,0.00026645699995242467
574,101110011100001101001010010111101001101011010100101001001100,00000011111100001111111011,0.00026152800001000287
575,110100110001001010000011101011000000100000111111101111111110,00000111101000011111101011,0.00026407300015307555
576,010110100001011000000000101110100110101011101011110011010110,00000111101000011111110101,0.00027936199990108435
577,001011101000010110010101101101111111100001010101111110011100,01000111101000100111101111,0.00026785000000018044
578,111001101000010110101100010010100111110111000111010110111011,01000111101000111101111110,0.00026215000002594024
579,110111001011101110100001100011001110000111111110010010101010,00000101101100011101111111,0.00027502400007506367
580,010110000011100110001010110101000010111011111101001000010000,00000101111000001010010000,0.0002621099999942089
581,101110100110000001110010000001100111101110000111100010010011,00010011111000001000000000,0.0002624000001105742
582,010000110111101000111010011011010000010111111001011111000101,00000111011000011110101111,0.0002611780000734143
583,100111011111100111000111100010100100101101010101000000000011,10000101101100000000000000,0.00028999100004512
584,110100010110111101001111101110111100011011110011000100001101,00000111111000101100110010,0.00026564599988887494
585,110010100110110000001011110111010010001110000001101010000011,00000111111000010100000100,0.00027652600010696915
586,010100110000111110101001001011100001000100110001011010000011,00000111101000011111101111,0.00028449100000216276
587,011111100000001111010000101111001101111001111110110110111101,01000111101000001111111111,0.000265376000015749
588,010010001110010111111010100000111001110011100000110111010111,00010101111000001001100111,0.0002627300000312971
589,010000101010101111100100111101000001000001010101111100100100,00010100101000011111101011,0.00026320100005250424
590,011000001101101111101100001010111101110000011011101001000110,00010111101000110001101111,0.0002766269999483484
591,010100001101110010100000011011001111010111001000110011000101,00000111101000010111111111,0.00026374200001555437
592,100111001011001111110001100100011101000101000010111011000010,00010101101100010011111111,0.00026374200001555437
593,111110001000001001001100011010101001001000010011100011001111,00001011101100110101001001,0.00027605499985838833
594,010100001101100010101101010001100001111100010110001111111011,00000111101000101111101000,0.0002694730001167045
595,111101001101110000001001010100101001111101110001011011010010,00001111101010010111111111,0.00026750899996841326
596,111000001010101001010001111111011010110111111010001011010001,00000111101000011010101111,0.00026453400005266303
597,011110010011010111001010001111100111000001101010101110100101,00000101111000011111111111,0.00027747800004362944
598,100111101011101100010111000001101101001101011101010111111101,00000111111100101111111111,0.00026611600014803116
599,001001011101010011001001100100011111010100110110101101001001,00000111101000010011101111,0.0002635420000842714
600,111001001100100111110110111000101011001001010000011111110100,00010111111000110111001011,0.0002614679999624059
601,100110100101010001100001111111010100101110101011110001101101,00010111101000001111101111,0.0002637729999150906
602,011001011010111001110001011100110001101110101100001100001001,00010111101000001110101101,0.0002606760001526709
603,010101100101000010100100010100011011000000111100001111100010,01000111101000001111001011,0.0002635719999943831
604,100111100100000011111101111000110101101110101000001011110010,01010111101000100111000111,0.00027747800004362944
605,011111100100100111011000111100110110001000110100111000001100,01000111101000001011101111,0.0002641730000050302
606,101100111101010100000001110111111000001001010100111100100100,00000111101000011101101011,0.00026168800013692817
607,001011110111111000100011100100111001110111101001000011101111,00100111001000000101100000,0.0002628400000048714
608,110101001110001100100110111010111110100000000101101010111101,00000111101000010111101111,0.0002729000000272208
609,011000011101001111101001010101000100101111111010111100001101,00010111101000001111111111,0.00026253999999426014
610,011000100111111110010010111000010110111110101001001111100101,00000100111000001111111111,0.0002606660000310512
611,010010111110010111000101000101101101000101011010111110111010,00000100001000011111111110,0.0002769569998690713
612,010110100000000101110000110111000101011011110001101101000000,00010111101000010101111111,0.0002619689998937247
613,010110101111011111111010000010011111010010001111111001110111,00010100111000011111111111,0.0002631319998727122
614,100011111001001000100011010110100101011010110011110110100111,00100111101100010101111111,0.00026049600000987994
615,011101111111000111101010111111101000011111001111000000101110,11110100011000000100100000,0.00027311000008012343
616,101111010011011010000001100101110100010111101011001100111011,00000011101000001111111110,0.0002664780001850886
617,110011101010000100011010111001101110011101011010101110010111,00000111111100001110111111,0.0002631109998674219
618,010101010001110000110100110100101001010010010011010110011110,00000111101000110101101101,0.0002726489999531623
619,111111101100111010100100111001111100001001010110011001001111,01001011101100011110111111,0.00026274100014234136
620,001011100011100010101110111001001110011101000101011110000110,01000110111000111111101011,0.00026043599996228295
621,011101010101010010011000011000100111111011000101001111001111,00000111101000010111111111,0.00026326200008952583
622,110010100011010101011101101101011110111100010111000010110101,00000111101000111001001000,0.0002907220000452071
623,101101111001001010111100010001011001101011011010010100100100,01100111101000100110101110,0.00026447300001564145
624,010001101000101111111011111011000111101110101110000010001101,01010111111000001011110100,0.0002605670001685212
625,010000001000111000100001000110101101010011010011011001001100,00000111101000011011111111,0.00026232000004711153
626,100100101000100111010001101111001010010101001010000000110101,00000111101000011001000000,0.0002748330000486021
627,001111100001001000001011001011110011111001011011011110110110,00000111111000000111101011,0.0002647139999680803
628,011000010000101000011110000110000100100100011011000101000000,00000111111000100110101100,0.0002600750001420238
629,101011110101000011101010110110101000001100111100100111110101,01110111111000001011001001,0.00027480200014906586
630,101100011101011010010100010100111111000101100111110110010001,00000111101000111101101111,0.00026237999986733485
631,101010000001000010001111110000110101010011010100111111010000,00000111111000110001001111,0.0002617879999888828
632,110001110010100111100111110001110101100010011000101111100001,11110100001000001010011100,0.00026015499997811276
633,011111100101101100110100110100100011110100110110011011010010,00000111101000100011101011,0.00027414200008024636
634,100110101001000001100000001111010011010101001011000110110010,00010111101100011111100010,0.00026093699989360175
635,010010110110101010100111101101011100010000010000000011010011,00000110001000010000001100,0.00026232999994135753
636,110000000001011010001011010000100100010100011100011100000101,00000111111000011111001111,0.00027149600009579444
637,110111101100101100100000100111011101011101000101111010000010,00000111101100001101110011,0.0002628400000048714
638,011000100010011010010010000110010010111011110011011001011000,00000110111000011111101111,0.00026061599987770023
639,100110011001111111011100110101111100001110000010101011001111,00000111101100110101000111,0.00026219999995191756
640,110000100111111101110110101110111000011000001101001101001010,00010111111000110111000000,0.0002727989999584679
641,110111110000000111001110111111110110000001011101101110011111,11100111111000101111101111,0.0002631820000260632
642,001101011111101010101001010111111110000101101001110111100110,00000111101000000111101011,0.00026042600006803696
643,110111110101110010011111011101101111111111001100101001011001,01100111111000111011011111,0.00026231000015286554
644,111010110011001111010100110110111101101100101101010100101110,00000100001000111111101101,0.000274292000085552
645,100010000010001100101100011000111000001011110000000111110010,00000111101000111101001111,0.00026248999984090915
646,011101101101100001100100101011001101101011101001101111100101,00010111101000010111111111,0.0002611979998619063
647,101110101100000101001000100100111011011000100000111110001000,00000011101100011111001111,0.00028384899997035973
648,110011101000010100100001010000100100111110010101011000011001,00000111101100010101011111,0.00026226999989376054
649,000110011011111011110111010011101110111001100101010011110011,00010111111000100111101111,0.00026602699995237344
650,110111011010110010010011011101010101001101001010111001110011,00000111111100001111111111,0.00026114700017387804
651,010100110011000111011111011101110000010100001010110011100001,00000100011000110111001110,0.0002752440000222123
652,111100001100010000110010010100111010111011011101001011000001,00001111111000011111110001,0.00026515499985180213
653,110011011010010000111110000110011010110110111010011001001111,00000111111100100111100110,0.000262840999994296
654,000010011111001011010010101100010101100010110011101000100101,00000111111000001010101111,0.0002720180000324035
655,000011011011000110111010001000101101010010010100100111011011,10000101111000010001001110,0.0002629609998621163
656,001111101010110011100000010000001001001010010111110101001111,01010110101000000101101100,0.00026834100003725325
657,101010100000010001110110100010110011001100101010111010100101,00010111111000101110100101,0.00026243000002068584
658,100000010111101001111101000000111101110010010101001101011100,00010111101000101101101101,0.00027293900006952754
659,100100111011110001010011110010111100111111001111011101111100,00000111011000011111111111,0.00026286000002073706
660,010011101001100010100001001111011000111110101010101010100001,01000111101000010111100101,0.0002605160000257456
661,111010100000111111100001110110010011001000111100101001001001,00010111101000000011001001,0.00026212900002065
662,001100111011110110101111001001101111100101100000110000111110,00000100011000111111100010,0.00026049600000987994
663,001111110111011110010011000111000011000011110010011101101111,11100100011000001111101111,0.0002628300001106254
664,000101101001000110111101000000001100011110110101010101010011,01000111101000101101011111,0.00026125699992007867
665,010011100101101011110010101111001100100011011011110110000100,01010111111000001111111111,0.0002742819999639323
666,011110101110000000111110010010010001011001011100111000101010,00000111111000110100101011,0.00026180899999417306
667,011100111101111010100110110110101001000001100110111110111100,00000111101000001111101011,0.0002627200001370511
668,101010000111111111111001110010110000011001101011010010100101,00010101101000000000101111,0.00025999500007856113
669,000101010011010011010100111100111010111000001111010111110110,00000111101000111111101001,0.00027415199997449236
670,000101111100001100011101000111001011010001101000010001001101,10100111101000111111100110,0.0002617279999412858
671,111101010010100010010101101110011010011001101011111010000001,00001111101000111111100111,0.0002631209999890416
672,010111001111101100100000100100111011010011101100000011111010,00000111101000010111100000,0.00027226799988966377
673,011000110010011010001010001111100100100111101010101011100101,00000110011000010111110111,0.0002627999999731401
674,011010011001000111000100100101111110100110010000001111011111,00000111101000001110111110,0.00026103699997293006
675,001100000111101000101010110010000101010111000100111101011000,00000111111000010011101111,0.0002631809998092649
676,100100001010010010111101000011110000010100111110000011100000,00000111101000110000000000,0.0002741820001119777
677,011111000000001010100011001001001011010100010000010100100000,00000111101000001111001010,0.0002631510001265269
678,010000100111001011010011001010001001010100111010010100000110,00000110111000000011101011,0.00026374200001555437
679,001011001111000010111000100010101110011001110001111110000000,00000111101000001110101111,0.0002686519999315351
680,000110010011011001111011010010111100001100011011110110101110,00010111111000000110101011,0.00029241600009299873
681,011110000011110111010101000011001111000101101010001011000101,00000101101000100111111101,0.0002663880000000063
682,100011011100101011001000100011100011111111111010110010011001,00000111101100001100111111,0.00026340200020058546
683,000110100110000110001000100110000010011110000101010111111010,00000100101000011111100101,0.00028084400014449784
684,101110100111111101010010010100001111010010011001101010010010,00000011111000011110001110,0.0002622199999677832
685,010110100000101001101010001110010111011011111100011011010010,00010111111000001111111101,0.0002625600000101258
686,000111011100100011100101011010100100001000011000010011111010,00010111101000010111101011,0.0002753539999957866
687,100010010011001000001101000101110011010110010001100010100001,00000111101000111000000000,0.00026275999994140875
688,011101010000101100110001100111001000111000010111110011010011,10000111101000001101100111,0.00026177899985668773
689,101010010111101101100111011011111101101001110010101110011100,00010111101000000100101011,0.00030391699988285836
690,010101000110010001011001011100101010000010011101001111111110,00000111101000001111101101,0.00028099500013922807
691,000101101110100100110101001110011111001001111111101010101000,00000111101000101111100111,0.0002673789999789733
692,111100110101001011110010010000011000001111001011110001011101,00011111111000011000001100,0.00026166899988311343
693,010010011111110001110101111100011100110011110011111101100100,00010111101000110111111111,0.00027614599980552157
694,101011111010101111011001110110110001100100011001111011000001,11100100001100011111111111,0.00026285100011591567
695,111110011010111101001000000101110111111101011101110001100000,00001011101100001101011111,0.0003613639999002771
696,010000010110111110000000101010111101110011000011100011111101,00000101101000000001111100,0.00026545500008978706
697,010110000101001100111111000011101110000101011011010100111001,00000111111000111101111111,0.0002810639998642728
698,011010101011111000101001101010000111101100110000010110010000,00000111101000000111101111,0.00026176799997301714
699,100010011111011111100010001011100110010001111011110111000101,00010101101100001110111111,0.0002642130000367615
700,111000011001101100111110000111010010000000110011010111110010,00000111111000101101101001,0.0002735199998369353
701,101111000000001000010001101110010100011000111110010101101100,00000011101000000011101011,0.00026313100011066126
702,100001001100010111111111100011111000111100001100100100100001,00010111111000110011000000,0.0002632919999996375
703,111111011010010010000100101000010100010110011110000101000111,00001011101100010011111111,0.00026298099987798196
704,010010110100010111111011011110110101111110101100001001010101,00010111111000011101111110,0.00027221899995311105
705,010000111011001100101001001110000100101010110110110110111001,00000111001000000111111111,0.0002624900000682828
706,100111100010110010100111010110000100111010101111110011110100,01000110101000001001101011,0.0002656159999787633
707,110100101111010011110111111000001101001100110101001010111110,00010110111000110101111001,0.0006094170000778831
708,100000110000111000110011011100011111000000011011100011110111,00000111111000000101000000,0.0002761749999535823
709,000011101000100000001010110000010001000111001101001001001010,00000111111000010101001110,0.0002723689999584167
710,101010111100000111100110010011110001010101110001011100010111,00010111101100011100101101,0.0002955820000352105
711,111000101101000011001101110011110110001000101011100010011011,00000111101000110000000000,0.0002846810000391997
712,101110111111000110000010111001000000111100101111111011111011,00000000001100000111101101,0.0002688219999527064
713,110111000000111111001110111101011011001011000100111110000001,00000111111000111111001111,0.0002782799999749841
714,011000011110101010101011110111010101111101001100100100010111,00000111111000011110111100,0.0002670589999524964
715,100111111100100010100011000110001001111001011010101001000011,01100111101100001101101111,0.00026304199991500354
716,000010110110011001001110101001001010101001101110100011100101,00000111011000100110100000,0.00026392299992039625
717,100100000110110010101100111101001011100111000101101011110011,00000111101000101101000110,0.00027714699990610825
718,011111011110000100100010000110010100100010000010100111001001,10000111101000010000110111,0.00026585600016915123
719,000000000001001010100100110110111111011101010001001001001001,00000111101000010111101011,0.00026247999994666316
720,110101010011111001000110000000001000101010100110011000111100,00000111101000010101100101,0.0002779589999590826
721,010110001101010011001001111100110000001010111111110010111010,00000111101000011111101011,0.0002620090001528297
722,010010110001110100111101011110001101100011100101010010101000,00000111101000101011111110,0.00026321099994675023
723,011001000010111111011111010010100000011011100011001100010001,00000101111000101001100111,0.00026136800011045125
724,001001101000010100011000111011011101010101101010110001010010,00000111101000010111101011,0.00027896100004909385
725,001010101010010110110110001010000101011010101010010000001000,00000100111000100010100000,0.00048525600004722946
726,010001101101101100111010111100010001010011110111001001001000,00000111111000010111101111,0.0003022949999831326
727,011000011010001010011011000100001110101000101111101100010000,00000111111000010011101111,0.00027309999995850376
728,101001111101001010101000110001011100001110011111001011001110,01100111101000011000000111,0.0002690819999315863
729,010010000111111111010101110010000100010000000001010011110110,00000101101000101101101111,0.0002694329998575995
730,011111010110100011010011001001111001111001110000011101110010,00000111111000000111101011,0.00028331900011835387
731,100111011110001000010110011010001110100011110101110011011100,00000111111100101010111111,0.000266366999994716
732,100111001110011000010010100111001000110001110001011101011000,00000111111100010101101111,0.000268981999852258
733,010011111100101110011001010111010100111010101110101111001011,11100111101000001111111111,0.00027835900004902214
734,001101100001101101011111100011011001100011110011110111110010,00000111111000100101101111,0.00026696800000536314
735,111101100011011111100011010101010101100010111010010111011010,01011100101000010111111111,0.00026919299989458523
736,101110011101011010010110010010000111010111110000110011111010,00000011111100101111111111,0.0002670480000688258
737,110111011100100001001011101100110000101001011110000111000110,00000111111100000111111111,0.000278539999953864
738,110010000000111110111100010110100001011110110110111100100110,00000111101000100101101101,0.00026817100001608196
739,001010100000111010110001000000000010111110101000100111000010,00000111101000010110100101,0.000267269000005399
740,010111000001110010100011011100110100010001010110110110000100,00000111101000000011111111,0.0002802730000439624
741,101001001101011011111101001011100010000011110100110101000011,00010111101000110111101111,0.00027155600014339143
742,100010011000011110011100101010100001010001110001001101101011,00000111101100100100101011,0.0003480589998616779
743,101100100000010101100010010110100011100000000001111111000011,00010111101000000101101100,0.0005078780000076222
744,010111000110100110100101011100010110010110111011101101000100,00000101101000010111111111,0.00046479699994961265
745,101100000010110010011100011101000001000000001111001011011001,00000111101000100111100000,0.0002732499999638094
746,100101111101111000101111101100100100111010000001010010000010,00100111111000110011000011,0.0002983669999139238
747,001011111110100100011100001011100110010111101011110011001111,10100111001000101110111110,0.00026717900004769035
748,000111011010111011110001001101111111101000011111001111110101,00010111101000010111101111,0.00027000399995813495
749,101110000100100101000111010111010111111011010110000000100111,00000011101000000100010000,0.00029367799993451627
750,010110001110110101000001100010110110111100111000000111010100,00000111101000010110111111,0.0002669190000688104
751,001011011010111001010001010001100011101110100111100000001000,00000111101000000000000000,0.0002674289999049506
752,010001110110100111110100101111010010001101011100011110010110,11110100001000101111101011,0.0002936079999926733
753,011010011001011111011000111000110001100101001100001010111101,00000111101000010101101010,0.00026762900006360724
754,111001101101001000101010111100111100000011001011000001010001,00000111111010010000010110,0.00026674700006878993
755,110100011110110001001010010100001000101011100111011001000011,00000111111000010111111101,0.0002645040001425514
756,001001001110011010101100011011101111000000100001111010110111,00000111101000101111101111,0.00029286599988154194
757,110111100001111010101010101010011111000001001000011001100010,01000111111000011110100111,0.0002718680000270979
758,100001001101001101001001001110110001101100010110011101001011,00000111101000000011101110,0.00037623200000780344
759,001101100010011110101011001010110011101100001101101100101000,01000100111000011011101000,0.0002981370000725292
760,011111111000110011101101010100101111111010101011010011000000,01110111101000111111111111,0.00026662699997359596
761,110101101110110011011011010010110111011011011001011101010010,01000110111000010111111111,0.00026922200004264596
762,100111011101011101010110011111001111000110101001101010010000,10000111111100101111011101,0.00028958000007150986
763,001000001000111100111001001111111110100001110001000100001011,00000111101000001110101001,0.00026999400006388896
764,100101011001001000001010000110000000110011101111000111010101,00000111111000001111100111,0.00026608600001054583
765,000100001101100001101010001100001110100111001110000011111100,00010111111000011011110011,0.00026258999992023746
766,110101000001110011000000100010000101111001010011000001011110,00000111101000000000011101,0.00028095400011807214
767,001110000111011110001011011101101011111111111110101101111100,00000101111000010111111111,0.00026303000004190835
768,101011101011111001110100101010110000010000001110110101111010,00010111101100111111100001,0.0002701439998418209
769,011101001101101100110000001110000110010001011101100111011110,00000111101000010111011111,0.0002762660001280892
770,001001001110110110110100011110110101100100101111011010010111,00000101101000100011101111,0.000263733000110733
771,010011000001000111011011011001110011000000011000010010101001,00000111111000001110101110,0.000267199000063556
772,110010000000001110101011110010100010010100000111010001101010,00000111111000011100101011,0.00026354199985689775
773,001001000010111110001100100000101111101000010000111100011111,00000101101000110111101101,0.0002803830000175367
774,101110011110011101011101111111101101011110001001100000111100,00000011101100110001100000,0.00026613599993652315
775,111010110010010001001100010011011010010001100100010111010001,00000111001000110101101111,0.0002684309999949619
776,100100010010100110011010011010010001010000100100010010111001,00000101111000001011101100,0.00027942199994868133
777,000011100010010111001101000011101110000111001110000010111000,01000100101000111011100000,0.00026254099998368474
778,001111101011011010000000010101000000001001010111010001111111,01000110101000011101101100,0.00026827100009541027
779,001011100110110010111110011101110111001001110111011010100110,01000110111000101111001100,0.0003503539999201166
780,001001110100011010010101010011101111111110110010101111110111,01100111101000101111101111,0.0002841299999545299
781,010001011110000111001100100001101011101000010000111101010001,10000101101000100111101101,0.0002699239998946723
782,110100100010000101011101101001011011100001111001000011100100,00000111101000100000000000,0.0002631810000366386
783,101001000000000100100000101001111000110010000101101101100010,00000111101000001101000100,0.0004621130001396523
784,011111100100011011110010101001000111110000001000000111111001,01010111111000011011101101,0.0004883919998519559
785,010001100111110100110011011111111111001010101001000111111011,00000111111000011111110101,0.0004961959998581733
786,111110000001011111000001100111001111100000001100111001000101,00001011101000001111100111,0.0005363410000427393
787,000101000111100101101100100000110000110001111011000100111000,00010111101000111111101011,0.0005766860001585883
788,100011010101011000111010001110110111101110101110011110100000,00000111111000010011100101,0.0005298390001371445
789,110011111001111010001000011010110110001011100000011010010101,01100111101100010110111111,0.00030419799986702856
790,001011110110100101001101101011000100001110111010110011011001,10100111001000110110100111,0.0002726289999372966
791,111101100000111100100010010001010001110001010111110001111111,00001111101000011101101100,0.00026825099985217093
792,011100010001001001111110100101111011010100111100111101001010,00010111111000100111001011,0.000288307999880999
793,110110000001010000100001001100011110001110010101000011101100,00000111101000011000110101,0.00026891199991041503
794,001100010110110111000111101001010110100010010001101111111111,00000101101000011111101101,0.00026535599999988335
795,110010000111110100010011101111011111001001001001110111110011,00000111111000001111100111,0.00027476299987938546
796,000011111100101000000100101010000001111110111111111100101110,00100111101000010111101111,0.0004203940000024886
797,010010000111110000011000101001001110001011110010010101101110,00000111101000001110111111,0.000516253999876426
798,011110001111010010011000001010001010011001000010101101100111,00000111101000011111100010,0.000539868000032584
799,000001011001011011000010110110110101110111100111101000001110,00000111101000000011111001,0.0005638119998820912
800,100001101110110000101111101111000000111001111111111000111000,00000111111000100111101011,0.0005247890001101041
801,000011101000111010111100101100111100001000011110101100000011,01000111101000100111101010,0.0005140000000665168
802,010101010110001010110100011100010101100110001111111010001111,00000111101000101011111101,0.00047083799995562003
803,000101101010100000111011010110001010110111011011001010100110,00000111111000010111100111,0.0005444259998057532
804,110101011011110110111001111000011101000001001101111001011010,10000101101000000111011111,0.0005514889999176376
805,010001100010111000111111000001110010110000011101011100101000,00000111111000101101101011,0.0005709659999411087
806,110001001000110110000101001011000001011111011001111001011111,00000111101000000110101110,0.0005550660000608332
807,011100001101110100001011111010101111110100111010001001000011,00000111111000010011111111,0.0005674989999988611
808,110101000000011001100000001100100110001101111110100011001110,00010111101000011000010101,0.0005313420001584745
809,011011001110101011110110100011101111111010111111000110001001,00010111111000111111111111,0.0005208120001043426
810,111010110010101000100001100100111011101000011010011100011101,00000111001000000111101111,0.0005543949998809694
811,111010101011111101001101000111100101010110010101101110011000,00000111101100111101011111,0.0005849919998581754
812,110110110110011100010100010110110110111010101011001001101000,00000111001000110110111111,0.000505773999975645
813,010111110000101100010000011001000101101001010110101001110010,10100111101000011111101111,0.0005592939999132795
814,101100111010100101101010011000011110011010010000101101110010,00010111011000000101011111,0.0005637120000301366
815,111101111111001100111111000000000011010011011111010010110001,10101111011011111001000110,0.0005320929999470536
816,010010101110101101111000000000000110001000011010010010011101,00010111101000001010000100,0.0005069869998806098
817,010110111100010001100010111100010001101000011110111010001110,00010111101000010011101001,0.0005355089999738993
818,001010111100011110000000101101110101000100111111000100011011,00000111101000001110101011,0.0005505169999651116
819,101110001111000001110111011010001110001101000010010101010100,00010011111100110011111111,0.0005259319998458523
820,011101011000111011001101010100111010110110000001110100100010,00000111101000100111101110,0.0005514689999017719
821,101010011000100100110101011110101010001000000011111100000101,00000111101100111111101110,0.0005811240000639373
822,011001100110000100011101110011101011000001011010111111001001,00000111101000111111101111,0.0005351290001271991
823,011011000011001110011001001001010010110110100011110111111111,00000101101000000111100111,0.0005526209999970888
824,011000000010010011010110101111010011010100111010011010001101,00000111111000101111100111,0.0005534629999601748
825,010000110000010000110000100000010001000011010111100101001110,00000111101000000101101110,0.00052483000013126
826,111111100100101101000000001000100011000101110110010000110101,00001011101000001011000100,0.0005640029999085527
827,010101010000010111000110011101010101011001111111000000001100,10000111101000010000010000,0.0005284159999519034
828,100001100010110001000011001111001010111100001110100110000000,00000111101000000011100000,0.0005136889999448613
829,001010100111111011010001100110010100000011101010111110010100,00000110101000011111100111,0.0005391260001488263
830,110011101110111000101000101101000001011101001011011011001111,00000111101100000111000111,0.0005072660001133045
831,110111111011000001000101110101101110100011010100101001100000,00100111001100011111111111,0.0005911929999911081
832,000001000111100101110011100100101101000110101101011101110110,00010111111000011111101111,0.0005242980000730313
833,101110100110110101110110110111000001011010000110001011011101,00010011111000111101100100,0.0005510680000497814
834,100101000001111110000111101100100111101010000110111000000111,00000111101000010111100111,0.0003419580000354472
835,100011101110011011100000110001010001101000010001111111111001,01010110101100000101101111,0.00031049900007928954
836,011010111111111111100101011010110010100111010111111110100001,00010100001000000111101111,0.0002694729998893308
837,011101111001011110001011101101000010001011101110010101100110,11100111111000010111100111,0.0002794310000808764
838,011001111011101010000010000000010011111110100000000011101011,01100110001000011111100000,0.000284791000012774
839,100111110100100111110011011001011111011110001000110000000001,11110111111000000110001110,0.0002720780000800005
840,001001101101100100111100000010101110011111100000001101110011,00000111101000111111011111,0.00029363799990278494
841,001111001000001100001010011011011011111110000111000010111101,00000111111000001101100000,0.0002858529999230086
842,111000001110100110010011000001001011110110011001100100000100,00000101111000011110001100,0.00026889099990512477
843,000000100000110011101000110111001001110111100100100100110100,00010111101000001001100111,0.000267329000052996
844,101010111111111111010100000011011100100000100110000110011011,00000100001100100001100011,0.00026453399982528936
845,111110000010010110001010011001110011111100000010111110000011,00001001111000011110101100,0.0002789409998058545
846,010001111001100100011010111001000010111101010110111000000111,10100111111000001110101111,0.00026685800003178883
847,101001100100101010111101111100010110000101110110010100010110,01000111101000100011101011,0.0002612480000152573
848,101000011011000010001010111110101000000000001010000001001101,00000111111000010000000000,0.00027825899996969383
849,101111101101001111100110000001110110011101011011111111111111,01010011101100011111111111,0.0002665980000529089
850,000110100010001110011111010111010010000001100001111000101001,00000100111000101111101111,0.0002601150001737551
851,000110110111011100101110101101010110101010000011110001010011,00000111011000111111100101,0.0002642730000843585
852,001000000010100110010101101111110000110110111000100111100111,00000101101000100110101101,0.00027242900000601367
853,010100011011101111100101101111010100101010100111000100010011,00010101101000010001010010,0.0002649539999310946
854,011000010010000101001110001000001000001101101110101001000010,00000111111000100111100011,0.0002628909999202733
855,001001011010110101011101000011100101010011100000010101010011,10000111101000101101111111,0.0002605159997983719
856,011011110111101110110011101101000011101101101111100110110100,11100100011000011111100011,0.00027741799999603245
857,100010110111011010100011000001000001000100111000010001000001,00000110001000001100000110,0.00025971500008381554
858,011011001000010011000101010110110100101000110011100101001110,00000111101000000100101111,0.000297745999887411
859,101000111010011101101110111001000010010100100101011110010101,00010111011000101111101101,0.0002865249998649233
860,001100011001110100111101000110000000100011001111001110101101,00000111101000110111101110,0.00026305099981982494
861,001110011000001110000011011100011010110001100011100100110111,00000111101000000111000011,0.00027215899990551407
862,110001111101100100110000100010110001100001110100111011110010,10100111101000000101101011,0.00029638299997714057
863,111110011111110101001001111101001101001111110110000111011000,00001011101100010001111111,0.0002679499998521351
864,110110101010000101100010100110111000100110100000000010011110,00010111101100001000000000,0.00026490400000511727
865,101000011101101100100110010111101100000001010000111100100000,00000111101000001101101100,0.00047137000001384877
866,100101111111101011001000011110111100000010001011100010100001,01100110001000010000000000,0.000522295000109807
867,001000111100001000000011001001111110001010010000100110111111,00000111101000000111101110,0.0005510180001238041
868,111010011000110111001011000001111111111110100110010101000010,00000111111100011101111111,0.0005485740000494843
869,011110001111010010011100100011100110000000101011101010100110,00000111101000101111011001,0.0005618489999505982
870,111100110101001111101110001110011111000000100000100000000010,00011111111000111000000000,0.0004966270000750228
871,111101000111100011011101100000110000101011110101111110001000,00001111101010100101001111,0.0005549749998863263
872,011100111000111100111010101001001100011011100100101010101011,00000111111000001101111111,0.0005768670000634302
873,000100101011001101011011101011010111011000010011011100011010,00000111111000000111101111,0.000560855999992782
874,101011111011011111110101101000111010101111011010010000000010,11110100001100100010010011,0.0005692530000942497
875,100000001111011101000000110110010011110110110110010111110010,00000111101000010101101101,0.0004985810001016944
876,100001010011101100001100110010101110110111101010101000000001,10000111101000110010101111,0.0005545750000237604
877,011011110000000001001000001001101010001100000011101000100000,00100111101000001011000000,0.0005294379998304066
878,110011111100100111100110001110011000010001101111111011000100,11110111101100010111101011,0.0005753139998887491
879,100010111110010001101010010111010100010001111111110100111110,00010111011100011111101001,0.0005451380000067729
880,101110000100000010101100000001100010001010111000010001000100,00000011101000100100000000,0.0005034399998748995
881,111100001011101111110010001101011100001011000001011001010000,00011101111000010111111111,0.0005414909999217343
882,101011001111101110110101111101011101110001101010000000110001,00000101101100101001000000,0.0004960659998687333
883,011010000100000011111111101101111011011111001001100110010011,00010111111000100111000110,0.0005728399999043177
884,000000010101110001001000110110100100010001000000011111100001,00000111101000011001101111,0.0005504380001184472
885,010011001110101101100011101010111101000110110011100010000101,00010111101000011000010100,0.0005264229998829251
886,111100011011111001110011010011011100101000111001011110001110,00011111111000001111111111,0.000579931999936889
887,111010001100001001110100111010101011001010011100111001101111,00010111101100101111111111,0.0004960359999586217
888,011011011001111000111111111010110111100111001110110011011001,00000111111000111011111111,0.00043059400013589766
889,010001110011101110001110000010011100011110111000000000001110,11100100011000111000010000,0.0002690930000426306
890,101110101111001010000010101101011101010000001001111100111011,00000010101100000111101111,0.0002652550001585041
891,010000001011100110001101011110010011001101110000011010110001,00000101101000100111101111,0.00026717800005826575
892,111011110110000001010010100000011111000011110111100001110100,00100111011000011001010100,0.00027994300012323947
893,111000101011100101011001110010011010011001100010010101010000,00000111101000000000101011,0.00026823100006367895
894,011111100011010001000011000100010100111111100101111111111001,00000111101000011111111111,0.00026635700010047003
895,110000101111000011010001101000111100010101010001110010111100,00000110101000001011111011,0.00027310999985274975
896,111011111011000110110011100110110011100110110010010101000100,11100100011100001111111111,0.0002705249999053194
897,110100101001110110101001100000100100111000000101110010001100,00000111101000011100000011,0.00026171899980909075
898,011001010111100000011101010010110111101010100011010100111111,00000111101000111111111111,0.00026745900004243595
899,000011100001110101011110011110000010110100101111001010110110,00000111111000101111101001,0.00028804799990211905
900,001010001111000110010111100000001000100001011010000110011110,00000101111000110010101010,0.00026114799993592896
901,111101100111100111011100010111001000011010111011001011111100,01001100101010110011101101,0.00026921200014839997
902,111011010001110001111010000111011111100100110111100100101010,00010111111000011101101101,0.000269934000016292
903,000011111111000100011100110100101101100110011010100110110001,10100111001000111011101110,0.0002705950000745361
904,010000111000001011000111010010001110101100110110001111011100,00000111101000000111111111,0.00026546499998403306
905,000110101010100101101000101101011111001110111011001111111001,00010111101000001111111111,0.00026125799990950327
906,110000100010010111001010010101101110001111111110101000000001,00000100111000010011111011,0.0002816059998167475
907,000010011010000011011100000000001011110101100000011100100000,00000111101000110011100011,0.00026115799983017496
908,000011010101110111010000110000011000000010000111000110001110,10000111101000001101100100,0.0002682209999420593
909,101101101111100000000110001010010001010110001011101111011101,00000111101000010111100100,0.00026358200011600275
910,001011000100001000110011010100011011101011010100110011101000,00000111111000010111101010,0.00027464300001156516
911,110000100000110000010010101101100010101010110100111111100001,00000111111000011111001101,0.00026916199999504897
912,000100110101001010101000000111110000010110110001110010110000,00000111101000010101100000,0.00026199900003121
913,101010011010000010110001100110011010001000010110010000110111,00000111101100000101100111,0.0002776779999749124
914,100100011001010101111011000110110110001011010111100100100000,00010111111000010101111101,0.00026683800001592317
915,000000010111110010111001011111000001001010100101101110111010,00000111101000001111100101,0.00026088699996762443
916,000000010110011001111011000000011010100101101110000101001100,00010111111000010011100011,0.0002652249997936451
917,011100100111101010111001100011101010001111111101011001011010,00000110101000001111110011,0.0002886689999286318
918,100011001001001010000001111111101110100100100110001111010110,00000111101100011101100011,0.0002676000001429202
919,011010110011000100111000011110111100110011101011010101000100,00000111001000011111111111,0.00026323200017941417
920,001101100001010111010011011110011110010110010110111101101010,01000111111000010111101111,0.00027472299984765414
921,100111010100000011000101110011011100000000111101101111101110,00000111101000011111101011,0.00026640700002644735
922,100000100010111111101011010111000111101111001101000001111100,00010100111000011001100000,0.00026170800015279383
923,000001100000110001001110000011010001111011011110111001011100,00000111111000110101100111,0.00026528500006861577
924,001001010011100100010011010001110111000011010110101010011000,10000111111000011001100111,0.00027603499984252267
925,010100111001000001110001100100011111110010101101000100010111,00010111101000010100111010,0.00026138699990951864
926,011001000111010101011110001000100000000001011001010100101011,00000111111000100110101110,0.00026607700010572444
927,001010111100100110111110001110000100101111110010000001001011,00000111111000111100110010,0.000271576999921308
928,111110111101010111101001011010000011100010000001110101010100,00011011101100001111111111,0.0002694929999051965
929,100010001101010110000001111100110001001001110010110101001000,00000111101100010011101011,0.0002640630000314559
930,101100001110101011100001000111111111010000101100010011010010,00010111101000010101101011,0.0002612880000469886
931,011100111010000101111100010100000010101110110111011101010010,00010111001000100111101111,0.0002816950000124052
932,001001100111101101010101110101011100010111101000101111101110,00000111101000110110101111,0.00026110699991477304
933,101011001100010011110101001110010110011100101101110110001101,00010111101100110111101111,0.000265445999957592
934,001111100110000010101100011100110100011101101010011001110101,01000110101000111111001101,0.00026816100012183597
935,010010001100001110000111101011010010001111011100010111111001,00000111101000000111101111,0.0002619490001052327
936,110101101111100101011001100110100011110011111101110011011111,00000111101000010111110111,0.0002669379998678778
937,100111100110000001100111011111111001101010110011101101000001,00010111101000011100101101,0.000260166000089157
938,011110100001010010101000011101101101100001110111010100111010,00000111101000000111111110,0.00027734700006476487
939,001111110000001111101100000100110010111100110001100001110110,11110111101000111111100000,0.0002650549999998475
940,011100110000100000010101101011001110110111011111010000001001,00000111101000101110110111,0.0002607859998988715
941,100000110101101000000110110000100010101000111110010011001000,00000111101000011000001001,0.00026485400007913995
942,100010111011010000111100011010000101110100001010100101100100,00000111001100111011101011,0.00027360100011719624
943,110011101101010011001000100101101101000100010000000001000101,01000111101100011000000110,0.00026634599998942576
944,000000100010101100010011000111101101101000110001111011100011,00000111111000000111101111,0.0002656149999893387
945,001110000100111001111010111111001101001100001001111001010110,00010111111000011111101001,0.0002738420000696351
946,010111011000110001110101110001110011010010110000011100001101,00010111101000100111001111,0.0002669880000212288
947,101101110010101010111111100100111111110111010001000001000000,01100110011000101000011001,0.00026542599994172633
948,001111001010010001101101010111010001110100011100110001001000,00010111101000101101101010,0.0002662060001057398
949,000010001001011101100001111110111101110100000001101100101000,00010111101000011101101010,0.00028144600014456955
950,001000001001011011111010101010110101011110001111001100010010,00010111111000010011101111,0.00026059700007863285
951,101011001111011111111111100010001000100101101000001000101000,00010101111100101101101011,0.0002658860000792629
952,010111101001000101100101111101011011101101010101010011011011,00010111101000001111101111,0.0002772779998849728
953,010100111001100101111101011010111011010100110011111001010001,00010111101000110111101111,0.0002663969999048277
954,010100000111011011010011101011011110011110100000000000001100,00000111111000011000010000,0.0002657060001638456
955,011011011110001100000101001011001111010101010010111000000000,10000111101000010111110011,0.0002616790000047331
956,001100101111101001101011011011101000000110011111101011001100,00010111111000011000000101,0.00029186500000832893
957,101011110010101000000100001110110111111000110010110010110011,00100111001000011111101100,0.00027680699986376567
958,010110010011011101000010001010101101111011111110000001000011,00000111101000001101111101,0.00032837300000210234
959,000111000001000100111110001100000110100010100111111101000011,00000111111000100111101111,0.0005134379998708027
960,111110101111010110001001011000110011011100110010010011001110,00001000101100010110001111,0.000518928000019514
961,000101011101101111011110100010111001101011000011101010111111,10000111111000110111100110,0.0005736909999995987
962,011100000101011100110001110001000100001110101010001101100010,00000111101000000110110111,0.0005272739999782061
963,010100111110110001101110001010101110101001010011000001101100,00010111011000100110110111,0.0004957549999744515
964,101011000000000111000110100000010010100111001111011111100001,00000111101000001111100111,0.0005240780001258827
965,101011110110111011001100010001000101100010100111000010010001,01100110001000101000000000,0.0005050830000072892
966,100110111101010110100101011100011111001101001000101001110010,00000111101100000111011111,0.0005444260000331269
967,001010010110110001101100110101011111101000001001111111111111,00010111101000100111101101,0.000556307999886485
968,111111001011000100011100110011000101001001101101001110100110,00001011101100101111111111,0.0005400479999480012
969,100011010011100110010001100000111101010111101000010000001001,10000101101000011000000111,0.00047774099994057906
970,011010011010001110100101000101100111100000000010111100010010,00000101101000000111001110,0.000573800999973173
971,110100110001111110010011000100011011000111101110110001101010,00000111111000000101100010,0.0006978920000619837
972,001011101111000101001111000001010010100011110100111110110001,00000111111000111111101111,0.0004988119999325136
973,100110010110001010100000111111110001110110011110110100100111,00000111101000001111101101,0.0005477519998748903
974,110001100110000101010110100111001000111111011001011000100101,00000111111000111111101111,0.0005182469999454042
975,000001001101011010111001011000110011111100011100011001010100,00000111101000010111101011,0.0005076780000763392
976,000010111100101100111110111000011010011011101001110011010111,00000111111000111110001101,0.0005584729999554838
977,000100101001010111100101110100101100111010010001000001000110,00010111101000001100111011,0.000521583000136161
978,100011010100111100101010110100001001101010010010011011001000,10000111111000001001101101,0.0009446829999433248
979,101001011010100111011111100011110001110011111100001101110010,10000101111000101111001111,0.000852391999842439
980,000110000010000110111110011100010001101100111011000011101011,00000101111000100101100000,0.0005038599999807047
981,000111001011001001100011100000101100110101100111100100000110,00010111101000000101001000,0.0005145100001300307
982,111101010111110011110100101000110001101101010010111110110000,00011111101010101011101011,0.0005122160000610165
983,000110011011111011101011010011101000001011100001101011000100,00010111111000001100100111,0.0005044310000812402
984,101001100110011110111001001110111011000101010101101010001111,01000100101000010001101010,0.00048592699999971956
985,100001010100001010110100010110101110000101010001101101100011,00000111101000110100001010,0.00047917400002006616
986,001101001010100010100000010001000111011111001100101100111100,00000111101000001111111111,0.0005522399999335903
987,001110011110010100100111000000110000001001100001000000000100,00000111101000010000000000,0.0005137690000083239
988,000001000010010011001011110111001111100111100100011100100111,00000111111000010111101111,0.000531733000116219
989,010011111010011111011001001110001111011111101100101001000011,11100100001000010111011110,0.0005520899999282847
990,011110010110101110011111110101001000110111111001010111000001,00000101111000100111101111,0.0005071370001132891
991,001011100101001000110100000111111001100001101010100011110001,00000111101000100001100000,0.0005366919999687525
992,010001001101011011010111011110110111000100001100011100101101,00000111111000111111101110,0.0005079080001451075
993,011100110001010011111100100011110011110010101010010000001010,00010111101000111100100001,0.000545878999901106
994,001011111111000101111101111100000010101010000101010111101011,10110111001000111111101111,0.0005192889998397732
995,000010010110000110000001001101100111010000001100010011101001,00000101101000010111101110,0.0005123969999658584
996,101101000001000100000000000101010100001010001000011100101010,00000111101000011111100101,0.0004799959999672865
997,101100000110011001001001111000001011001010011111011001110000,00000111101000010111101111,0.0005153120000613853
998,110100011010011110000011010010111100110011001011010110111101,00000101101000000111111111,0.0005049730000337149
999,000101001100100011000000100111100110111110110101110011111000,00000111101000010111111011,0.0005253209999409592
1000,001111000011101100111011110100001010000110000111110100010010,00000111111000011111101111,0.0005230360000041401
1001,011101111101110100101111010111111110100111101000111100110011,10100111111000100101111110,0.0004642760000024282
1002,010101100111110100010001111010110010111010111110111110010010,00000111101000010111101111,0.0005372219998207584
1003,110010001011111100101011001111011111101100010001111011011101,00000111111100010111101110,0.0004583960001127707
1004,010011000010000111101000100101101110000011100101101011000101,00010101101000010011110111,0.0002866849999918486
1005,110100100111111001010001011111011000101011101111010010001011,00000111101000000111101110,0.0006937740001831116
1006,001000110111000100100100011000100110001110001010101001111100,00000111001000010111101100,0.0005376639999212784
1007,011010010111101011101011001010000000000011011100010010010010,00010111111000011010100010,0.000531091000084416
1008,101011001000010111100111111000010100111110100110111110011100,00010111101100010111101111,0.001136270999950284
1009,010011110001001100111100101001111000101011011011011110010101,10100111101000101111101111,0.0005503070001395827
1010,011100000111111010111010111001110010110001111011111101000000,00000111111000000111101111,0.0005402280000907922
1011,111011111010100110000100110000011001001011001011101001111010,11100100001100001111100110,0.0005232469998190936
1012,010010110000011001001110110110011101111111011011001000100011,00000111111000101100111011,0.0006089769999562122
1013,001110001010100011111010001010000101110000110110110001111111,00010111111000001111101111,0.0004932399999688641
1014,100101000111100111010010110010110101000110101101100000110101,00000101111000011001000000,0.0003147879999687575
1015,111000101011000011001011000110001011001100100001001110001000,00000110111000000100000001,0.0004705879998709861
1016,000110100101011101101000010000001110010111101111100100101001,00010111101000000101111110,0.0005706650001684466
1017,010010111110100111111011010100110101111000110101000001101001,00010100011000011101111110,0.000508109000065815
1018,010101100011110101101100100011110101011010011010100100010101,00010111101000110111110001,0.0006237640000108513
1019,001110111100011101100001100110101110100011111011100000000111,00010111101000000000010000,0.0005896600000596663
1020,001110010100001000110000100011011001101010000100101000000001,00000111101000010110100100,0.0008071069999004976
1021,000000010110000011100100001010100010100010000110011000100101,00010111101000011110101100,0.0007411530000354105
1022,010001101011011100101010011010110100011100101101101100111101,00000111111000010111101111,0.0007703769999807264
1023,011111101001001000010101001100110100101111011011101110110101,00000111101000110111111111,0.0005001639999591134
1024,000001101100111100110100000001101100001101100010101111010100,00000111101000110101100111,0.0007061080000312359
