vector_id,PI_1,PI_8,PI_13,PI_17,PI_26,PI_29,PI_36,PI_42,PI_51,PI_55,PI_59,PI_68,PI_72,PI_73,PI_74,PI_75,PI_80,PI_85,PI_86,PI_87,PI_88,PI_89,PI_90,PI_91,PI_96,PI_101,PI_106,PI_111,PI_116,PI_121,PI_126,PI_130,PI_135,PI_138,PI_143,PI_146,PI_149,PI_152,PI_153,PI_156,PI_159,PI_165,PI_171,PI_177,PI_183,PI_189,PI_195,PI_201,PI_207,PI_210,PI_219,PI_228,PI_237,PI_246,PI_255,PI_259,PI_260,PI_261,PI_267,PI_268,input_vector
0,1,0,0,1,1,1,0,0,0,0,1,0,1,0,0,1,1,0,0,0,0,0,0,0,0,1,0,1,0,1,0,0,0,1,1,1,0,0,0,1,0,0,0,1,0,1,1,1,0,0,1,1,1,1,0,1,0,1,0,1,100111000010100110000000010101000111000100010111001111010101
1,1,1,0,1,1,1,0,0,1,0,0,1,0,1,1,0,0,0,0,0,1,0,0,0,0,0,1,1,0,1,1,1,1,0,1,0,1,0,1,1,0,1,0,0,1,0,1,0,0,0,0,0,1,1,0,1,1,1,1,0,110111001001011000001000001101111010101101001010000011011110
2,0,0,1,1,1,1,1,0,1,1,1,1,0,0,1,1,1,1,0,1,1,0,0,0,0,0,1,1,1,1,0,0,0,0,1,0,1,1,1,0,0,1,1,0,0,1,1,1,0,1,1,0,1,0,1,0,0,1,1,1,001111101111001111011000001111000010111001100111011010100111
3,1,1,0,0,1,1,1,1,1,1,1,0,1,1,0,1,0,1,1,1,0,0,0,1,1,0,0,1,1,1,1,1,0,0,1,0,0,1,0,0,1,0,0,0,0,0,0,1,1,1,1,1,1,0,0,1,0,1,0,1,110011111110110101110001100111110010010010000001111110010101
4,0,0,0,1,1,0,0,0,0,0,1,1,1,0,0,1,0,0,0,0,0,1,0,0,1,1,1,1,1,1,0,1,1,1,0,0,1,1,0,0,1,0,0,0,1,0,1,1,0,1,0,0,1,0,0,0,1,1,0,1,000110000011100100000100111111011100110010001011010010001101
5,1,1,1,0,0,0,0,1,0,1,1,1,0,1,1,0,1,0,0,0,0,1,0,0,1,1,1,1,1,1,1,1,0,0,0,0,1,1,1,1,0,0,0,0,0,1,0,1,0,1,1,1,1,0,0,0,0,0,1,0,111000010111011010000100111111110000111100000101011110000010
6,1,0,1,1,0,1,1,0,1,1,1,1,0,1,0,1,0,0,1,0,0,0,0,1,1,1,0,0,0,0,0,0,0,1,0,1,1,0,0,0,0,1,0,1,0,1,1,1,1,0,0,1,1,1,0,0,0,1,0,0,101101101111010100100001110000000101100001010111100111000100
7,0,0,1,1,1,1,0,0,1,1,1,0,1,0,0,0,1,1,1,0,0,1,0,0,1,1,1,1,1,1,0,0,0,1,0,0,0,0,1,1,0,1,1,1,1,0,1,0,0,1,0,1,0,1,0,1,0,0,1,1,001111001110100011100100111111000100001101111010010101010011
8,1,0,1,0,1,0,0,1,0,0,1,0,0,0,0,1,1,0,1,1,1,0,0,1,1,0,1,1,0,0,0,0,1,1,0,0,0,1,0,1,0,0,1,1,1,0,1,1,0,1,1,1,1,1,1,1,1,1,0,1,101010010010000110111001101100001100010100111011011111111101
9,0,1,1,0,0,1,0,0,1,0,1,0,1,1,1,1,1,0,1,0,1,0,0,0,0,1,0,0,0,1,1,1,0,1,1,1,0,1,1,1,0,1,0,0,1,0,1,1,0,0,0,1,0,0,1,0,0,1,0,1,011001001010111110101000010001110111011101001011000100100101
10,1,1,1,1,1,1,0,1,1,0,1,0,1,0,1,0,1,0,1,1,0,0,0,0,1,0,0,1,1,1,0,1,0,0,0,0,1,0,1,1,0,0,0,0,0,1,0,0,1,0,0,1,1,1,0,0,0,1,0,0,111111011010101010110000100111010000101100000100100111000100
11,1,0,1,1,1,1,0,1,1,1,1,0,0,1,0,0,1,0,1,1,1,0,0,1,1,0,1,0,0,1,1,0,0,0,0,1,0,0,1,1,0,0,0,0,0,1,1,0,0,1,1,1,0,0,0,1,1,0,0,0,101111011110010010111001101001100001001100000110011100011000
12,0,1,1,0,1,0,0,0,1,1,1,0,1,1,0,0,1,1,0,0,0,0,1,0,0,1,0,1,0,0,1,1,0,0,0,1,1,0,0,0,0,0,0,1,0,1,0,0,0,1,0,1,0,0,1,0,0,0,1,0,011010001110110011000010010100110001100000010100010100100010
13,1,1,1,1,1,0,1,1,1,0,1,0,1,1,0,0,0,0,0,1,1,0,0,0,0,1,1,1,1,1,0,1,0,1,1,0,1,0,1,1,1,0,0,0,1,1,1,1,1,0,0,0,0,0,0,0,1,1,0,0,111110111010110000011000011111010110101110001111100000001100
14,1,0,1,0,1,1,0,0,1,0,1,0,0,1,0,1,1,0,0,0,1,0,0,0,0,1,0,0,0,0,1,0,0,0,0,0,1,1,1,1,0,1,0,0,1,0,0,1,0,0,1,1,1,0,1,0,0,0,0,1,101011001010010110001000010000100000111101001001001110100001
15,1,1,1,1,1,0,1,1,1,1,1,1,1,0,0,1,1,1,1,0,1,0,1,1,0,0,0,1,0,1,1,1,1,0,0,0,0,1,1,0,0,0,1,1,0,0,1,0,1,1,1,1,0,1,0,0,0,1,0,0,111110111111100111101011000101111000011000110010111101000100
16,1,1,1,1,1,1,1,1,0,1,0,0,1,0,0,1,1,0,0,0,0,1,0,0,1,0,1,0,1,0,0,1,0,1,0,0,1,0,0,1,0,0,1,1,1,1,0,0,0,0,0,1,1,0,1,1,0,0,1,1,111111110100100110000100101010010100100100111100000110110011
17,1,1,0,0,0,1,1,0,1,0,1,0,0,0,0,0,1,1,0,0,0,1,0,1,1,1,0,0,0,1,0,0,1,1,1,0,1,0,1,0,1,1,1,0,0,1,1,1,0,0,0,0,0,0,1,0,0,0,0,0,110001101010000011000101110001001110101011100111000000100000
18,0,1,1,0,0,1,1,1,0,1,0,0,1,1,0,1,1,0,1,0,0,1,1,1,1,0,0,1,0,1,0,0,0,0,1,1,0,1,1,1,1,1,1,1,1,1,1,1,0,0,1,0,0,0,1,0,1,1,0,0,011001110100110110100111100101000011011111111111001000101100
19,0,1,0,1,1,0,1,1,0,0,0,0,1,1,0,0,1,1,1,0,1,0,0,1,0,1,1,1,1,1,0,1,0,0,1,1,1,0,0,0,1,0,1,1,0,1,0,1,0,1,0,1,0,1,0,1,1,0,1,1,010110110000110011101001011111010011100010110101010101011011
20,0,1,1,1,1,0,1,1,1,0,1,1,0,1,0,1,1,0,0,0,1,0,0,1,0,1,0,0,0,1,0,0,0,0,1,0,1,0,0,1,1,1,1,1,1,1,1,1,1,1,1,0,0,0,1,0,0,1,0,0,011110111011010110001001010001000010100111111111111000100100
21,1,0,1,1,1,1,0,1,0,1,0,0,1,0,0,1,1,1,0,0,0,1,0,0,0,0,0,0,1,1,1,0,0,1,1,0,0,0,0,0,0,1,0,0,1,1,0,0,0,1,0,1,1,1,0,0,0,0,0,1,101111010100100111000100000011100110000001001100010111000001
22,1,1,0,1,0,1,0,0,0,1,1,0,0,1,1,0,1,0,0,0,0,0,1,1,1,0,0,0,0,1,0,0,0,1,0,1,1,0,1,0,1,0,1,1,1,0,0,0,0,0,1,0,1,0,0,1,0,1,0,0,110101000110011010000011100001000101101010111000001010010100
23,1,1,0,1,0,1,1,1,0,1,1,1,0,1,0,0,1,0,0,1,0,0,0,1,1,0,1,1,0,0,1,0,0,0,0,1,0,0,1,0,0,0,0,0,1,1,1,0,0,1,0,1,0,1,0,0,0,0,0,0,110101110111010010010001101100100001001000001110010101000000
24,0,1,0,1,0,1,1,0,0,0,1,0,1,1,0,0,0,0,0,0,0,0,0,1,1,0,1,0,0,0,0,1,1,0,0,1,1,1,0,1,1,0,0,0,0,0,1,0,0,0,0,0,0,0,0,0,0,1,0,0,010101100010110000000001101000011001110110000010000000000100
25,1,1,1,1,1,1,1,1,0,0,0,0,1,0,0,1,0,1,0,1,0,1,0,0,0,0,0,0,0,1,1,0,1,0,0,0,0,1,1,1,1,0,0,0,1,0,0,1,0,1,1,1,1,1,0,0,0,1,1,0,111111110000100101010100000001101000011110001001011111000110
26,1,1,0,1,0,1,1,1,0,1,1,1,1,1,0,1,1,0,0,0,0,0,0,0,1,0,1,0,1,0,0,1,0,0,1,1,0,0,1,0,0,0,0,0,0,1,1,0,0,1,1,1,1,0,0,0,1,0,0,0,110101110111110110000000101010010011001000000110011110001000
27,1,1,1,0,1,1,0,1,1,1,0,1,1,1,1,1,1,0,1,1,0,1,0,1,0,1,0,1,0,0,1,0,0,0,0,1,1,0,1,1,0,0,1,0,1,1,1,0,0,1,0,1,1,1,1,0,0,1,0,0,111011011101111110110101010100100001101100101110010111100100
28,1,0,1,0,1,0,1,1,0,0,1,1,0,0,0,1,1,0,1,0,1,0,0,0,0,0,1,0,0,0,1,0,1,0,0,1,0,1,0,1,0,0,0,0,1,0,1,0,1,1,0,1,1,0,0,1,0,1,0,1,101010110011000110101000001000101001010100001010110110010101
29,0,0,0,1,1,1,0,1,0,1,1,1,0,0,1,0,0,0,0,0,0,1,0,0,0,0,1,0,1,1,1,1,1,1,1,0,1,0,1,0,0,1,0,1,1,1,0,0,0,1,0,1,1,1,0,0,1,1,0,1,000111010111001000000100001011111110101001011100010111001101
30,0,0,1,1,1,0,1,1,1,1,0,0,0,0,0,0,1,1,0,0,0,0,0,1,1,0,0,1,0,1,0,0,0,1,1,1,0,0,0,1,0,0,0,1,1,0,1,1,1,1,0,1,1,1,1,0,1,1,1,0,001110111100000011000001100101000111000100011011110111101110
31,0,0,1,1,0,0,0,1,1,0,0,1,1,1,1,1,1,0,0,0,1,1,0,1,0,0,0,0,0,0,1,0,1,0,0,1,1,0,1,0,0,0,1,0,1,0,0,1,0,0,0,1,1,0,0,1,1,0,0,1,001100011001111110001101000000101001101000101001000110011001
32,1,1,1,1,0,1,1,1,0,1,1,0,1,1,0,0,1,1,0,0,0,0,1,1,1,0,0,0,1,1,1,0,0,1,1,1,1,0,0,0,0,0,1,0,1,1,1,1,0,0,0,1,0,1,0,1,0,1,1,0,111101110110110011000011100011100111100000101111000101010110
33,1,0,1,1,1,1,1,1,1,0,0,1,1,0,1,0,0,0,0,0,0,0,1,0,0,1,0,1,1,1,1,0,1,0,0,0,0,1,1,0,1,0,1,0,0,0,0,0,0,1,0,1,0,1,0,0,0,1,0,1,101111111001101000000010010111101000011010100000010101000101
34,0,1,1,1,0,0,0,0,1,1,1,1,0,1,1,0,1,0,0,0,0,0,1,0,0,1,0,0,1,1,0,0,0,1,1,1,0,0,0,0,0,0,0,1,1,0,1,0,1,0,1,1,0,1,0,1,0,0,1,1,011100001111011010000010010011000111000000011010101101010011
35,0,1,1,0,0,1,1,0,1,0,1,1,0,1,0,1,1,0,0,1,1,0,1,0,1,1,1,0,0,1,1,0,0,0,1,1,0,1,1,0,1,0,1,0,0,1,1,1,0,1,0,0,1,1,0,0,0,1,0,0,011001101011010110011010111001100011011010100111010011000100
36,1,0,1,0,1,0,1,1,0,1,0,1,0,1,0,0,1,0,0,0,0,0,0,0,1,1,1,1,0,0,1,1,0,0,0,0,0,1,0,1,1,0,0,0,1,1,1,0,0,1,1,1,0,1,1,0,1,1,1,1,101010110101010010000000111100110000010110001110011101101111
37,0,1,1,1,1,1,0,1,1,1,0,1,1,1,0,0,0,0,0,0,1,0,0,1,1,0,0,1,0,1,1,1,0,1,1,1,1,0,1,1,1,0,1,0,1,1,0,0,0,1,0,0,0,1,1,0,1,1,0,1,011111011101110000001001100101110111101110101100010001101101
38,1,1,1,1,1,1,1,1,1,1,1,1,0,1,0,1,1,0,0,0,1,0,0,0,1,0,0,1,1,1,1,1,0,1,1,0,0,0,1,1,1,1,1,0,1,1,0,1,0,0,0,0,1,1,0,0,0,1,0,1,111111111111010110001000100111110110001111101101000011000101
39,0,1,1,1,0,1,1,1,0,1,1,0,1,1,1,1,0,0,0,0,0,0,0,0,0,0,0,1,1,0,0,1,0,0,1,0,0,1,1,0,1,1,1,0,0,1,1,0,1,1,0,0,0,0,1,0,0,1,0,0,011101110110111100000000000110010010011011100110110000100100
40,1,1,1,1,0,1,0,1,0,1,0,1,0,0,0,0,1,0,0,0,0,0,1,0,0,1,0,1,1,0,0,1,1,0,1,0,0,0,0,1,0,0,1,1,0,0,1,1,0,0,0,1,1,0,0,0,0,0,0,1,111101010101000010000010010110011010000100110011000110000001
41,0,0,1,1,0,1,0,1,1,1,1,0,1,1,0,0,1,1,0,1,0,1,1,0,0,1,0,1,0,1,1,0,1,0,0,0,1,1,0,1,1,1,0,1,0,0,0,1,1,1,0,1,0,1,0,1,0,1,0,0,001101011110110011010110010101101000110111010001110101010100
42,1,1,1,1,0,1,0,0,1,0,0,0,0,0,1,0,0,0,1,1,0,1,1,0,0,0,0,0,1,1,1,0,1,1,0,1,1,0,1,1,1,1,0,0,0,0,1,1,1,1,0,1,0,0,0,0,1,0,0,0,111101001000001000110110000011101101101111000011110100001000
43,1,0,1,1,1,1,0,0,1,0,0,0,1,1,0,0,1,0,0,0,0,0,1,0,0,0,0,0,0,1,0,0,0,1,0,0,0,0,0,1,1,1,0,1,0,1,1,0,0,0,1,1,0,0,1,0,1,0,1,0,101111001000110010000010000001000100000111010110001100101010
44,1,1,0,0,1,1,1,1,1,1,1,1,0,0,1,1,0,1,0,0,0,1,0,1,1,0,0,1,0,1,0,0,1,0,1,0,0,0,1,1,0,1,0,0,0,0,1,1,0,0,1,1,0,0,1,0,0,1,1,0,110011111111001101000101100101001010001101000011001100100110
45,1,0,1,1,0,0,0,1,1,1,0,1,0,0,0,1,0,1,1,0,1,1,1,0,0,0,0,0,1,1,0,0,0,1,1,1,1,0,0,1,0,0,0,0,1,1,0,1,1,1,0,1,0,0,1,0,0,0,1,1,101100011101000101101110000011000111100100001101110100100011
46,1,1,1,1,1,0,0,1,1,0,1,1,1,0,0,1,1,0,0,0,0,1,1,1,1,0,1,0,0,0,0,1,0,0,0,1,0,1,0,1,1,1,1,1,0,1,0,1,0,1,0,1,1,0,0,1,0,1,0,1,111110011011100110000111101000010001010111110101010110010101
47,0,1,1,1,1,0,1,1,1,1,1,0,0,0,0,0,0,0,1,0,0,1,1,1,0,0,1,0,0,1,0,0,0,1,0,0,0,0,1,1,1,0,1,1,0,1,1,0,0,0,1,1,1,0,1,0,0,1,0,1,011110111110000000100111001001000100001110110110001110100101
48,1,0,1,1,1,0,0,1,0,0,1,0,1,1,0,0,1,0,0,0,0,1,0,0,0,0,1,0,1,1,1,0,1,1,0,1,1,1,1,1,0,1,1,0,0,1,0,0,1,0,1,1,0,1,1,0,1,0,1,1,101110010010110010000100001011101101111101100100101101101011
49,1,1,1,0,0,1,0,1,1,0,0,0,1,0,1,0,0,1,0,1,0,0,0,1,1,1,1,1,0,1,1,0,1,1,0,0,1,0,0,0,0,0,1,1,1,1,1,1,1,1,0,1,1,0,0,1,0,1,0,0,111001011000101001010001111101101100100000111111110110010100
50,1,0,1,0,1,0,1,1,0,1,1,1,0,0,0,1,0,0,0,1,0,0,0,0,0,0,1,1,0,0,1,0,1,0,0,0,0,1,1,1,0,1,0,0,1,1,1,1,0,0,0,0,0,0,1,1,0,1,0,0,101010110111000100010000001100101000011101001111000000110100
51,1,1,1,0,0,1,0,0,1,0,0,0,0,0,0,0,0,0,0,1,1,1,0,0,1,1,0,0,0,1,1,1,0,1,0,1,1,0,1,1,0,1,1,0,0,0,0,1,0,1,1,0,1,0,0,1,1,1,0,1,111001001000000000011100110001110101101101100001011010011101
52,1,1,1,1,0,1,1,1,0,0,0,0,1,1,0,0,0,1,0,0,0,1,0,0,0,0,1,1,0,1,0,0,1,0,0,1,1,0,0,1,0,0,0,0,0,0,0,1,1,0,1,0,0,0,0,0,0,0,1,0,111101110000110001000100001101001001100100000001101000000010
53,1,1,1,1,1,1,0,1,0,0,1,0,1,0,0,1,0,1,0,0,0,0,0,1,1,1,1,1,1,0,1,1,0,1,0,0,0,0,0,0,0,0,0,0,0,1,1,1,0,0,1,1,0,0,0,0,0,0,0,0,111111010010100101000001111110110100000000000111001100000000
54,1,1,1,0,0,1,0,1,0,0,1,1,1,0,0,1,0,0,0,1,0,0,0,0,1,0,0,1,0,0,1,0,1,0,1,1,1,0,1,0,0,0,1,1,0,0,1,0,1,0,0,1,0,1,1,0,0,1,0,0,111001010011100100010000100100101011101000110010100101100100
55,1,0,1,1,1,1,0,1,1,1,0,0,1,0,0,0,1,0,1,1,0,0,1,0,1,1,1,1,1,0,0,1,0,0,1,1,1,1,0,0,1,0,1,0,0,1,1,1,0,0,0,0,1,1,0,0,0,1,1,0,101111011100100010110010111110010011110010100111000011000110
56,0,1,0,1,0,1,0,1,1,0,1,0,0,1,1,0,0,0,0,1,0,0,0,0,0,1,0,1,1,0,1,1,1,0,1,1,1,1,1,0,0,0,1,0,1,1,0,0,0,0,0,0,0,0,1,0,0,0,0,1,010101011010011000010000010110111011111000101100000000100001
57,0,0,0,1,0,1,1,1,0,0,1,0,1,0,1,1,1,0,1,1,0,0,0,1,1,1,1,1,0,1,1,1,0,0,1,0,1,1,0,0,0,0,1,1,0,1,1,0,1,0,0,1,1,1,1,1,1,0,0,1,000101110010101110110001111101110010110000110110100111111001
58,1,1,1,0,1,1,0,1,1,1,1,0,1,1,0,1,0,1,0,1,0,1,1,0,1,1,1,0,0,1,1,0,1,1,1,1,0,0,1,1,0,0,0,0,0,0,0,0,1,0,0,1,0,0,0,0,0,1,0,1,111011011110110101010110111001101111001100000000100100000101
59,1,0,1,1,0,1,0,1,1,1,0,1,1,1,0,0,1,0,0,0,0,1,0,0,0,1,1,1,0,0,1,0,1,1,1,0,0,0,0,1,0,1,0,1,0,0,1,0,0,0,1,0,1,1,0,0,0,0,0,0,101101011101110010000100011100101110000101010010001011000000
60,1,1,1,1,1,1,1,1,0,0,1,1,0,1,0,1,1,1,1,0,1,0,0,1,0,0,0,1,0,0,0,0,0,0,0,0,1,0,1,1,0,1,0,0,1,0,1,1,0,1,1,0,1,0,0,0,0,1,0,0,111111110011010111101001000100000000101101001011011010000100
61,1,1,1,1,1,1,1,1,1,1,1,1,1,0,0,1,1,0,1,0,1,0,1,0,1,1,1,0,1,1,0,0,1,0,0,0,1,1,0,1,0,1,0,1,1,1,0,1,0,1,0,1,1,1,1,0,0,1,0,1,111111111111100110101010111011001000110101011101010111100101
62,1,0,0,1,1,0,0,1,1,0,1,0,0,1,0,1,0,1,1,0,1,1,1,0,0,0,1,0,1,0,0,1,0,1,0,0,0,0,1,0,0,1,0,0,0,0,0,1,0,0,1,1,0,1,1,1,1,0,0,0,100110011010010101101110001010010100001001000001001101111000
63,1,1,1,0,0,1,1,1,1,0,1,1,1,1,0,0,1,0,0,0,0,1,1,1,0,1,0,0,1,1,0,0,0,1,0,1,0,1,0,1,0,0,1,0,0,0,1,1,1,0,0,1,1,0,0,0,1,1,1,0,111001111011110010000111010011000101010100100011100110001110
64,1,1,1,1,1,1,1,1,0,1,1,1,1,1,0,1,1,0,0,1,1,0,0,0,0,0,0,1,0,1,1,0,0,1,0,0,0,1,0,1,0,1,1,0,1,1,0,0,0,0,1,1,1,0,1,1,0,0,0,0,111111110111110110011000000101100100010101101100001110110000
65,1,1,0,1,0,1,0,1,0,1,1,1,0,1,1,1,0,0,0,1,1,0,1,0,1,0,1,1,0,1,0,0,0,0,0,1,0,0,1,1,1,1,0,0,0,0,0,0,0,0,0,1,1,0,0,1,1,1,0,1,110101010111011100011010101101000001001111000000000110011101
66,1,1,1,1,1,0,0,1,0,1,0,1,0,1,0,0,1,0,0,0,1,1,0,0,1,1,0,0,1,0,1,0,1,0,0,0,0,0,0,1,0,1,1,0,0,0,1,1,0,0,0,0,1,0,0,0,1,0,0,1,111110010101010010001100110010101000000101100011000010001001
67,1,1,0,0,0,0,0,1,0,1,0,1,0,1,0,0,0,1,0,0,1,0,0,1,0,0,0,1,0,1,0,1,1,0,1,0,1,0,0,0,0,0,1,0,1,0,1,0,0,1,0,1,1,1,1,0,0,1,1,1,110000010101010001001001000101011010100000101010010111100111
68,1,1,1,0,1,1,0,1,0,1,0,1,0,1,0,1,1,0,0,0,0,0,0,0,0,1,1,0,0,0,0,0,0,0,1,0,1,0,1,0,0,0,1,1,1,1,0,0,0,0,0,0,1,1,0,0,1,1,0,0,111011010101010110000000011000000010101000111100000011001100
69,1,1,1,0,0,1,0,1,0,0,1,1,1,0,0,1,1,1,1,0,0,0,0,0,1,0,0,0,1,1,1,1,0,0,1,1,1,1,1,1,0,1,1,0,0,1,1,0,0,1,1,1,0,1,0,0,0,1,0,0,111001010011100111100000100011110011111101100110011101000100
70,0,1,1,0,1,1,1,1,1,1,1,0,1,0,0,0,1,0,0,0,0,0,1,1,0,1,0,1,1,1,0,0,0,1,0,0,0,1,0,1,1,0,1,0,0,1,1,1,0,1,0,0,0,1,0,0,1,1,0,1,011011111110100010000011010111000100010110100111010001001101
71,1,0,1,1,0,1,1,1,0,0,0,0,0,0,0,1,1,0,0,0,0,1,0,0,0,1,1,1,1,0,1,0,0,1,0,0,0,0,1,0,0,1,1,1,1,0,1,0,1,1,0,1,0,1,1,0,1,1,0,1,101101110000000110000100011110100100001001111010110101101101
72,1,0,0,1,0,0,0,0,1,0,1,1,0,1,0,1,1,1,0,0,0,0,1,1,1,0,1,1,0,0,0,0,0,1,0,1,0,1,0,1,0,0,1,0,0,1,1,1,0,0,0,0,0,0,0,0,0,0,0,1,100100001011010111000011101100000101010100100111000000000001
73,1,1,1,1,0,1,1,1,1,1,1,1,1,0,1,0,1,0,0,0,0,0,0,0,1,1,1,0,1,1,1,0,0,1,0,0,0,0,1,1,0,1,1,1,0,0,1,1,0,1,1,1,0,1,0,0,0,0,1,1,111101111111101010000000111011100100001101110011011101000011
74,0,0,1,1,1,0,0,0,1,0,1,0,1,1,1,1,0,0,0,0,0,0,1,0,1,0,0,0,0,0,0,1,0,0,1,0,0,0,0,0,0,0,0,1,0,1,1,1,1,1,0,1,1,1,1,0,0,1,0,1,001110001010111100000010100000010010000000010111110111100101
75,1,1,1,1,1,1,1,1,0,0,1,1,0,1,0,1,1,1,0,0,1,0,1,0,1,0,1,1,0,1,1,0,0,0,0,1,0,1,1,1,0,0,0,0,0,1,1,0,0,1,1,0,0,1,0,0,0,0,1,0,111111110011010111001010101101100001011100000110011001000010
76,0,1,0,1,1,0,0,1,1,0,1,0,0,1,1,1,1,0,1,0,1,0,1,1,1,1,0,0,0,0,0,0,0,0,0,1,1,0,1,1,0,1,1,0,1,1,0,1,1,0,0,0,0,0,0,0,1,0,0,0,010110011010011110101011110000000001101101101101100000001000
77,0,0,1,0,0,1,0,1,0,1,1,1,1,1,0,0,1,0,1,1,1,0,1,0,1,1,1,0,0,1,1,1,0,1,0,0,1,0,1,0,0,0,0,1,1,1,1,0,0,1,0,1,1,0,0,1,0,0,0,0,001001010111110010111010111001110100101000011110010110010000
78,1,1,0,1,0,1,0,1,1,0,1,1,0,1,0,0,1,0,0,1,0,0,0,0,0,0,1,0,0,0,1,0,0,1,0,0,1,1,1,0,0,0,0,0,0,0,0,0,1,0,0,0,1,1,0,0,0,1,0,0,110101011011010010010000001000100100111000000000100011000100
79,0,1,1,0,1,1,0,1,1,0,1,1,1,1,1,0,1,1,0,1,0,1,1,0,0,1,1,0,0,1,1,0,0,1,0,1,0,0,1,1,0,0,0,0,0,0,0,0,0,0,0,1,0,0,0,0,0,0,0,0,011011011011111011010110011001100101001100000000000100000000
80,1,1,0,1,0,1,0,0,1,0,1,0,0,1,1,0,0,1,1,0,0,0,0,0,0,0,1,0,1,1,0,1,0,0,0,0,0,0,1,1,1,1,0,0,0,0,0,1,1,0,1,0,1,0,0,0,0,0,1,0,110101001010011001100000001011010000001111000001101010000010
81,1,0,1,1,1,1,0,1,0,0,1,1,0,0,0,0,1,0,0,1,0,0,1,0,0,1,0,1,1,0,1,0,0,0,0,0,0,0,1,0,0,0,0,0,1,0,0,1,1,1,1,1,1,0,0,1,0,1,1,1,101111010011000010010010010110100000001000001001111110010111
82,0,0,1,0,1,1,0,1,0,0,1,1,1,0,0,1,0,0,1,1,0,0,1,0,1,1,1,1,0,0,1,0,0,1,0,1,0,1,1,0,0,0,0,1,0,0,0,0,1,0,0,1,1,1,0,0,0,1,0,1,001011010011100100110010111100100101011000010000100111000101
83,0,1,0,0,1,1,1,1,0,0,0,0,0,1,0,0,1,0,1,0,0,0,1,0,1,0,1,1,1,1,1,1,0,1,0,0,0,0,0,0,1,0,1,1,1,1,1,1,1,0,0,1,1,1,0,0,0,0,1,0,010011110000010010100010101111110100000010111111100111000010
84,0,1,1,0,0,1,0,1,1,1,1,0,0,0,0,0,1,0,0,0,1,1,0,0,1,0,0,0,0,1,1,1,0,0,1,0,1,0,1,1,0,0,1,0,0,1,0,1,0,0,0,0,1,0,0,0,1,1,0,1,011001011110000010001100100001110010101100100101000010001101
85,1,1,1,1,1,1,0,1,0,0,0,0,1,1,0,0,1,0,1,0,0,1,0,0,1,1,1,0,1,0,0,0,0,0,1,0,1,0,0,0,0,0,0,1,0,1,0,0,0,0,0,0,1,1,1,0,0,0,0,1,111111010000110010100100111010000010100000010100000011100001
86,1,1,1,1,1,0,0,1,1,0,1,0,0,0,0,0,0,0,0,1,0,1,0,1,1,1,1,0,0,1,1,1,1,1,0,1,1,0,1,1,0,1,1,1,1,0,0,1,1,0,1,0,0,1,0,0,0,0,0,1,111110011010000000010101111001111101101101111001101001000001
87,1,1,1,1,1,1,1,0,1,0,0,1,1,0,0,1,0,0,0,0,1,0,0,1,1,1,1,1,1,1,1,1,0,0,1,0,0,0,1,0,0,1,0,0,1,1,1,1,1,0,0,0,0,1,0,0,0,1,1,1,111111101001100100001001111111110010001001001111100001000111
88,0,1,1,0,1,0,1,1,1,0,1,1,0,0,1,1,1,0,0,0,1,0,1,1,0,0,0,0,0,0,1,0,1,1,0,0,0,1,1,0,0,0,0,1,0,1,1,1,0,1,0,0,0,0,1,1,0,0,1,1,011010111011001110001011000000101100011000010111010000110011
89,0,0,1,1,0,1,0,1,1,0,0,0,0,1,0,1,1,1,1,0,0,0,0,1,0,1,1,0,0,1,1,0,0,1,0,1,1,0,0,1,0,0,0,0,1,1,1,0,0,1,0,1,1,1,1,0,0,1,0,0,001101011000010111100001011001100101100100001110010111100100
90,1,0,0,1,1,0,1,1,1,1,0,1,1,0,0,1,1,0,0,0,0,0,1,0,0,1,1,0,0,0,0,0,0,0,1,1,0,1,1,0,0,0,0,1,0,0,1,0,0,0,0,0,0,0,1,0,0,1,1,0,100110111101100110000010011000000011011000010010000000100110
91,0,1,1,1,1,1,1,0,0,1,0,1,0,1,0,1,1,0,1,0,1,0,0,1,1,1,0,1,0,0,1,1,0,0,0,0,1,1,0,0,0,0,0,0,0,0,1,1,0,0,0,1,1,1,0,1,1,0,0,0,011111100101010110101001110100110000110000000011000111011000
92,0,1,0,1,1,1,1,1,1,1,1,1,1,1,0,1,1,1,0,0,0,0,1,1,1,0,0,0,1,1,1,0,1,1,1,1,0,1,1,0,0,1,0,0,1,0,0,0,1,1,1,0,1,1,1,0,0,0,1,1,010111111111110111000011100011101111011001001000111011100011
93,1,1,0,0,1,1,0,1,0,0,1,1,0,1,0,1,1,0,0,1,0,0,0,1,0,1,1,1,1,1,1,0,1,0,0,1,1,0,0,1,0,1,1,1,0,1,1,1,0,0,1,1,0,0,0,0,0,0,0,1,110011010011010110010001011111101001100101110111001100000001
94,1,0,1,1,1,1,0,0,0,1,0,0,0,0,0,1,0,1,1,0,0,0,1,0,1,1,1,1,1,0,0,0,0,0,1,0,1,0,0,1,0,0,1,0,0,1,1,0,0,1,0,0,1,1,1,0,0,1,1,1,101111000100000101100010111110000010100100100110010011100111
95,1,1,1,1,0,1,1,1,0,0,1,0,0,1,0,1,1,0,0,0,0,0,1,0,0,1,0,0,1,0,0,0,0,0,1,1,1,0,1,1,1,0,1,1,0,1,0,0,1,1,0,1,0,1,1,0,0,1,0,1,111101110010010110000010010010000011101110110100110101100101
96,0,0,0,1,0,0,0,1,1,0,1,0,0,1,0,1,0,0,1,0,0,0,0,0,0,1,0,1,0,1,1,0,1,1,0,1,0,1,0,1,0,0,0,1,0,0,1,0,0,0,0,1,1,0,0,0,0,0,1,1,000100011010010100100000010101101101010100010010000110000011
97,0,1,0,0,1,1,1,1,1,1,0,1,1,0,1,0,0,0,0,0,0,0,0,0,1,0,0,1,1,1,1,1,1,1,0,1,0,0,1,0,0,0,0,0,1,0,0,1,1,1,0,0,1,1,0,0,1,0,0,1,010011111101101000000000100111111101001000001001110011001001
98,1,0,1,0,1,1,1,0,0,1,0,0,0,0,0,1,0,0,1,0,0,0,0,0,0,1,0,1,1,1,1,1,1,0,0,0,1,1,1,0,0,1,0,1,0,1,0,0,0,1,0,0,0,1,0,1,0,1,0,1,101011100100000100100000010111111000111001010100010001010101
99,1,1,1,0,0,1,0,1,0,0,1,1,1,1,0,0,1,0,1,1,0,1,0,1,0,1,1,0,0,0,0,0,1,1,0,1,0,0,0,0,1,0,1,0,0,0,0,0,0,1,0,1,0,0,0,0,0,0,0,1,111001010011110010110101011000001101000010100000010100000001
100,1,1,0,1,1,0,0,1,0,1,0,0,1,1,0,0,1,0,0,0,0,1,1,0,0,0,1,0,0,1,0,0,1,0,1,0,1,1,1,0,0,0,0,0,1,1,1,1,1,1,1,1,1,0,1,0,0,1,1,0,110110010100110010000110001001001010111000001111111110100110
101,1,1,1,1,1,0,0,1,1,1,0,1,0,0,0,1,1,0,0,0,0,1,0,0,0,0,1,0,0,1,1,1,0,0,0,1,0,1,1,0,0,1,0,1,0,0,1,1,0,1,1,0,1,1,0,1,0,0,0,0,111110011101000110000100001001110001011001010011011011010000
102,1,1,1,0,0,0,0,1,1,1,1,0,1,0,0,1,1,1,0,1,0,0,0,1,1,0,0,0,0,0,0,0,0,0,0,0,1,1,1,0,0,0,0,0,0,0,1,0,0,0,0,1,0,1,0,0,0,1,0,1,111000011110100111010001100000000000111000000010000101000101
103,1,1,1,0,1,0,1,1,1,1,0,0,1,1,0,1,1,1,0,0,1,0,1,1,0,1,0,0,1,1,1,0,0,0,1,1,0,0,1,1,1,1,0,0,0,1,1,0,1,0,1,1,1,0,0,1,0,0,1,0,111010111100110111001011010011100011001111000110101110010010
104,0,1,1,0,0,1,0,0,0,1,1,1,0,0,0,1,0,0,1,0,0,1,0,1,1,0,1,0,1,0,1,1,0,0,1,1,0,0,0,1,1,0,1,1,0,1,0,1,1,0,0,0,1,0,1,1,0,1,1,1,011001000111000100100101101010110011000110110101100010110111
105,0,1,1,0,1,1,0,1,1,0,1,1,1,0,0,0,0,0,0,0,0,0,0,0,0,0,1,0,1,1,1,1,0,0,0,1,0,0,1,1,0,1,1,1,0,0,1,0,0,1,0,1,0,1,1,1,0,1,1,0,011011011011100000000000001011110001001101110010010101110110
106,1,1,1,1,1,1,0,1,1,0,0,1,1,1,0,1,0,1,1,1,0,0,0,0,0,1,1,1,1,0,1,0,1,1,1,0,0,0,1,0,1,1,0,1,0,1,1,1,0,1,0,0,1,0,0,0,0,0,1,1,111111011001110101110000011110101110001011010111010010000011
107,0,1,1,1,1,1,1,0,1,0,0,0,1,1,1,1,1,0,0,0,0,0,1,0,1,0,1,0,1,1,0,1,0,0,1,0,1,0,1,1,0,1,1,0,1,0,0,1,1,1,1,1,1,1,1,1,0,1,0,1,011111101000111110000010101011010010101101101001111111110101
108,1,1,1,1,1,1,1,1,1,0,1,1,0,0,1,1,1,0,0,1,0,0,0,0,0,1,1,1,0,0,1,1,1,1,0,0,1,1,0,1,0,0,1,0,0,1,1,0,0,1,1,1,1,0,0,0,0,0,0,0,111111111011001110010000011100111100110100100110011110000000
109,1,0,0,1,1,1,1,1,1,1,1,1,1,0,1,0,1,0,1,1,0,0,0,0,0,0,1,1,1,1,0,0,0,1,0,1,1,0,1,0,1,1,1,0,1,0,1,1,0,1,0,0,0,1,1,0,0,1,1,0,100111111111101010110000001111000101101011101011010001100110
110,1,1,1,0,1,1,0,1,0,1,0,0,0,0,0,0,1,0,0,1,0,0,0,0,1,0,1,1,0,0,1,0,0,0,1,0,1,1,1,1,1,1,0,1,0,0,0,0,0,1,0,1,0,0,0,0,0,1,0,1,111011010100000010010000101100100010111111010000010100000101
111,1,1,1,0,0,0,0,0,1,1,1,0,0,0,0,0,0,0,0,0,0,0,1,0,1,0,0,0,0,1,0,0,0,1,1,1,1,0,0,1,0,1,0,0,0,1,0,1,0,1,0,0,1,1,1,0,0,1,0,1,111000001110000000000010100001000111100101000101010011100101
112,0,1,0,1,1,1,0,1,0,0,1,1,1,0,0,1,0,0,0,1,0,0,0,1,0,1,1,0,0,1,1,0,0,0,0,0,1,0,0,1,0,0,0,0,1,1,0,1,1,0,0,1,1,0,0,0,1,1,1,1,010111010011100100010001011001100000100100001101100110001111
113,1,1,1,1,0,0,1,0,0,1,0,1,0,0,0,1,0,0,0,0,0,0,0,0,0,1,1,0,1,1,0,0,0,1,0,0,0,1,0,0,0,0,1,1,0,1,1,1,0,0,1,0,1,1,1,0,0,0,0,0,111100100101000100000000011011000100010000110111001011100000
114,0,1,1,1,0,1,0,1,0,1,1,0,1,1,0,1,0,0,1,0,0,1,1,0,0,0,0,0,0,0,1,0,0,0,1,0,0,0,0,1,1,0,0,0,1,1,1,1,0,1,0,1,1,0,0,1,1,1,0,1,011101010110110100100110000000100010000110001111010110011101
115,1,1,1,0,1,1,0,0,0,1,1,0,0,0,0,1,1,1,0,0,1,0,0,0,1,0,0,1,0,0,1,0,0,0,1,0,0,1,1,1,1,1,1,0,1,1,1,1,1,0,1,0,0,0,1,0,0,0,1,0,111011000110000111001000100100100010011111101111101000100010
116,1,1,0,0,1,1,1,1,0,1,1,0,0,0,0,1,0,1,1,0,0,0,1,1,1,0,0,0,1,1,0,0,0,0,1,1,1,1,1,0,0,0,1,1,0,0,0,1,0,0,0,1,0,0,0,1,0,1,0,0,110011110110000101100011100011000011111000110001000100010100
117,1,0,0,0,1,1,0,0,1,1,0,1,1,1,0,0,1,0,0,0,1,0,0,0,1,0,1,0,1,1,0,0,1,0,0,0,1,0,0,0,1,0,1,1,0,1,1,1,0,0,0,0,1,0,0,0,0,0,0,0,100011001101110010001000101011001000100010110111000010000000
118,1,0,1,1,0,1,1,1,1,1,1,0,1,0,0,0,0,0,0,1,0,0,1,0,0,0,0,0,0,1,0,1,0,0,0,1,1,0,0,0,1,0,0,1,0,0,1,1,0,1,0,0,1,0,0,1,1,0,0,1,101101111110100000010010000001010001100010010011010010011001
119,0,1,0,1,0,0,1,1,1,0,0,1,1,1,0,0,1,0,0,0,1,0,0,1,1,0,1,0,1,1,1,1,0,1,0,0,1,1,1,1,0,0,1,1,0,1,0,1,0,1,1,0,1,0,1,0,0,0,1,0,010100111001110010001001101011110100111100110101011010100010
120,1,1,1,1,0,1,0,1,1,0,1,1,0,1,0,0,1,1,1,1,1,0,0,0,1,1,1,0,0,1,1,0,0,0,0,0,1,1,0,1,1,1,0,0,0,0,0,0,0,1,1,1,0,1,0,0,0,1,1,1,111101011011010011111000111001100000110111000000011101000111
121,1,1,0,1,0,1,0,1,1,1,1,0,1,0,0,0,1,0,1,0,0,0,0,1,0,0,1,0,0,0,0,0,0,0,0,1,0,0,1,0,0,0,0,1,0,1,0,1,1,0,1,1,0,0,0,1,0,0,0,0,110101011110100010100001001000000001001000010101101100010000
122,1,1,1,0,1,1,0,0,1,1,1,0,1,1,0,1,1,0,0,0,1,0,0,0,0,0,0,0,0,0,1,0,0,0,0,1,1,1,1,0,1,0,0,1,0,0,1,0,0,1,1,1,0,1,0,0,0,1,0,1,111011001110110110001000000000100001111010010010011101000101
123,1,1,0,1,0,1,0,0,1,1,0,1,1,1,0,1,1,1,0,0,0,0,0,0,0,0,1,1,1,0,1,0,0,1,0,1,0,0,1,0,0,1,0,0,0,0,1,1,0,1,0,0,0,0,0,1,0,1,0,1,110101001101110111000000001110100101001001000011010000010101
124,1,1,1,0,1,0,1,1,0,1,1,1,0,1,1,0,1,0,0,0,0,0,1,0,0,0,1,1,0,1,0,0,1,0,0,0,1,0,0,1,0,0,0,0,0,1,1,0,0,1,0,0,0,1,1,0,0,0,0,0,111010110111011010000010001101001000100100000110010001100000
125,1,0,1,1,1,0,0,1,0,0,0,0,0,0,0,0,1,0,1,0,0,0,0,1,0,1,1,1,0,1,1,0,0,0,1,1,1,0,1,1,0,0,1,1,0,0,0,1,1,1,1,0,1,0,0,0,0,1,0,0,101110010000000010100001011101100011101100110001111010000100
126,0,0,1,0,1,0,1,1,0,1,1,1,0,1,0,1,1,1,1,1,1,0,0,0,0,1,0,1,1,1,1,1,1,1,0,1,0,0,0,1,1,0,0,1,0,1,1,0,0,0,0,0,1,0,0,0,0,0,1,1,001010110111010111111000010111111101000110010110000010000011
127,0,1,1,0,1,1,1,1,0,0,1,0,0,1,0,1,1,0,0,0,0,0,0,0,0,1,0,0,1,0,1,0,0,1,1,1,1,1,1,0,0,1,1,0,0,0,0,0,1,0,1,1,1,1,0,0,1,0,0,1,011011110010010110000000010010100111111001100000101111001001
128,0,1,1,1,1,0,1,1,1,0,1,0,0,1,1,0,1,0,0,0,1,1,0,0,0,0,1,1,0,0,1,0,0,0,0,1,0,1,1,0,0,1,0,1,1,0,1,1,1,1,1,0,0,1,0,0,1,1,0,1,011110111010011010001100001100100001011001011011111001001101
129,1,1,0,1,1,1,0,0,1,0,1,0,0,0,0,0,1,1,1,0,0,0,0,1,1,1,0,0,1,0,1,1,0,0,0,0,0,1,0,1,0,0,1,0,1,0,1,0,0,1,1,0,0,1,1,0,1,1,0,1,110111001010000011100001110010110000010100101010011001101101
130,1,1,0,1,1,1,1,0,1,1,1,1,0,0,0,1,1,1,1,0,0,0,0,1,0,1,1,0,0,1,1,0,0,1,0,0,1,1,1,0,0,0,0,0,1,1,0,1,0,0,0,1,1,0,0,0,0,1,0,1,110111101111000111100001011001100100111000001101000110000101
131,1,1,1,0,1,0,0,1,1,1,0,1,1,1,0,1,0,0,0,0,0,0,0,1,0,1,0,0,1,1,1,0,1,0,0,1,1,0,1,0,0,0,0,1,0,1,1,0,0,0,1,0,1,0,0,0,0,1,0,1,111010011101110100000001010011101001101000010110001010000101
132,1,0,1,1,0,1,1,0,0,1,0,0,1,0,0,1,1,0,0,0,0,0,1,0,0,0,1,1,0,1,0,0,0,0,1,1,1,1,1,1,1,0,0,0,1,0,1,1,0,1,1,1,0,1,0,0,1,0,1,0,101101100100100110000010001101000011111110001011011101001010
133,1,1,0,1,1,0,1,1,0,0,0,1,0,0,0,1,1,0,1,0,1,0,0,1,0,0,1,0,0,1,0,0,0,0,1,1,0,1,1,0,0,1,1,0,0,0,0,1,0,1,0,1,0,0,1,0,0,0,0,0,110110110001000110101001001001000011011001100001010100100000
134,0,1,1,0,1,1,1,1,0,1,1,1,1,1,1,1,1,0,0,0,0,0,1,0,1,0,0,0,1,0,1,0,1,1,1,0,1,0,1,1,0,0,0,0,1,1,0,0,0,1,1,0,1,1,0,1,0,1,0,0,011011110111111110000010100010101110101100001100011011010100
135,0,0,1,1,0,1,0,1,0,0,1,1,1,1,0,1,0,0,0,0,0,0,0,1,0,0,0,1,0,1,0,0,1,0,1,0,0,1,0,1,0,1,1,0,1,0,1,0,0,0,1,1,0,1,1,0,1,1,0,0,001101010011110100000001000101001010010101101010001101101100
136,0,1,1,1,1,1,0,0,1,1,0,0,0,0,0,1,1,1,0,0,0,0,0,1,0,0,0,1,1,1,0,0,0,0,0,0,1,0,0,1,0,0,1,0,1,0,1,1,0,0,0,1,0,1,0,0,0,1,0,0,011111001100000111000001000111000000100100101011000101000100
137,0,1,1,0,1,1,0,1,0,1,1,1,1,1,0,1,0,1,0,0,1,0,0,0,0,1,0,1,0,0,0,1,0,1,0,1,0,1,0,0,0,0,1,0,1,0,0,1,0,1,0,0,0,1,0,1,0,1,0,1,011011010111110101001000010100010101010000101001010001010101
138,1,0,0,1,1,0,0,1,1,1,0,0,0,0,1,0,0,0,0,1,1,0,1,0,0,0,0,0,1,1,1,0,0,1,0,0,1,1,0,1,0,1,0,0,0,1,1,0,1,0,1,1,1,0,1,0,1,1,0,0,100110011100001000011010000011100100110101000110101110101100
139,0,1,1,1,0,0,1,1,1,0,0,1,1,1,0,1,1,0,0,0,1,0,0,0,0,1,0,1,0,1,1,0,0,1,1,0,0,0,0,1,0,0,1,1,0,0,0,1,0,0,1,0,1,1,1,1,0,1,1,0,011100111001110110001000010101100110000100110001001011110110
140,1,0,1,1,1,1,0,1,1,1,1,0,0,0,0,1,0,0,1,0,0,0,0,0,0,0,0,1,1,1,1,0,0,1,1,0,0,0,0,1,0,0,1,0,0,1,0,0,0,1,1,0,1,0,1,0,0,1,1,1,101111011110000100100000000111100110000100100100011010100111
141,0,0,1,0,0,1,0,1,1,1,1,1,0,0,1,0,1,0,0,1,0,0,1,1,1,1,0,1,1,1,0,0,0,1,0,1,1,0,1,1,0,0,0,1,0,1,1,0,1,0,0,1,1,1,0,0,1,0,0,0,001001011111001010010011110111000101101100010110100111001000
142,1,1,1,1,1,1,0,0,0,0,0,1,1,1,0,1,1,1,0,1,0,0,1,1,0,0,1,0,1,1,0,0,0,0,0,1,0,1,0,0,0,1,1,1,0,1,0,0,0,0,0,0,0,0,1,0,0,1,0,1,111111000001110111010011001011000001010001110100000000100101
143,1,0,0,1,1,1,1,0,1,0,0,1,0,1,1,1,1,0,0,0,0,1,1,0,0,0,1,0,0,0,1,1,1,0,0,1,1,0,1,1,1,0,0,1,0,1,1,0,0,1,1,0,0,0,0,1,1,1,0,0,100111101001011110000110001000111001101110010110011000011100
144,0,1,1,1,1,1,0,1,0,1,1,1,0,1,0,1,1,0,0,1,0,0,0,0,0,1,1,0,1,0,0,0,0,0,0,0,0,1,0,1,0,1,0,1,0,1,1,1,0,0,0,1,0,0,0,0,1,0,0,0,011111010111010110010000011010000000010101010111000100001000
145,0,0,1,1,1,1,1,1,1,0,0,1,1,0,1,0,1,0,1,0,0,1,0,0,1,1,0,0,1,1,1,1,0,0,0,1,0,0,1,0,0,0,0,0,0,1,1,1,0,0,1,0,0,0,1,1,0,1,0,1,001111111001101010100100110011110001001000000111001000110101
146,1,0,1,0,1,0,1,1,1,1,1,1,1,0,1,1,0,0,1,0,0,1,0,1,0,0,0,1,1,0,0,0,0,1,0,0,0,0,1,1,1,0,0,1,1,1,1,0,0,0,0,0,1,0,1,1,0,1,0,1,101010111111101100100101000110000100001110011110000010110101
147,1,0,1,1,0,1,1,1,1,1,1,1,1,1,1,1,1,0,1,0,0,1,0,1,0,1,1,1,1,1,0,0,0,1,0,0,0,0,0,0,0,1,1,1,0,1,1,0,0,0,1,0,1,0,1,0,0,1,0,1,101101111111111110100101011111000100000001110110001010100101
148,1,1,1,1,0,1,1,0,1,1,1,0,1,0,0,1,1,0,0,1,0,1,1,1,1,1,1,1,0,0,0,1,1,0,0,0,1,1,1,0,0,0,1,1,0,1,0,1,0,1,0,0,0,1,0,0,0,0,0,1,111101101110100110010111111100011000111000110101010001000001
149,1,1,0,0,1,0,1,0,1,1,1,0,0,1,0,1,0,1,0,1,0,0,0,0,0,1,1,1,0,1,1,0,0,0,0,1,0,1,0,1,1,1,1,0,0,1,1,0,1,1,0,0,0,0,0,0,0,0,0,0,110010101110010101010000011101100001010111100110110000000000
150,0,1,0,1,0,1,0,1,1,1,1,1,0,0,0,1,1,1,0,0,0,1,0,0,0,0,1,0,0,1,1,1,0,1,0,1,0,1,0,1,0,0,1,0,0,0,1,0,1,1,1,1,0,0,0,1,1,1,0,1,010101011111000111000100001001110101010100100010111100011101
151,0,0,0,1,1,1,0,1,1,1,0,0,0,1,0,0,0,1,1,0,0,0,0,1,0,0,0,1,1,0,1,0,0,1,0,1,0,0,0,1,0,1,0,1,0,0,1,0,0,1,1,1,1,0,0,0,0,0,1,0,000111011100010001100001000110100101000101010010011110000010
152,0,1,0,0,1,0,0,1,0,0,1,0,1,0,1,1,0,0,0,0,0,0,1,0,1,0,0,0,1,1,1,0,0,0,0,0,1,1,0,1,1,1,1,0,1,1,0,1,0,0,0,1,0,0,0,0,0,0,0,1,010010010010101100000010100011100000110111101101000100000001
153,1,1,1,0,0,0,1,1,0,0,0,1,1,1,1,1,0,1,0,0,1,0,0,0,1,0,0,1,0,0,0,1,0,0,0,0,1,1,0,1,0,0,0,0,1,1,1,0,0,1,0,0,1,0,1,0,0,1,0,0,111000110001111101001000100100010000110100001110010010100100
154,1,0,0,0,1,0,0,1,1,1,1,0,0,0,1,1,1,0,1,0,0,0,0,1,1,0,0,0,1,1,1,0,0,0,1,0,0,0,1,1,0,1,1,0,1,1,0,0,0,0,1,1,1,1,1,1,1,0,1,1,100010011110001110100001100011100010001101101100001111111011
155,1,1,0,1,0,1,0,0,1,1,1,1,1,0,0,1,0,0,0,1,0,1,0,0,0,1,1,0,1,0,0,1,0,1,0,0,1,1,1,1,1,0,1,1,0,1,0,0,0,1,0,0,1,0,0,1,1,1,1,0,110101001111100100010100011010010100111110110100010010011110
156,1,0,1,1,1,1,0,0,0,1,0,1,0,1,0,1,0,0,1,0,0,0,0,0,0,1,1,0,1,1,0,1,0,1,0,0,0,0,1,1,1,0,0,0,0,0,1,1,0,1,0,1,1,0,0,0,0,1,0,1,101111000101010100100000011011010100001110000011010110000101
157,0,1,1,1,0,0,0,0,1,0,0,1,1,0,0,1,0,0,0,1,0,0,0,0,0,0,1,1,1,1,1,0,0,0,1,0,0,1,0,1,1,0,1,0,1,1,0,0,0,0,0,1,1,0,1,1,1,0,0,1,011100001001100100010000001111100010010110101100000110111001
158,1,1,1,0,0,1,0,1,1,1,1,1,0,0,0,1,1,0,1,0,0,1,0,1,0,0,0,1,1,1,1,0,0,1,1,0,0,1,0,1,0,0,1,1,0,0,0,1,1,1,0,1,0,1,0,0,0,0,0,0,111001011111000110100101000111100110010100110001110101000000
159,1,1,1,1,1,1,0,1,1,0,1,0,1,1,0,0,1,0,0,0,1,0,0,0,0,0,1,1,1,0,1,0,0,0,0,0,1,1,1,1,0,0,0,0,1,1,1,1,0,1,1,0,1,0,0,0,0,1,0,1,111111011010110010001000001110100000111100001111011010000101
160,1,0,1,1,0,0,1,1,1,0,0,1,1,0,1,0,0,1,1,0,0,0,0,1,0,0,1,1,1,1,1,1,0,1,0,0,1,0,1,1,0,0,0,0,0,1,0,1,0,0,0,0,0,0,0,0,1,1,0,0,101100111001101001100001001111110100101100000101000000001100
161,1,1,1,1,1,0,0,1,0,0,1,0,0,0,0,1,0,0,0,0,0,0,0,1,0,0,0,0,1,0,0,0,0,1,0,1,0,1,0,0,1,0,1,1,0,0,1,1,0,1,0,1,0,0,0,0,0,1,0,0,111110010010000100000001000010000101010010110011010100000100
162,0,1,0,0,1,0,1,1,1,1,1,0,0,1,1,0,0,0,0,0,0,0,1,1,0,1,1,0,1,0,1,0,0,1,0,0,0,1,1,0,1,0,1,1,1,0,0,0,1,0,1,0,0,0,1,0,0,0,0,0,010010111110011000000011011010100100011010111000101000100000
163,1,1,0,0,1,0,0,1,1,1,1,1,0,0,0,1,0,0,0,1,1,0,0,1,0,1,1,1,0,1,1,1,0,1,1,1,1,0,1,1,0,1,1,0,0,1,1,1,1,1,0,1,0,1,0,0,1,1,1,0,110010011111000100011001011101110111101101100111110101001110
164,0,0,1,0,1,1,1,1,0,1,0,0,0,1,1,1,1,0,0,0,1,0,1,1,1,0,0,0,0,1,1,0,0,0,1,0,0,0,0,0,0,0,0,1,0,1,0,0,0,0,1,0,1,1,1,0,1,0,1,1,001011110100011110001011100001100010000000010100001011101011
165,1,1,1,1,0,1,1,1,1,1,1,0,0,1,0,0,1,0,0,0,0,1,0,0,0,0,0,1,0,0,0,0,0,0,0,0,0,1,0,0,1,0,0,1,0,0,1,1,0,0,1,1,0,0,0,0,1,0,0,1,111101111110010010000100000100000000010010010011001100001001
166,1,1,1,1,1,1,1,1,0,1,1,0,1,0,0,1,1,1,1,0,0,0,0,1,1,1,0,0,1,0,1,0,0,1,0,1,1,1,1,1,0,0,0,1,0,1,1,0,1,1,1,1,1,0,0,0,0,1,0,1,111111110110100111100001110010100101111100010110111110000101
167,1,1,0,1,0,1,1,0,0,0,1,0,1,1,0,1,0,0,0,0,1,0,0,0,1,1,0,0,0,0,0,0,1,0,0,0,0,1,1,1,0,0,0,0,0,1,0,0,0,1,1,1,1,0,1,0,0,1,0,0,110101100010110100001000110000001000011100000100011110100100
168,1,1,0,1,1,1,1,1,0,1,1,1,0,1,1,1,1,1,0,0,1,0,1,0,1,0,0,1,1,1,1,0,1,0,0,0,0,1,1,0,0,0,1,1,0,1,1,0,0,1,1,0,1,0,0,0,0,0,0,0,110111110111011111001010100111101000011000110110011010000000
169,1,1,0,1,0,0,1,1,0,1,0,1,0,0,1,1,1,0,1,1,0,0,0,0,1,0,0,0,1,1,1,0,0,0,0,0,1,0,0,0,1,0,0,0,1,0,0,0,0,0,1,0,0,1,0,1,1,0,0,1,110100110101001110110000100011100000100010001000001001011001
170,1,1,1,1,1,1,1,1,1,0,0,1,0,1,1,0,0,0,0,0,1,1,1,0,0,0,1,1,1,1,1,0,1,0,1,1,1,0,0,1,0,0,0,0,0,1,1,0,1,0,1,0,0,0,1,0,0,1,1,1,111111111001011000001110001111101011100100000110101000100111
171,1,0,0,0,0,1,0,1,1,1,1,1,1,0,1,1,0,1,0,0,0,0,1,1,0,0,0,0,0,1,1,0,0,1,0,1,1,0,1,0,1,1,0,1,0,1,0,1,1,0,1,0,1,0,1,0,0,1,1,1,100001011111101101000011000001100101101011010101101010100111
172,1,1,0,1,1,1,0,1,1,0,0,0,0,1,0,0,1,0,0,1,0,0,0,1,1,0,0,1,1,1,0,1,0,1,0,0,1,0,1,0,1,1,1,1,0,0,0,1,0,1,0,1,1,0,1,0,0,1,1,0,110111011000010010010001100111010100101011110001010110100110
173,0,0,1,0,0,1,0,0,0,0,0,1,1,1,0,0,1,0,0,0,0,0,0,0,1,0,0,1,0,1,0,1,0,0,1,1,1,0,1,0,0,0,1,0,1,1,1,0,0,1,0,0,1,0,1,0,0,1,0,1,001001000001110010000000100101010011101000101110010010100101
174,1,0,0,0,1,0,0,0,1,0,0,0,1,1,1,1,1,0,0,0,0,0,1,1,0,0,0,0,0,1,0,1,1,0,1,0,0,0,1,1,0,1,1,0,0,1,1,0,0,0,0,0,0,0,0,0,0,0,0,1,100010001000111110000011000001011010001101100110000000000001
175,1,1,0,1,0,1,0,1,0,1,1,1,0,0,0,1,0,0,1,1,0,0,1,0,0,1,1,0,0,1,0,1,1,0,1,0,0,0,0,1,0,0,1,1,1,0,0,0,0,0,0,0,1,1,1,0,0,0,0,0,110101010111000100110010011001011010000100111000000011100000
176,1,0,1,1,1,0,1,1,0,0,1,0,0,0,1,0,0,1,0,1,0,1,0,0,0,0,0,1,0,1,0,0,0,0,1,1,1,1,1,1,0,0,1,1,0,0,0,0,1,1,1,1,0,0,0,0,1,0,0,1,101110110010001001010100000101000011111100110000111100001001
177,1,1,1,0,0,1,1,1,1,1,1,0,0,0,0,0,1,1,1,0,0,1,0,1,0,0,1,1,0,0,0,1,1,0,0,1,0,0,1,0,0,0,1,0,1,0,1,1,1,0,1,0,0,0,0,1,1,0,0,1,111001111110000011100101001100011001001000101011101000011001
178,1,0,1,0,1,1,0,1,0,1,0,1,1,0,1,0,0,0,1,0,0,0,0,1,0,1,1,1,0,1,1,0,1,1,1,0,0,0,1,1,1,0,0,1,1,0,1,1,0,1,0,1,1,1,0,0,1,1,0,1,101011010101101000100001011101101110001110011011010111001101
179,1,0,1,1,1,1,1,0,1,1,1,0,1,1,0,0,1,1,0,1,0,0,1,0,1,1,1,0,1,0,1,1,0,0,0,0,0,1,0,1,1,0,1,1,1,0,1,1,1,0,1,0,1,0,0,0,0,1,1,1,101111101110110011010010111010110000010110111011101010000111
180,1,0,1,0,0,1,0,1,0,0,0,0,0,1,1,1,0,1,0,0,0,0,1,0,1,0,0,1,0,1,1,0,0,0,0,1,1,1,0,1,1,0,1,0,0,1,0,0,1,0,1,0,1,1,0,0,1,1,1,0,101001010000011101000010100101100001110110100100101011001110
181,0,1,1,1,1,0,0,0,1,1,1,0,1,0,1,1,1,0,0,1,0,0,0,0,0,1,0,0,0,1,0,0,1,0,1,0,0,0,1,1,0,0,1,1,1,0,1,1,1,0,0,1,0,1,1,0,0,1,0,1,011110001110101110010000010001001010001100111011100101100101
182,0,1,1,1,0,1,1,1,0,0,0,1,0,1,0,1,0,0,0,0,0,0,0,0,0,1,0,1,1,0,1,1,0,0,1,1,0,1,0,0,0,0,0,0,1,0,1,0,0,0,0,1,0,1,1,0,1,0,0,0,011101110001010100000000010110110011010000001010000101101000
183,1,1,0,1,1,1,0,1,0,0,0,0,1,0,1,1,0,0,0,0,0,0,0,0,0,1,1,1,0,1,1,1,1,0,1,1,1,1,1,0,1,0,1,0,0,1,1,1,1,0,0,0,0,1,1,1,0,1,1,0,110111010000101100000000011101111011111010100111100001110110
184,1,0,0,0,1,0,0,1,1,1,1,1,1,1,1,1,1,1,0,1,1,0,1,1,0,0,0,0,1,1,1,1,0,0,0,1,0,0,1,0,1,0,0,1,1,0,0,0,0,1,1,1,0,0,0,0,1,0,1,0,100010011111111111011011000011110001001010011000011100001010
185,1,0,0,1,0,1,1,1,1,0,1,1,0,0,0,0,0,0,1,0,1,0,0,1,0,1,1,0,1,0,0,0,0,1,1,0,0,1,0,0,1,1,0,1,0,1,1,1,1,1,0,1,0,0,1,0,1,1,0,0,100101111011000000101001011010000110010011010111110100101100
186,1,1,0,0,1,1,0,1,1,1,0,0,1,1,1,1,1,1,0,0,1,1,1,0,1,1,0,1,1,0,0,0,0,1,0,0,1,0,1,0,0,0,1,1,1,1,0,1,0,0,0,1,1,0,1,0,0,0,0,1,110011011100111111001110110110000100101000111101000110100001
187,1,1,0,0,1,1,1,0,1,1,0,0,0,1,0,1,1,1,0,0,0,1,0,0,0,1,0,0,1,0,1,1,1,1,0,1,0,0,0,1,0,0,1,0,1,1,0,1,1,0,0,0,1,0,0,0,0,0,1,0,110011101100010111000100010010111101000100101101100010000010
188,1,1,0,1,0,1,1,1,1,0,1,1,1,1,0,1,1,0,0,0,0,0,0,0,0,0,1,0,0,1,1,0,0,1,1,1,1,0,1,0,0,0,0,0,1,0,1,1,1,0,1,0,1,1,0,0,0,1,1,1,110101111011110110000000001001100111101000001011101011000111
189,1,1,1,0,1,0,1,1,1,0,1,1,0,1,1,1,1,1,1,0,1,0,1,0,0,1,0,1,1,0,0,0,1,0,1,0,1,0,1,1,0,1,1,1,0,0,1,0,1,0,0,0,1,1,1,0,1,0,0,0,111010111011011111101010010110001010101101110010100011101000
190,1,1,0,1,0,1,0,1,1,1,1,1,0,0,0,1,0,0,1,0,1,0,1,0,1,0,0,1,1,1,1,0,1,0,1,0,0,1,0,0,0,0,0,0,0,1,0,1,0,1,0,1,0,0,1,0,0,1,1,0,110101011111000100101010100111101010010000000101010100100110
191,1,1,1,1,0,1,0,0,1,0,1,1,1,0,1,1,1,1,0,1,0,0,0,0,0,0,0,0,0,1,0,0,0,1,0,1,0,0,1,0,0,1,1,0,1,1,0,1,0,0,0,1,1,0,1,0,0,1,1,0,111101001011101111010000000001000101001001101101000110100110
192,1,1,1,1,1,0,0,0,1,0,0,1,1,0,0,0,0,0,0,1,1,0,1,0,0,0,0,1,0,0,1,1,1,1,1,1,1,1,1,0,0,0,1,0,1,0,1,1,0,1,0,0,0,0,1,0,0,0,0,0,111110001001100000011010000100111111111000101011010000100000
193,1,1,0,0,0,1,0,1,0,0,1,0,0,0,1,0,1,0,0,0,0,1,1,1,0,1,0,0,1,1,0,0,0,1,0,1,0,0,0,1,0,0,0,0,0,0,0,1,0,0,1,1,1,1,0,0,0,0,0,1,110001010010001010000111010011000101000100000001001111000001
194,0,0,1,0,1,1,0,1,1,0,1,0,0,0,1,0,0,1,0,0,1,1,0,1,1,0,1,1,0,1,1,0,0,1,0,0,0,1,0,1,0,0,0,0,1,0,1,0,0,1,0,1,1,1,0,0,0,0,1,1,001011011010001001001101101101100100010100001010010111000011
195,1,1,1,1,1,1,1,0,1,0,0,1,1,0,0,1,1,0,0,0,0,1,0,0,0,0,0,1,1,1,0,0,0,0,0,1,1,1,0,1,0,0,0,1,1,0,1,1,0,0,1,1,1,0,0,0,1,0,1,1,111111101001100110000100000111000001110100011011001110001011
196,1,1,1,1,1,1,0,1,1,1,1,1,0,0,1,1,1,0,1,1,0,0,1,1,1,1,1,1,1,0,0,0,1,0,0,1,0,0,1,1,0,0,0,1,1,0,0,1,0,0,1,1,0,0,0,0,0,1,1,1,111111011111001110110011111110001001001100011001001100000111
197,0,0,1,0,0,1,0,0,1,1,1,0,1,1,0,1,1,1,0,0,0,0,1,1,1,0,1,1,1,0,1,1,1,1,1,0,1,0,0,0,1,0,1,1,1,0,1,1,0,1,1,0,0,1,1,1,1,1,0,0,001001001110110111000011101110111110100010111011011001111100
198,1,1,1,1,0,1,0,1,0,1,0,1,0,0,0,1,1,1,0,0,0,1,0,0,1,1,1,0,1,1,0,0,0,1,1,1,1,1,1,0,1,0,0,1,0,1,1,1,0,0,1,1,0,0,0,0,1,1,0,1,111101010101000111000100111011000111111010010111001100001101
199,1,1,1,0,0,0,0,1,1,0,0,1,0,1,1,0,0,1,0,1,1,1,0,0,0,0,1,0,1,0,1,0,0,1,0,1,0,1,1,1,0,0,0,0,0,1,1,1,1,1,0,0,1,0,1,0,1,1,1,1,111000011001011001011100001010100101011100000111110010101111
200,1,1,1,0,1,0,0,0,1,0,0,1,1,1,0,0,1,1,0,0,0,0,1,1,0,0,1,1,1,1,1,0,1,0,1,1,0,1,0,1,0,0,1,0,1,0,1,0,1,0,0,0,1,1,1,0,1,1,0,0,111010001001110011000011001111101011010100101010100011101100
201,0,0,1,0,0,1,0,0,0,1,1,1,0,1,0,0,1,0,0,1,0,0,0,0,0,0,1,1,0,1,1,0,0,1,1,0,0,1,0,0,0,0,1,1,0,1,0,1,0,0,0,1,0,1,1,0,0,0,1,0,001001000111010010010000001101100110010000110101000101100010
202,1,1,1,0,1,0,0,0,0,1,1,1,0,0,0,1,0,0,0,1,0,1,0,0,0,1,0,0,1,1,1,0,0,1,1,0,0,0,1,1,0,1,0,0,0,1,0,0,0,0,0,1,0,1,1,0,0,0,0,1,111010000111000100010100010011100110001101000100000101100001
203,1,0,1,1,1,0,1,1,1,1,1,1,1,1,0,1,0,0,0,1,0,1,0,1,0,0,1,1,1,1,0,0,1,1,1,0,0,1,1,1,0,0,0,0,1,0,1,1,0,0,1,1,0,0,0,1,1,0,0,0,101110111111110100010101001111001110011100001011001100011000
204,1,1,0,0,1,1,0,1,1,0,0,0,1,1,1,0,1,0,0,1,1,0,1,0,1,0,0,0,0,1,0,0,1,1,0,0,1,1,0,1,0,1,0,0,0,1,0,1,0,0,0,0,1,0,0,1,0,0,0,1,110011011000111010011010100001001100110101000101000010010001
205,0,1,1,0,0,1,0,0,1,0,1,0,0,0,0,1,1,0,0,1,0,1,0,0,0,1,1,0,0,1,0,1,1,1,0,0,0,0,0,1,1,0,0,1,0,1,1,0,0,0,1,1,0,0,0,0,1,0,0,1,011001001010000110010100011001011100000110010110001100001001
206,0,1,1,1,1,1,1,1,1,0,1,1,0,0,1,0,1,1,0,1,0,0,0,0,0,0,1,0,0,1,0,1,0,1,1,0,1,0,0,1,1,0,0,0,1,0,1,1,1,1,1,1,0,1,0,0,0,0,1,1,011111111011001011010000001001010110100110001011111101000011
207,0,1,1,1,0,0,0,1,1,0,0,1,1,1,0,0,1,0,0,0,1,0,1,0,0,0,0,1,0,1,0,1,0,1,0,0,0,0,1,1,0,1,1,1,0,0,1,1,0,1,1,1,0,0,1,0,0,1,0,1,011100011001110010001010000101010100001101110011011100100101
208,0,0,1,1,0,1,0,1,1,0,0,1,0,0,0,0,0,0,1,1,1,0,0,1,0,1,1,1,1,0,1,1,0,0,1,0,0,1,1,0,0,1,1,0,0,1,1,1,0,0,0,1,0,0,0,0,0,0,0,1,001101011001000000111001011110110010011001100111000100000001
209,1,1,0,1,1,1,1,0,0,0,1,1,0,1,0,1,0,0,1,0,1,0,0,1,0,1,1,0,0,1,0,1,0,0,1,0,0,0,1,1,1,1,1,1,0,0,1,0,1,1,1,1,0,0,0,0,0,1,0,0,110111100011010100101001011001010010001111110010111100000100
210,1,1,1,1,0,1,1,0,0,0,1,1,0,0,1,0,1,0,0,0,1,1,1,0,0,0,0,1,0,0,1,0,0,0,1,0,1,1,1,0,0,1,1,1,0,0,1,1,0,1,0,0,0,0,0,0,1,1,0,0,111101100011001010001110000100100010111001110011010000001100
211,1,1,0,0,1,1,1,0,1,1,1,1,1,0,0,0,1,1,1,0,1,1,0,0,0,1,1,0,0,1,0,1,0,1,1,1,0,1,0,1,0,0,1,1,0,1,1,0,0,0,0,0,1,1,0,0,0,0,1,1,110011101111100011101100011001010111010100110110000011000011
212,1,1,0,0,0,0,1,0,0,1,1,1,1,0,0,1,1,0,1,1,0,0,0,0,1,0,0,1,1,1,1,0,0,0,1,1,0,1,1,1,0,1,0,1,1,1,0,0,0,0,1,1,0,0,0,0,0,0,1,1,110000100111100110110000100111100011011101011100001100000011
213,1,0,1,1,1,0,0,0,1,1,1,1,1,1,0,0,0,0,0,0,0,0,0,0,1,1,0,0,1,0,1,0,0,0,0,0,1,1,1,1,0,0,0,1,1,0,0,1,0,0,0,0,0,0,0,0,1,1,0,1,101110001111110000000000110010100000111100011001000000001101
214,0,1,1,1,1,1,1,0,1,1,1,1,1,1,0,1,0,0,0,0,0,1,0,0,0,1,0,0,0,0,0,1,0,0,1,0,1,1,0,1,1,1,0,0,0,0,1,1,1,1,1,1,0,1,0,0,0,0,1,1,011111101111110100000100010000010010110111000011111101000011
215,0,1,1,0,0,1,1,0,0,0,1,0,1,0,1,1,1,0,0,0,1,0,0,1,0,0,0,1,0,0,1,1,0,0,1,1,1,0,1,1,0,1,0,1,0,0,1,1,1,0,0,1,1,0,0,1,1,0,0,0,011001100010101110001001000100110011101101010011100110011000
216,1,1,0,1,1,1,0,0,0,1,1,0,1,0,1,0,1,0,0,1,0,0,0,1,0,1,1,0,1,1,0,0,0,0,0,1,1,1,1,1,1,0,1,0,0,1,0,0,0,0,1,1,1,0,1,0,1,0,0,0,110111000110101010010001011011000001111110100100001110101000
217,1,0,0,0,1,1,0,1,1,1,1,1,0,0,0,0,1,0,0,1,0,0,1,1,0,1,0,1,0,1,0,0,1,0,0,1,0,0,0,1,1,0,0,1,0,1,0,0,1,1,0,1,0,1,1,0,1,0,1,0,100011011111000010010011010101001001000110010100110101101010
218,1,1,1,0,1,1,0,0,0,1,1,1,0,0,1,0,1,0,0,0,0,0,0,1,1,1,0,1,0,1,1,0,0,0,1,0,0,0,0,1,1,0,0,0,0,0,1,0,1,0,1,0,1,0,1,1,1,1,1,1,111011000111001010000001110101100010000110000010101010111111
219,0,1,1,1,1,0,1,1,0,0,1,1,0,0,0,1,1,0,1,0,0,0,0,0,0,0,0,0,0,0,1,0,0,1,0,1,1,0,1,1,0,0,0,0,0,1,1,0,1,1,1,0,0,1,0,1,1,1,0,1,011110110011000110100000000000100101101100000110111001011101
220,1,1,1,0,1,0,1,0,1,0,0,1,0,1,0,1,1,0,1,0,0,1,1,1,0,0,0,1,1,1,1,0,1,0,1,1,0,1,0,0,0,0,0,1,1,1,1,1,0,0,1,0,0,0,0,0,0,1,0,1,111010101001010110100111000111101011010000011111001000000101
221,0,1,0,0,1,0,0,0,0,0,1,1,0,1,1,1,1,0,0,1,1,0,0,0,0,1,1,0,1,1,1,0,0,0,0,0,1,1,1,1,0,0,0,1,1,1,0,0,1,1,0,0,0,1,0,0,0,1,1,0,010010000011011110011000011011100000111100011100110001000110
222,1,1,1,1,0,1,0,1,1,0,1,1,1,1,0,0,0,0,0,0,1,0,0,1,0,0,1,0,1,1,0,0,1,1,0,1,0,1,0,1,0,0,0,0,0,1,1,0,1,0,1,0,0,1,0,0,1,0,0,0,111101011011110000001001001011001101010100000110101001001000
223,1,1,0,1,1,1,1,1,0,1,1,1,0,1,0,1,1,0,0,0,1,0,0,0,0,0,1,1,1,0,1,0,0,0,1,0,0,1,0,0,1,0,1,1,1,1,1,0,0,0,0,1,0,1,0,1,0,0,1,1,110111110111010110001000001110100010010010111110000101010011
224,1,0,0,0,1,0,0,1,0,1,0,0,1,0,0,0,1,0,1,0,1,0,0,1,1,1,1,1,1,1,1,0,0,0,0,0,0,1,1,0,1,0,1,0,1,1,0,0,0,0,1,0,0,0,1,0,1,1,0,0,100010010100100010101001111111100000011010101100001000101100
225,1,0,1,1,1,0,0,0,1,0,1,0,1,1,0,1,1,1,0,0,0,0,0,1,0,1,1,0,0,1,0,0,0,0,0,0,0,1,0,1,0,1,0,1,0,1,0,1,1,0,0,1,1,0,1,0,0,0,0,1,101110001010110111000001011001000000010101010101100110100001
226,1,1,1,1,1,1,0,1,0,0,1,1,1,1,0,0,1,0,1,1,0,0,0,1,0,0,1,0,1,1,1,0,1,1,0,0,1,0,1,0,0,0,0,0,0,0,1,0,0,0,1,1,0,0,0,1,0,1,0,1,111111010011110010110001001011101100101000000010001100010101
227,1,1,0,1,1,1,0,1,0,0,1,1,0,1,0,0,0,0,0,1,0,0,0,0,1,1,1,1,1,0,1,0,0,0,1,1,0,0,1,1,1,0,1,1,0,1,1,1,1,1,0,0,0,0,1,0,0,0,0,1,110111010011010000010000111110100011001110110111110000100001
228,0,0,0,1,0,1,1,0,1,0,1,1,1,0,0,1,0,0,0,0,1,1,1,0,0,0,1,0,0,0,1,0,1,0,0,0,1,1,1,1,0,1,0,0,1,1,0,0,0,0,0,0,1,1,1,0,1,0,0,0,000101101011100100001110001000101000111101001100000011101000
229,1,1,0,0,1,1,1,0,0,1,1,1,0,0,0,1,1,1,0,0,0,0,0,1,1,0,0,1,0,1,0,1,1,1,1,1,0,0,0,0,1,0,0,0,0,0,0,1,1,1,0,0,1,1,1,1,1,0,1,0,110011100111000111000001100101011111000010000001110011111010
230,0,1,0,1,0,1,0,1,1,1,0,1,0,0,0,1,1,0,0,0,0,0,1,0,1,0,0,0,1,1,1,0,0,1,0,1,1,1,1,0,0,0,0,0,0,0,0,1,0,0,0,1,1,0,0,1,0,0,0,1,010101011101000110000010100011100101111000000001000110010001
231,1,1,1,0,0,1,1,1,0,1,0,1,1,1,0,1,1,0,0,1,0,0,0,0,0,1,1,0,1,0,0,1,0,1,0,1,1,0,0,1,0,1,1,1,0,0,0,1,1,0,1,0,1,1,0,1,1,0,1,1,111001110101110110010000011010010101100101110001101011011011
232,1,1,1,1,1,1,0,1,0,0,1,0,0,1,0,1,0,1,0,1,0,0,0,0,0,1,0,0,0,0,0,1,1,1,1,1,0,0,0,1,0,0,1,0,1,1,0,0,1,1,0,1,1,1,1,0,0,1,0,1,111111010010010101010000010000011111000100101100110111100101
233,1,0,1,1,0,1,0,1,1,1,1,0,0,0,1,1,0,0,0,1,0,0,0,0,1,1,0,1,1,0,0,1,0,1,0,0,1,0,0,1,1,0,0,0,1,0,0,1,0,0,0,1,1,0,0,1,0,1,0,1,101101011110001100010000110110010100100110001001000110010101
234,1,1,1,1,1,1,0,1,0,1,0,1,1,1,0,0,1,1,0,1,1,1,0,0,1,1,1,0,0,1,1,0,0,1,0,1,1,0,1,0,0,1,1,0,0,0,0,1,0,1,1,0,0,1,1,1,0,0,0,0,111111010101110011011100111001100101101001100001011001110000
235,1,0,1,1,0,1,1,1,0,1,0,0,0,1,0,1,1,0,1,0,0,0,0,0,1,1,1,0,0,1,1,0,0,0,1,0,0,0,0,0,0,1,0,0,0,1,0,1,0,0,1,1,0,0,1,1,1,0,1,1,101101110100010110100000111001100010000001000101001100111011
236,1,1,0,1,1,1,0,0,1,1,0,1,1,1,1,0,1,0,0,0,0,0,1,0,0,0,0,1,1,0,1,0,0,1,0,0,0,1,0,0,0,1,1,1,1,1,1,0,1,0,0,1,0,1,0,0,0,1,0,1,110111001101111010000010000110100100010001111110100101000101
237,0,0,1,1,1,1,0,1,1,1,1,0,0,1,1,0,0,0,0,0,1,1,1,0,1,0,0,1,1,0,1,1,0,1,1,1,0,1,1,1,0,1,0,1,1,0,0,1,1,0,1,0,0,0,0,0,0,1,1,0,001111011110011000001110100110110111011101011001101000000110
238,0,0,0,0,1,1,0,0,0,1,0,1,0,0,1,0,0,0,0,1,0,0,0,0,0,1,0,0,1,1,1,0,0,0,1,1,0,0,0,1,0,0,1,1,1,1,1,1,0,0,0,0,0,0,0,1,0,0,0,1,000011000101001000010000010011100011000100111111000000010001
239,1,1,1,0,0,1,0,1,1,1,1,1,0,0,0,1,0,0,1,1,1,1,0,1,0,0,1,1,0,0,0,1,1,0,1,1,1,1,1,1,1,0,0,0,1,1,0,0,0,0,0,1,0,1,0,0,1,1,1,1,111001011111000100111101001100011011111110001100000101001111
240,1,1,1,0,1,1,0,1,0,1,1,0,1,0,0,0,0,0,1,0,1,0,0,0,0,1,1,0,0,1,0,1,0,1,1,0,1,0,0,1,0,0,0,1,0,0,0,1,0,1,1,0,0,1,0,0,0,1,1,0,111011010110100000101000011001010110100100010001011001000110
241,0,0,1,1,0,1,0,0,0,1,0,0,0,1,0,1,0,1,0,0,0,0,0,0,0,0,0,1,1,1,0,1,0,0,1,0,1,0,1,1,1,1,0,0,0,0,0,1,1,1,1,1,0,0,0,0,0,1,1,1,001101000100010101000000000111010010101111000001111100000111
242,0,0,0,1,1,1,0,1,0,1,1,0,0,0,1,1,1,0,1,0,0,0,0,0,0,0,0,1,0,0,1,0,1,1,0,0,0,0,0,1,1,0,0,1,0,0,0,0,1,0,0,1,1,1,0,0,1,1,0,1,000111010110001110100000000100101100000110010000100111001101
243,1,1,1,1,0,1,1,1,0,1,0,0,1,1,0,0,0,1,0,1,0,0,0,0,1,1,1,1,1,0,1,1,0,1,0,1,0,0,0,1,1,0,0,1,0,1,1,1,0,0,1,1,0,1,0,0,0,1,0,0,111101110100110001010000111110110101000110010111001101000100
244,1,0,0,0,0,1,1,1,0,1,1,1,0,1,0,0,0,0,0,1,1,1,0,0,0,0,0,1,0,1,1,1,0,1,0,0,0,1,1,0,0,0,1,0,1,0,1,0,1,0,1,0,1,1,0,0,0,1,0,0,100001110111010000011100000101110100011000101010101011000100
245,0,1,1,1,0,1,0,1,1,1,1,1,1,0,0,1,0,1,0,0,0,0,0,0,1,1,1,1,0,0,0,0,0,1,0,0,0,1,0,1,1,0,1,0,0,0,1,1,0,1,0,0,1,1,0,1,0,0,1,1,011101011111100101000000111100000100010110100011010011010011
246,1,0,1,1,0,1,0,0,1,1,0,0,0,1,1,0,1,0,0,1,1,1,1,0,0,1,1,1,1,0,1,0,0,1,0,1,0,0,1,0,1,1,1,0,0,1,1,0,0,1,0,0,1,0,0,0,0,1,0,1,101101001100011010011110011110100101001011100110010010000101
247,1,1,1,1,1,1,0,0,0,0,1,1,1,0,1,1,1,1,0,0,0,0,0,0,1,1,0,1,0,1,0,1,1,0,0,1,1,1,0,0,0,0,0,1,1,0,0,1,0,0,0,0,0,1,1,0,0,0,0,1,111111000011101111000000110101011001110000011001000001100001
248,0,1,1,1,1,0,0,1,0,0,0,1,0,1,0,1,1,0,0,0,0,0,0,0,1,1,0,1,1,1,1,0,1,1,0,0,1,0,0,1,1,1,1,0,0,0,0,1,0,0,0,1,1,0,0,1,1,0,0,0,011110010001010110000000110111101100100111100001000110011000
249,1,1,1,1,1,0,0,1,1,1,1,1,1,0,0,0,0,1,0,0,0,1,1,0,0,1,0,0,1,0,0,0,0,0,0,1,1,0,0,0,0,0,1,0,1,0,0,0,0,1,1,1,0,0,1,0,0,1,0,1,111110011111100001000110010010000001100000101000011100100101
250,1,0,1,1,1,1,0,1,1,1,1,1,1,0,1,0,1,1,0,1,0,1,0,1,0,1,0,1,1,1,0,1,0,1,1,1,0,0,0,1,0,0,0,1,1,1,1,1,0,0,1,1,0,1,0,1,0,0,0,1,101111011111101011010101010111010111000100011111001101010001
251,1,1,1,1,1,1,0,1,1,0,0,1,1,0,1,1,1,0,0,0,0,0,0,0,0,0,1,0,0,1,1,0,0,0,1,0,0,0,0,1,0,0,0,1,1,1,1,1,0,0,1,1,1,0,0,1,0,0,0,0,111111011001101110000000001001100010000100011111001110010000
252,1,1,1,1,1,1,1,1,0,1,1,0,1,0,1,1,1,0,0,1,1,1,1,0,1,1,1,1,0,1,0,1,1,0,0,1,0,1,1,1,0,0,0,0,0,0,1,1,0,1,0,0,1,0,1,1,0,1,0,1,111111110110101110011110111101011001011100000011010010110101
253,1,1,0,1,1,1,0,1,1,1,0,1,0,0,0,1,0,1,0,0,0,0,0,0,0,0,1,1,1,1,0,0,1,0,0,1,1,0,1,1,1,1,1,1,0,0,1,1,1,1,0,1,1,0,0,0,0,0,0,1,110111011101000101000000001111001001101111110011110110000001
254,0,1,1,0,1,1,1,1,0,1,1,1,0,1,0,0,0,0,1,0,0,1,0,0,1,0,0,1,1,1,1,0,0,1,0,0,0,1,1,0,1,1,1,0,1,1,0,0,1,1,0,1,1,1,0,1,1,1,0,1,011011110111010000100100100111100100011011101100110111011101
255,0,1,1,1,0,1,1,0,0,1,0,0,0,0,0,0,1,0,1,0,1,1,0,1,0,0,1,0,0,1,1,1,0,1,0,1,0,0,1,1,1,0,0,0,1,1,1,0,0,1,0,0,1,1,0,1,0,0,0,1,011101100100000010101101001001110101001110001110010011010001
256,0,1,1,1,0,1,1,1,1,1,1,0,1,0,0,0,0,1,1,0,1,0,0,1,1,1,0,0,1,0,1,1,0,1,1,0,0,1,0,0,0,0,1,0,1,0,0,1,0,0,1,1,1,0,1,1,0,1,0,1,011101111110100001101001110010110110010000101001001110110101
257,1,0,1,0,0,1,1,1,0,1,1,0,1,1,0,1,0,0,1,0,1,0,0,0,0,0,0,0,1,1,0,0,1,0,0,0,1,0,0,0,0,1,0,0,1,1,0,0,1,1,0,1,1,0,0,0,1,0,1,1,101001110110110100101000000011001000100001001100110110001011
258,1,1,1,0,0,0,1,1,1,0,1,1,1,0,0,0,1,0,0,1,1,0,0,1,1,1,1,0,1,1,1,1,1,1,0,0,0,0,1,0,0,1,0,1,1,0,0,0,0,1,0,1,1,0,0,1,0,0,0,0,111000111011100010011001111011111100001001011000010110010000
259,1,1,1,0,0,1,1,1,1,0,1,1,0,0,0,0,0,1,1,1,0,0,1,0,0,0,0,0,1,1,0,0,1,0,0,1,0,1,0,0,1,0,0,0,0,0,1,1,0,0,1,1,1,1,0,0,0,0,1,1,111001111011000001110010000011001001010010000011001111000011
260,1,0,1,0,1,1,1,0,0,1,1,0,0,0,1,1,1,1,1,0,0,1,1,1,0,0,1,1,0,1,1,0,1,1,0,0,1,0,0,0,0,0,1,0,0,1,0,0,0,0,0,0,1,0,1,0,0,0,0,1,101011100110001111100111001101101100100000100100000010100001
261,1,1,1,1,0,0,0,1,0,1,1,0,0,1,1,0,1,0,1,0,1,0,0,1,1,1,1,0,1,0,1,1,0,0,0,0,1,1,0,1,0,0,0,0,0,0,1,1,0,1,0,1,0,1,0,1,0,0,0,0,111100010110011010101001111010110000110100000011010101010000
262,1,1,0,1,0,1,0,0,1,1,0,0,1,0,0,1,1,1,0,0,0,1,1,1,0,1,1,0,1,1,1,1,0,0,1,1,1,0,1,1,0,0,0,0,0,0,0,0,0,0,0,0,0,1,1,0,1,0,0,0,110101001100100111000111011011110011101100000000000001101000
263,1,0,1,1,0,1,0,1,1,0,0,1,0,1,0,1,1,1,0,0,0,0,0,0,0,0,0,1,0,1,1,0,0,1,0,1,1,1,1,1,0,1,1,1,0,0,1,0,0,0,1,0,0,0,1,0,1,1,1,0,101101011001010111000000000101100101111101110010001000101110
264,1,0,1,1,1,1,1,0,1,1,1,0,0,1,0,1,0,0,0,0,0,1,0,0,0,0,1,1,0,1,1,0,0,0,0,1,0,0,1,1,0,0,0,0,1,0,0,1,0,1,0,1,1,1,0,0,0,0,0,1,101111101110010100000100001101100001001100001001010111000001
265,1,1,1,1,1,1,1,1,1,1,0,0,1,0,1,1,1,0,1,1,1,1,0,0,0,1,0,1,1,1,1,0,1,0,0,0,0,0,1,0,0,0,1,0,0,1,1,0,0,1,1,0,0,0,0,1,1,1,0,1,111111111100101110111100010111101000001000100110011000011101
266,1,0,1,1,0,1,0,1,1,0,0,1,1,1,1,0,1,1,0,0,0,1,1,1,0,0,1,0,0,1,0,0,1,0,1,0,1,1,0,0,0,0,0,0,1,0,1,1,0,0,0,0,0,1,0,0,1,0,1,0,101101011001111011000111001001001010110000001011000001001010
267,1,0,1,1,0,1,1,0,1,0,1,1,1,0,1,1,1,1,0,0,0,1,0,1,0,1,1,0,0,0,0,0,0,1,1,1,0,1,1,1,0,0,0,0,0,1,1,1,0,0,0,1,1,1,1,0,0,1,1,1,101101101011101111000101011000000111011100000111000111100111
268,1,1,1,0,0,0,1,0,0,0,1,0,1,0,1,0,1,0,0,1,0,0,0,0,1,0,0,1,1,1,1,0,0,1,1,1,1,0,1,1,1,1,0,0,0,1,0,1,1,0,1,1,1,0,0,0,0,0,1,1,111000100010101010010000100111100111101111000101101110000011
269,1,1,0,0,1,1,1,0,1,0,0,0,1,0,0,1,1,0,0,0,0,0,0,0,0,1,0,1,1,0,1,0,1,1,1,0,1,0,0,1,1,1,0,0,0,1,1,0,0,1,1,0,1,1,1,0,1,1,0,0,110011101000100110000000010110101110100111000110011011101100
270,0,0,1,0,0,1,1,1,0,1,0,1,0,0,0,0,1,1,1,1,1,0,0,0,0,1,0,1,1,0,1,0,1,0,1,1,0,1,1,0,0,0,0,0,1,0,1,0,0,0,0,0,0,0,0,1,1,1,0,0,001001110101000011111000010110101011011000001010000000011100
271,1,0,0,1,1,0,1,1,0,1,1,0,1,1,1,1,1,0,0,0,0,1,1,0,0,1,1,1,1,1,1,0,1,1,0,0,0,1,1,0,0,1,0,0,1,1,1,1,0,0,1,1,0,0,0,0,0,0,0,0,100110110110111110000110011111101100011001001111001100000000
272,0,0,0,0,0,1,0,1,0,0,1,0,1,1,0,0,1,0,0,0,0,1,1,1,0,0,0,0,0,1,1,1,0,1,0,1,0,0,1,0,0,0,1,0,0,0,0,1,0,0,1,1,0,0,0,0,0,1,0,0,000001010010110010000111000001110101001000100001001100000100
273,1,1,1,1,0,1,0,0,1,1,1,1,1,0,0,1,1,1,0,1,0,1,0,0,1,1,0,0,1,0,1,0,1,1,1,0,1,1,0,1,1,0,0,1,0,1,1,0,0,1,0,1,1,0,0,0,0,0,0,1,111101001111100111010100110010101110110110010110010110000001
274,1,1,1,0,1,0,1,0,0,1,0,1,0,1,0,0,0,1,0,1,0,1,0,1,0,0,0,0,0,1,1,0,0,0,1,0,0,0,1,0,0,1,0,0,0,1,0,1,1,0,0,0,0,0,0,0,0,1,0,0,111010100101010001010101000001100010001001000101100000000100
275,1,0,1,1,1,1,1,1,1,1,0,1,1,0,1,1,1,1,1,0,0,1,1,0,0,1,0,1,1,0,0,0,0,0,0,1,1,0,0,0,0,0,1,0,1,1,0,1,0,0,0,0,0,1,1,0,0,0,1,0,101111111101101111100110010110000001100000101101000001100010
276,1,0,0,1,0,0,0,1,0,1,1,1,1,1,0,0,0,1,0,0,1,0,0,1,0,1,0,0,1,1,1,1,0,0,1,0,0,1,0,0,0,1,1,1,0,1,0,0,0,1,0,1,0,0,0,0,0,1,0,0,100100010111110001001001010011110010010001110100010100000100
277,1,0,1,0,1,1,0,0,0,1,1,0,0,0,0,1,0,0,0,1,0,0,1,0,0,1,1,0,1,1,1,0,0,1,1,0,1,0,1,1,1,0,1,1,0,0,0,0,1,0,1,0,1,1,0,0,0,1,0,1,101011000110000100010010011011100110101110110000101011000101
278,0,0,1,0,1,1,0,1,1,1,0,1,1,0,1,0,0,0,0,0,1,0,0,0,1,0,1,1,0,1,0,0,0,1,1,1,0,0,1,1,0,0,1,1,1,1,1,1,1,1,1,0,0,1,1,1,0,0,1,0,001011011101101000001000101101000111001100111111111001110010
279,1,0,0,0,1,1,1,1,0,1,0,0,0,0,0,0,1,1,0,0,0,1,0,0,1,0,0,0,0,0,0,1,0,1,0,0,1,1,1,1,0,0,0,0,0,1,1,0,1,1,1,0,1,1,0,0,0,1,0,0,100011110100000011000100100000010100111100000110111011000100
280,1,0,0,0,0,0,0,0,0,1,0,0,1,0,0,1,1,0,0,1,0,0,0,0,0,0,1,0,1,1,0,0,0,1,1,0,1,1,1,0,1,1,1,1,1,1,0,0,0,0,1,0,1,1,1,1,0,1,1,1,100000000100100110010000001011000110111011111100001011110111
281,1,1,1,1,1,1,1,1,1,0,0,0,0,1,0,0,1,0,0,0,0,1,1,0,0,0,1,1,1,1,0,0,0,1,1,1,0,0,0,0,0,0,0,0,1,1,1,1,1,0,1,1,1,0,0,0,0,1,1,0,111111111000010010000110001111000111000000001111101110000110
282,1,1,0,0,1,0,0,1,1,0,1,1,0,0,0,1,1,0,1,0,1,0,0,0,0,0,1,1,1,1,0,0,0,1,1,0,0,0,0,0,0,1,1,1,1,1,0,1,1,0,0,1,1,1,0,0,0,0,0,0,110010011011000110101000001111000110000001111101100111000000
283,0,1,0,0,1,1,0,1,0,0,1,1,1,0,0,1,1,0,1,0,1,0,1,0,1,1,0,0,0,0,0,1,0,0,0,1,0,0,0,0,0,0,0,0,1,0,0,0,0,0,1,0,0,1,0,1,0,1,1,0,010011010011100110101010110000010001000000001000001001010110
284,1,1,1,0,1,1,1,0,1,1,1,1,0,0,0,1,1,1,1,0,0,0,1,0,1,1,1,1,0,0,1,0,0,0,1,0,0,0,0,0,0,1,0,1,1,1,0,1,0,1,0,1,1,0,1,1,1,1,0,1,111011101111000111100010111100100010000001011101010110111101
285,0,0,1,1,1,0,1,0,0,0,0,0,0,1,0,1,1,0,0,0,0,0,0,1,0,1,0,0,1,0,0,0,0,0,1,1,1,1,0,0,1,1,1,1,1,1,0,1,0,0,1,0,1,1,1,0,1,0,0,1,001110100000010110000001010010000011110011111101001011101001
286,1,0,1,0,0,0,1,0,0,1,1,1,0,0,0,0,1,0,1,1,1,0,0,0,0,0,0,1,1,1,1,1,0,0,0,0,0,0,1,0,0,1,0,0,0,1,1,1,1,1,1,0,1,0,1,0,0,0,0,1,101000100111000010111000000111110000001001000111111010100001
287,1,1,0,1,0,1,1,0,1,1,1,0,1,1,1,0,1,0,1,1,0,0,0,0,0,1,0,1,0,0,1,0,0,0,1,1,0,1,0,0,1,0,1,0,1,0,1,1,0,0,0,1,1,0,0,0,0,0,0,1,110101101110111010110000010100100011010010101011000110000001
288,1,1,1,0,1,1,1,1,0,1,1,0,0,1,0,0,0,1,0,1,0,0,0,0,1,0,0,1,1,1,0,0,1,0,0,1,0,1,0,1,0,0,1,0,0,1,0,1,1,0,1,1,0,1,0,1,0,1,0,1,111011110110010001010000100111001001010100100101101101010101
289,0,0,0,1,1,1,0,0,0,1,0,0,1,0,0,1,1,0,1,0,0,0,1,0,1,1,1,1,0,1,1,0,0,1,0,1,0,0,0,1,1,1,0,0,0,1,0,1,1,0,1,1,1,1,0,1,0,0,0,0,000111000100100110100010111101100101000111000101101111010000
290,0,0,1,0,0,1,0,1,1,1,1,1,0,0,0,0,1,0,0,0,1,0,0,1,0,0,0,0,0,1,0,1,0,0,0,0,0,1,1,0,0,1,1,0,0,0,1,1,0,0,1,0,1,0,0,0,1,1,0,1,001001011111000010001001000001010000011001100011001010001101
291,1,1,1,1,1,1,0,1,0,1,0,1,0,0,0,1,1,1,0,0,0,1,1,0,1,0,0,1,0,0,0,0,1,0,0,0,0,1,1,0,0,0,1,0,1,1,1,0,0,1,0,0,0,1,1,1,1,0,1,1,111111010101000111000110100100001000011000101110010001111011
292,1,1,1,0,1,1,1,0,0,1,0,1,0,1,1,0,1,1,1,0,0,1,0,1,0,1,1,0,0,1,1,0,0,1,1,0,0,0,0,0,0,1,0,0,1,1,0,0,1,1,1,1,1,0,0,1,0,1,0,0,111011100101011011100101011001100110000001001100111110010100
293,1,1,1,0,1,1,1,1,1,0,1,0,0,0,1,0,1,0,1,1,0,0,0,0,0,0,0,0,1,1,1,0,1,0,1,0,0,0,0,1,0,0,1,1,0,0,0,1,0,1,1,0,0,1,0,0,0,1,0,0,111011111010001010110000000011101010000100110001011001000100
294,1,1,1,1,0,0,0,0,1,0,1,1,1,1,0,0,1,1,0,1,0,0,1,1,1,0,0,1,1,0,1,1,1,0,1,1,1,0,0,1,0,1,1,0,1,1,1,0,1,1,0,0,1,0,0,0,0,0,0,0,111100001011110011010011100110111011100101101110110010000000
295,0,1,1,0,1,0,1,1,0,1,1,0,1,1,0,1,1,0,0,0,1,0,0,1,1,1,0,0,0,0,1,0,0,0,1,0,1,0,1,1,0,0,1,1,0,0,0,1,0,0,1,0,1,0,0,0,1,0,0,1,011010110110110110001001110000100010101100110001001010001001
296,1,0,1,1,1,1,0,0,1,0,0,0,0,0,1,0,0,0,0,1,0,0,0,0,0,0,0,1,1,1,0,0,0,1,1,0,0,1,1,0,1,1,0,0,1,0,1,0,0,0,1,0,0,0,0,0,0,0,1,1,101111001000001000010000000111000110011011001010001000000011
297,0,1,0,1,1,0,0,1,1,0,1,1,0,0,0,1,1,0,1,1,1,0,1,0,1,0,0,0,1,0,0,1,0,0,0,1,1,1,1,0,1,0,0,0,1,0,1,1,0,0,0,1,1,0,1,0,0,1,0,1,010110011011000110111010100010010001111010001011000110100101
298,1,0,1,0,1,1,0,1,0,0,1,0,1,1,0,0,1,1,0,0,0,0,1,0,0,1,0,0,0,1,1,0,0,1,0,0,0,1,1,0,0,1,0,1,0,1,1,1,0,1,1,1,1,0,1,1,0,1,1,0,101011010010110011000010010001100100011001010111011110110110
299,1,1,1,1,1,1,0,1,1,1,0,1,0,0,1,0,1,1,0,1,0,0,0,0,0,1,1,0,1,1,1,0,0,1,0,0,1,0,1,0,0,0,1,0,1,0,1,0,1,0,0,1,0,1,1,0,1,0,0,0,111111011101001011010000011011100100101000101010100101101000
300,1,1,1,0,0,1,0,0,0,1,0,0,1,1,0,0,1,1,0,0,0,0,1,1,1,1,0,1,0,0,1,0,1,0,1,1,0,1,0,0,0,1,0,0,1,1,0,1,0,1,0,1,1,1,0,0,1,1,0,1,111001000100110011000011110100101011010001001101010111001101
301,1,0,0,0,1,0,0,1,0,0,0,0,1,1,0,0,1,0,0,1,0,0,0,1,1,0,0,0,1,1,0,0,0,0,0,1,0,1,1,1,0,0,0,0,0,1,1,1,0,0,1,0,0,1,0,0,0,0,1,0,100010010000110010010001100011000001011100000111001001000010
302,0,0,0,1,1,1,1,0,1,0,1,1,0,1,0,0,0,1,0,1,0,0,1,0,0,0,1,0,0,0,0,1,0,0,0,0,1,0,1,0,1,1,1,1,1,0,0,0,0,0,1,1,0,0,1,1,0,1,0,1,000111101011010001010010001000010000101011111000001100110101
303,0,1,1,1,1,1,0,0,1,0,1,0,0,0,0,1,0,1,0,0,1,0,1,1,0,0,1,1,0,0,1,0,0,0,1,0,1,0,1,0,0,1,1,1,0,0,0,0,1,0,0,1,1,0,0,1,0,1,0,1,011111001010000101001011001100100010101001110000100110010101
304,1,1,1,1,1,1,0,1,1,1,1,1,1,0,1,1,1,0,1,0,0,0,0,1,0,1,1,1,1,0,1,0,0,1,1,1,0,0,1,0,1,0,0,0,1,1,1,0,1,0,1,0,0,0,1,0,0,0,0,0,111111011111101110100001011110100111001010001110101000100000
305,1,1,1,0,1,1,0,0,1,1,1,0,0,0,1,0,1,1,0,0,0,0,1,0,0,0,1,0,1,0,0,0,0,0,0,1,1,0,1,0,0,0,1,1,0,1,0,0,1,0,0,1,1,1,0,0,0,1,0,1,111011001110001011000010001010000001101000110100100111000101
306,1,0,1,1,1,1,1,1,1,0,0,0,1,1,0,0,0,0,0,0,0,0,1,0,0,1,0,0,0,0,1,1,0,0,0,1,0,0,0,1,1,0,1,1,0,0,0,0,0,1,0,1,1,1,1,1,0,0,1,0,101111111000110000000010010000110001000110110000010111110010
307,1,1,1,0,1,1,1,1,1,1,0,0,0,1,1,1,1,0,0,1,0,0,1,0,1,0,0,0,1,1,1,0,0,0,1,0,0,1,1,1,0,1,1,0,0,1,0,1,0,0,1,1,0,0,1,0,0,1,0,0,111011111100011110010010100011100010011101100101001100100100
308,1,0,0,0,1,1,0,1,0,1,0,1,1,1,0,0,0,0,0,0,1,0,1,0,1,1,1,1,1,1,1,0,1,1,1,0,1,0,1,1,0,0,0,1,0,1,1,1,0,1,0,0,0,0,1,0,0,0,0,0,100011010101110000001010111111101110101100010111010000100000
309,0,0,1,0,1,1,0,1,0,1,0,0,1,0,0,0,1,0,0,1,1,0,0,0,0,1,1,1,0,1,1,0,0,1,0,1,1,0,1,1,0,1,0,1,1,0,0,0,1,0,0,0,0,1,1,1,0,1,0,1,001011010100100010011000011101100101101101011000100001110101
310,1,1,1,0,1,1,1,1,0,1,0,1,1,0,1,0,1,1,0,0,0,0,0,0,1,1,0,0,0,0,0,0,1,1,0,1,1,0,0,0,1,1,0,0,1,0,1,1,0,1,0,0,1,1,1,0,1,0,0,0,111011110101101011000000110000001101100011001011010011101000
311,1,0,1,1,1,1,1,0,0,0,1,0,0,1,0,1,0,1,0,1,0,1,0,0,0,0,1,0,1,1,1,1,0,0,0,0,1,0,1,0,0,1,0,1,0,0,1,0,1,0,1,1,1,1,0,1,0,1,0,0,101111100010010101010100001011110000101001010010101111010100
312,0,0,0,0,1,1,0,1,1,1,0,0,1,1,0,0,1,0,1,0,0,0,0,1,0,1,0,0,1,0,1,0,0,0,1,0,0,0,0,0,0,0,0,0,1,1,0,1,1,1,1,1,1,1,0,1,0,0,1,0,000011011100110010100001010010100010000000001101111111010010
313,1,1,1,0,0,1,0,0,0,1,1,0,1,1,0,1,0,1,1,1,0,1,0,0,0,1,1,0,1,0,0,1,0,0,0,0,0,0,1,1,1,0,0,1,1,1,0,0,1,1,1,1,0,1,0,1,0,1,1,1,111001000110110101110100011010010000001110011100111101010111
314,0,0,0,1,0,0,1,1,0,0,0,1,0,0,0,0,1,1,0,0,0,0,0,0,1,0,0,1,1,1,1,0,0,0,1,1,0,1,1,1,0,0,1,0,1,1,1,0,1,0,0,0,0,1,0,0,0,0,0,1,000100110001000011000000100111100011011100101110100001000001
315,1,1,0,1,1,1,1,0,1,1,1,0,1,1,0,1,1,1,0,1,0,0,0,0,0,0,1,0,1,0,1,1,0,1,0,1,1,1,1,1,1,0,0,1,0,1,1,0,0,1,1,0,1,1,0,1,0,0,0,0,110111101110110111010000001010110101111110010110011011010000
316,1,1,0,1,1,1,0,1,1,1,1,1,1,1,0,0,0,1,0,0,1,1,0,0,1,1,1,0,1,1,1,0,1,0,1,0,0,0,1,0,0,0,0,0,1,0,0,0,0,0,1,1,0,0,0,0,0,1,0,1,110111011111110001001100111011101010001000001000001100000101
317,1,0,1,0,1,1,0,1,1,1,0,1,1,0,0,1,0,0,1,0,1,0,0,0,0,0,0,0,1,1,1,0,1,1,0,1,1,0,1,0,0,1,1,0,0,0,1,1,0,0,0,0,0,0,0,0,1,1,0,0,101011011101100100101000000011101101101001100011000000001100
318,1,0,1,0,0,1,0,0,0,0,1,0,0,0,0,1,0,0,0,0,1,0,0,0,0,0,0,0,0,0,1,0,0,0,0,0,0,0,0,0,0,0,0,1,1,1,0,1,1,0,0,1,0,1,0,0,0,1,1,0,101001000010000100001000000000100000000000011101100101000110
319,0,0,0,1,1,1,0,0,1,0,1,0,0,0,1,1,1,0,0,0,0,0,0,0,1,1,0,0,1,0,0,1,0,0,0,0,1,0,0,0,1,0,1,1,1,1,0,0,0,1,1,1,1,0,1,1,0,1,0,1,000111001010001110000000110010010000100010111100011110110101
320,1,1,0,1,1,0,1,0,1,0,1,0,1,0,0,1,0,0,0,0,0,1,1,1,0,0,0,0,1,0,1,0,0,0,1,0,1,0,0,0,1,0,0,1,1,1,0,1,1,1,1,0,0,0,0,0,1,1,0,1,110110101010100100000111000010100010100010011101111000001101
321,1,0,1,1,0,0,0,0,0,0,1,0,0,0,0,1,0,0,0,0,0,1,0,1,1,1,1,0,0,0,0,1,1,1,1,0,0,0,1,0,1,1,1,0,1,1,1,1,1,1,1,1,0,0,0,1,0,0,1,0,101100000010000100000101111000011110001011101111111100010010
322,1,0,1,1,1,0,0,1,1,1,1,0,1,1,0,0,1,0,0,0,1,0,1,1,0,1,0,1,0,0,1,0,0,0,1,1,1,1,1,1,0,1,1,1,0,0,0,1,1,0,0,1,0,1,1,0,1,0,0,0,101110011110110010001011010100100011111101110001100101101000
323,1,1,0,1,0,0,0,1,1,1,0,0,0,1,1,0,0,1,0,0,1,0,0,1,1,0,0,0,1,1,0,0,0,0,0,0,0,1,1,0,1,0,1,0,0,0,1,1,0,1,1,0,0,0,0,1,0,1,1,0,110100011100011001001001100011000000011010100011011000010110
324,1,1,1,1,1,1,1,1,1,1,1,0,0,0,0,1,1,0,0,0,0,1,1,0,1,0,1,0,1,1,1,1,0,0,0,0,0,0,1,0,0,0,1,1,0,0,0,1,0,0,1,1,1,0,0,0,1,0,0,0,111111111110000110000110101011110000001000110001001110001000
325,1,1,1,1,1,1,1,0,0,0,1,1,1,1,0,0,0,0,0,0,1,0,0,0,1,1,1,0,0,1,0,0,0,1,0,0,0,1,1,1,1,0,0,0,1,0,0,1,1,1,1,0,1,0,1,0,0,1,1,1,111111100011110000001000111001000100011110001001111010100111
326,1,1,1,1,1,0,0,0,1,0,1,0,1,0,1,1,1,0,0,0,1,0,1,0,0,1,1,1,0,0,0,0,0,0,0,0,1,0,0,0,0,0,0,1,1,0,0,1,0,1,0,0,0,0,1,0,0,1,1,0,111110001010101110001010011100000000100000011001010000100110
327,0,1,1,0,1,1,0,0,0,0,1,1,1,1,0,0,1,0,0,0,0,1,0,0,1,1,0,1,0,1,1,0,0,0,0,1,0,1,0,1,1,0,0,0,1,1,1,1,0,1,1,1,1,1,0,0,0,0,0,0,011011000011110010000100110101100001010110001111011111000000
328,0,1,1,0,1,1,0,1,0,1,1,1,0,0,1,1,0,0,0,0,1,0,0,1,1,0,0,0,1,1,1,0,0,0,0,0,0,1,0,1,0,0,0,0,0,1,1,1,1,1,0,0,0,0,0,0,0,0,1,1,011011010111001100001001100011100000010100000111110000000011
329,1,1,1,1,0,1,1,0,0,0,0,1,0,1,1,1,1,0,0,0,1,1,1,0,0,0,0,0,0,1,0,1,0,1,1,0,0,0,1,0,0,1,0,0,1,1,1,1,1,1,0,1,0,0,0,1,1,1,1,1,111101100001011110001110000001010110001001001111110100011111
330,0,1,1,1,1,0,1,1,0,1,1,0,1,0,0,1,0,1,0,1,0,0,1,0,0,1,0,0,0,0,0,0,0,1,0,0,1,0,1,0,1,0,1,1,1,0,1,1,0,0,0,0,0,1,0,1,0,0,1,0,011110110110100101010010010000000100101010111011000001010010
331,0,0,1,0,0,0,0,1,0,0,0,1,0,0,0,1,1,0,0,0,1,1,1,0,1,0,1,1,0,0,1,0,0,0,0,1,0,1,0,1,0,0,0,0,0,0,1,0,1,1,1,0,1,0,0,1,0,1,1,0,001000010001000110001110101100100001010100000010111010010110
332,1,1,1,0,1,1,1,1,0,0,1,0,0,1,1,1,0,1,0,0,0,0,1,1,0,0,0,0,1,1,1,1,0,1,0,1,1,1,1,1,0,0,1,1,0,0,0,1,0,1,0,1,1,1,1,1,0,1,0,1,111011110010011101000011000011110101111100110001010111110101
333,0,1,0,1,1,0,0,0,1,0,1,0,0,0,1,0,1,0,0,0,1,0,0,1,0,1,1,0,0,1,1,0,0,0,0,1,1,1,0,1,0,0,0,1,1,0,1,1,0,0,1,0,1,0,0,1,0,1,1,1,010110001010001010001001011001100001110100011011001010010111
334,1,0,0,1,1,0,0,1,1,0,1,0,1,0,1,0,1,0,1,0,0,0,1,1,1,0,0,1,1,0,1,0,0,1,1,0,0,0,0,1,1,0,0,1,0,1,1,1,0,0,1,1,1,0,0,0,0,0,1,1,100110011010101010100011100110100110000110010111001110000011
335,0,1,1,1,0,1,1,0,0,1,0,0,0,1,0,0,1,0,0,0,1,1,1,0,1,0,1,0,1,0,1,0,1,0,0,0,0,0,0,1,1,0,0,1,1,1,0,1,0,1,0,0,0,1,0,0,0,0,0,1,011101100100010010001110101010101000000110011101010001000001
336,1,0,0,0,1,1,0,0,1,0,0,1,0,0,0,1,0,0,0,0,1,0,1,1,0,0,0,0,0,1,1,0,0,1,0,1,1,0,0,0,0,0,0,0,1,0,0,0,0,0,0,0,0,0,1,0,1,1,1,0,100011001001000100001011000001100101100000001000000000101110
337,1,0,1,0,0,1,0,1,1,0,0,1,1,1,0,1,1,1,1,0,0,1,1,1,1,0,0,0,0,1,0,0,1,0,0,1,0,1,0,1,1,1,0,1,0,0,0,1,0,0,0,1,1,1,1,0,0,1,1,1,101001011001110111100111100001001001010111010001000111100111
338,1,0,1,1,1,0,1,1,1,0,0,0,1,1,0,1,0,0,1,0,1,0,0,0,1,1,0,0,0,0,1,0,0,1,0,0,1,1,1,0,0,0,0,1,0,0,1,0,0,1,0,1,1,0,1,0,1,1,0,0,101110111000110100101000110000100100111000010010010110101100
339,0,1,1,1,0,1,0,1,0,1,1,1,0,1,1,0,1,1,0,0,1,0,0,1,0,1,1,1,1,1,1,0,1,0,0,1,1,1,1,0,0,0,0,0,1,0,0,0,1,0,0,0,0,1,0,0,0,1,1,0,011101010111011011001001011111101001111000001000100001000110
340,0,1,0,0,1,1,1,1,0,1,1,0,1,1,0,1,0,1,1,0,0,1,0,0,1,0,0,0,1,1,0,0,0,1,1,1,0,1,1,1,0,0,0,1,0,1,1,1,0,1,1,1,1,1,0,0,0,0,0,1,010011110110110101100100100011000111011100010111011111000001
341,1,1,1,1,0,1,0,0,1,1,1,1,0,0,0,0,1,0,0,0,1,0,1,0,1,0,0,1,0,1,0,0,0,1,1,1,0,0,0,1,0,0,0,0,0,1,0,1,0,0,0,1,1,1,0,0,0,0,1,1,111101001111000010001010100101000111000100000101000111000011
342,1,0,1,0,0,1,1,0,0,1,1,0,0,0,0,0,1,0,0,1,0,0,1,0,1,1,1,0,0,0,0,0,0,0,0,1,0,1,1,1,0,0,0,1,1,1,0,1,0,0,1,0,0,1,1,0,1,0,0,0,101001100110000010010010111000000001011100011101001001101000
343,0,1,1,1,1,0,0,1,0,1,1,0,0,1,0,1,1,0,1,1,1,0,1,1,0,1,0,0,0,0,1,0,1,1,0,0,0,1,1,1,0,1,1,1,0,0,0,0,1,1,1,1,1,1,0,0,1,1,1,1,011110010110010110111011010000101100011101110000111111001111
344,1,1,1,1,1,0,0,1,1,0,1,0,0,0,1,0,1,0,0,0,1,0,0,0,1,1,1,0,0,1,1,0,0,0,1,0,0,0,1,1,0,0,0,0,0,1,1,1,1,1,0,1,1,1,1,0,0,0,1,0,111110011010001010001000111001100010001100000111110111100010
345,0,1,1,0,0,0,1,1,1,0,1,1,0,1,0,0,1,0,1,0,1,0,1,0,0,1,1,0,0,1,0,0,0,0,0,1,0,0,1,1,1,0,1,1,1,1,1,1,0,0,1,1,0,1,0,0,0,0,1,0,011000111011010010101010011001000001001110111111001101000010
346,1,1,1,0,1,1,1,0,0,1,1,1,1,0,1,0,1,0,1,1,1,0,0,1,1,0,0,1,1,0,1,1,0,0,1,1,1,0,0,0,0,1,0,0,1,0,0,0,0,1,0,1,0,0,0,0,0,1,0,1,111011100111101010111001100110110011100001001000010100000101
347,0,1,0,1,0,1,1,1,0,0,0,1,1,1,0,1,1,0,1,0,0,1,0,1,1,1,1,0,0,1,1,0,0,1,1,0,1,0,0,0,0,0,0,1,0,0,0,0,1,1,1,1,0,1,0,0,1,1,1,1,010101110001110110100101111001100110100000010000111101001111
348,1,0,0,1,0,1,1,1,0,1,0,0,0,1,0,1,0,0,0,0,1,0,0,1,1,1,1,1,1,1,0,1,1,0,0,1,1,1,0,1,1,1,0,0,1,1,1,1,0,0,1,1,1,1,0,0,0,1,0,0,100101110100010100001001111111011001110111001111001111000100
349,0,0,0,0,0,1,1,1,1,1,0,0,1,1,0,0,0,1,0,0,1,0,1,0,1,0,1,0,0,1,0,1,0,1,0,0,0,1,1,1,1,1,0,1,1,0,0,1,0,0,1,0,1,0,0,0,1,1,0,1,000001111100110001001010101001010100011111011001001010001101
350,0,1,0,1,1,1,1,1,1,1,1,1,1,0,0,1,0,0,0,1,0,1,0,0,1,1,0,1,1,0,1,1,0,0,0,0,1,0,0,1,1,0,1,1,1,1,1,0,1,0,1,0,1,0,0,0,1,0,1,1,010111111111100100010100110110110000100110111110101010001011
351,1,1,1,1,1,1,1,1,1,0,1,1,0,0,0,1,1,0,0,0,1,1,0,1,0,0,1,1,1,0,0,0,0,0,1,0,1,0,1,0,1,0,0,1,0,0,0,1,0,1,1,0,1,0,0,0,0,0,0,0,111111111011000110001101001110000010101010010001011010000000
352,1,1,1,0,0,0,0,0,1,0,0,1,0,1,1,1,0,0,0,0,1,0,0,0,1,1,0,1,0,1,0,1,0,1,0,1,1,1,0,1,0,0,1,0,1,0,1,1,1,1,1,1,0,0,1,1,0,0,0,1,111000001001011100001000110101010101110100101011111100110001
353,1,0,1,1,1,1,0,1,1,0,1,1,0,1,1,1,0,1,1,0,0,0,1,0,0,0,1,1,1,1,1,0,1,1,1,0,1,1,0,0,0,1,1,1,0,1,1,1,0,1,0,0,1,1,1,0,0,1,0,1,101111011011011101100010001111101110110001110111010011100101
354,0,1,1,1,1,0,1,1,1,1,0,1,0,1,0,1,1,0,0,1,0,0,1,1,0,1,0,1,0,1,1,0,0,1,1,0,1,1,1,1,0,1,1,1,0,1,0,1,0,0,1,0,0,0,1,0,0,1,0,1,011110111101010110010011010101100110111101110101001000100101
355,1,0,0,0,1,0,0,1,0,0,1,0,1,1,0,0,1,0,1,0,0,0,0,1,1,0,1,1,1,0,1,0,0,1,0,1,1,0,1,0,0,1,0,1,0,1,0,0,1,1,0,1,1,0,0,0,1,1,0,0,100010010010110010100001101110100101101001010100110110001100
356,1,1,1,1,1,1,0,0,0,1,1,0,0,0,0,0,1,1,0,1,0,1,0,0,0,0,1,0,1,1,0,0,1,1,1,0,1,0,0,0,0,1,0,0,0,1,0,0,1,0,1,0,1,1,0,0,0,0,0,0,111111000110000011010100001011001110100001000100101011000000
357,0,1,1,1,1,0,0,1,0,1,0,0,0,0,0,1,1,1,0,0,0,0,1,0,0,0,1,0,0,1,0,1,0,1,1,0,0,1,0,0,1,1,1,1,0,1,1,1,1,0,0,0,1,1,0,0,0,1,0,1,011110010100000111000010001001010110010011110111100011000101
358,1,1,1,0,0,0,1,1,0,1,0,0,1,1,1,0,1,1,0,1,0,0,1,0,1,0,1,1,0,1,1,1,0,0,1,0,0,0,1,0,0,1,0,0,1,0,0,0,0,1,0,0,0,1,0,1,0,1,0,0,111000110100111011010010101101110010001001001000010001010100
359,0,1,0,1,0,0,1,0,1,0,1,1,1,0,0,1,1,0,1,0,1,0,0,0,0,1,1,0,1,0,1,0,0,0,1,1,0,0,0,1,1,1,0,1,0,0,0,0,0,0,1,0,1,1,1,1,1,0,1,0,010100101011100110101000011010100011000111010000001011111010
360,0,0,0,1,1,0,0,0,1,1,0,0,0,1,1,1,1,0,0,0,0,0,1,0,1,0,1,1,1,0,0,1,1,0,0,0,0,0,0,1,1,0,0,0,0,1,0,1,1,1,0,1,1,0,1,0,0,1,1,0,000110001100011110000010101110011000000110000101110110100110
361,1,1,1,0,1,0,1,0,1,1,1,0,1,1,0,0,1,0,1,0,1,1,0,0,0,0,0,1,0,1,0,1,0,0,0,1,1,1,1,0,0,1,1,0,1,1,0,1,0,1,1,0,1,0,1,0,0,1,0,1,111010101110110010101100000101010001111001101101011010100101
362,1,1,1,0,1,1,1,0,0,1,0,0,0,1,0,1,1,0,0,0,0,0,0,0,0,1,0,0,1,1,1,0,1,0,0,0,1,1,1,1,1,0,0,0,1,1,0,0,0,0,0,1,1,0,0,0,1,1,0,1,111011100100010110000000010011101000111110001100000110001101
363,1,0,0,0,0,1,1,1,0,1,0,1,0,1,1,1,1,1,1,0,0,0,0,1,0,0,0,0,1,1,1,0,0,0,1,1,0,1,0,0,0,1,0,0,0,0,1,0,1,0,0,0,0,1,1,1,0,1,0,1,100001110101011111100001000011100011010001000010100001110101
364,1,0,1,1,0,0,0,1,1,1,1,1,1,0,1,0,1,1,0,0,0,0,0,1,0,1,0,0,1,1,0,1,0,0,0,0,1,1,0,1,0,0,1,1,0,0,0,0,1,0,1,0,1,1,1,1,0,1,0,1,101100011111101011000001010011010000110100110000101011110101
365,1,1,0,1,0,1,0,1,1,0,1,1,1,0,0,1,0,1,1,0,0,1,0,0,1,0,0,1,1,1,0,1,0,1,1,0,0,0,0,0,0,1,1,0,1,0,0,1,0,1,1,1,1,1,0,0,1,0,0,0,110101011011100101100100100111010110000001101001011111001000
366,1,1,1,0,0,0,0,0,0,0,1,0,1,1,0,0,1,0,1,0,0,0,0,0,0,1,1,0,1,0,0,0,0,0,0,0,1,1,0,1,1,0,0,1,1,0,0,0,0,1,1,1,1,0,0,0,1,1,1,1,111000000010110010100000011010000000110110011000011110001111
367,0,1,1,0,1,1,0,1,0,0,1,0,1,1,1,0,1,0,0,0,1,0,1,0,1,0,0,0,0,1,0,0,0,1,1,0,0,1,1,0,0,0,0,1,1,0,0,0,1,0,0,1,0,0,1,0,0,1,1,1,011011010010111010001010100001000110011000011000100100100111
368,0,0,1,1,1,1,0,0,1,1,1,0,0,0,1,0,1,0,1,0,0,1,0,1,0,0,0,1,0,1,1,1,0,1,1,1,1,0,0,0,1,0,1,1,1,0,1,0,0,0,1,0,0,0,0,0,0,1,0,0,001111001110001010100101000101110111100010111010001000000100
369,1,1,1,0,0,1,0,1,0,1,1,0,1,0,1,1,0,0,0,1,0,0,0,0,0,1,0,0,1,1,1,0,0,0,1,1,0,0,0,1,1,0,0,1,1,0,1,1,1,1,0,0,0,0,0,0,0,1,0,1,111001010110101100010000010011100011000110011011110000000101
370,1,1,1,0,0,1,0,1,0,1,1,1,0,1,1,0,1,1,1,1,0,1,0,1,0,1,1,0,1,1,1,0,0,1,0,1,1,1,0,1,1,0,1,1,1,0,0,0,1,0,1,0,1,1,0,0,1,1,0,0,111001010111011011110101011011100101110110111000101011001100
371,0,1,1,1,0,1,1,0,1,1,0,1,1,1,1,1,1,1,0,0,0,0,1,0,1,1,1,1,0,1,1,1,0,0,0,0,1,1,1,0,0,1,0,1,0,0,0,1,1,1,0,1,0,1,1,0,1,1,0,1,011101101101111111000010111101110000111001010001110101101101
372,1,0,1,0,1,1,1,1,1,0,0,1,0,1,1,0,0,0,1,1,0,0,0,1,0,0,0,0,1,0,1,1,1,1,1,0,0,0,0,1,0,1,1,1,1,0,0,1,1,1,0,1,0,1,1,1,0,1,1,0,101011111001011000110001000010111110000101111001110101110110
373,1,1,1,0,1,1,1,1,0,1,1,1,0,0,0,1,0,0,1,0,0,0,0,0,0,0,1,1,1,1,0,0,1,0,1,0,1,1,0,1,0,1,1,0,0,0,0,0,0,0,1,1,0,0,0,1,1,0,0,0,111011110111000100100000001111001010110101100000001100011000
374,1,1,1,0,0,1,0,0,0,0,1,1,0,1,1,0,1,1,0,1,0,1,1,0,1,0,1,1,1,0,0,1,1,1,1,0,0,0,0,1,1,0,1,0,1,1,0,0,1,1,1,0,1,1,0,1,1,0,1,1,111001000011011011010110101110011110000110101100111011011011
375,1,1,1,0,1,1,1,0,1,1,1,1,1,1,0,0,1,1,0,1,0,0,0,0,1,0,1,1,0,0,1,0,1,1,1,1,0,1,0,1,1,0,0,1,1,1,0,1,0,0,0,0,1,1,1,1,0,0,0,1,111011101111110011010000101100101111010110011101000011110001
376,0,1,0,0,1,0,0,1,1,1,1,0,1,1,0,1,1,0,0,0,0,1,0,1,0,1,0,0,1,0,1,1,0,0,0,0,1,1,0,0,0,1,0,1,1,1,0,0,0,0,1,1,1,0,0,0,1,1,0,1,010010011110110110000101010010110000110001011100001110001101
377,1,0,1,1,1,1,1,1,0,1,0,0,1,1,0,1,0,0,0,0,0,0,0,0,1,0,1,0,0,1,1,0,0,1,1,0,0,0,1,1,1,0,1,1,1,0,0,0,0,0,1,1,0,1,0,0,0,1,0,0,101111110100110100000000101001100110001110111000001101000100
378,0,1,0,1,1,0,0,1,1,1,0,0,1,1,1,0,1,1,0,1,0,1,1,1,1,0,1,0,1,1,1,0,1,1,0,0,0,0,1,1,0,0,0,0,1,1,1,1,0,0,0,0,0,0,1,0,0,1,0,0,010110011100111011010111101011101100001100001111000000100100
379,1,1,0,1,1,1,1,1,1,1,0,0,1,1,1,0,0,1,0,0,1,1,1,1,1,0,0,0,0,1,1,0,1,0,1,1,0,0,0,0,0,0,0,0,0,0,0,0,0,1,1,1,0,0,1,1,0,1,1,1,110111111100111001001111100001101011000000000000011100110111
380,1,0,1,0,0,1,0,1,1,0,1,1,0,0,0,0,1,0,0,1,0,0,0,1,0,1,1,1,1,0,0,0,0,1,0,1,0,0,0,1,1,1,1,1,1,0,0,1,0,1,1,0,0,1,0,1,0,1,0,0,101001011011000010010001011110000101000111111001011001010100
381,1,1,1,1,1,1,1,1,0,1,1,0,1,1,1,0,1,0,1,1,1,0,0,1,1,1,1,0,0,0,0,0,0,0,1,0,1,0,1,0,0,1,1,1,0,1,1,0,1,0,0,0,1,0,1,0,1,0,0,0,111111110110111010111001111000000010101001110110100010101000
382,0,0,1,1,1,1,0,1,0,1,0,1,1,1,0,0,1,1,0,0,0,0,0,1,0,1,1,0,1,0,1,0,0,0,0,0,0,0,1,1,0,1,1,1,0,0,0,0,0,0,1,1,0,1,1,1,1,1,1,0,001111010101110011000001011010100000001101110000001101111110
383,0,0,0,1,1,0,0,1,1,0,1,0,0,0,0,1,0,1,1,0,0,0,0,0,1,0,0,1,1,0,0,0,0,1,0,0,1,0,1,0,1,0,0,0,0,1,0,0,0,0,0,0,0,0,0,1,1,0,0,0,000110011010000101100000100110000100101010000100000000011000
384,0,1,0,0,1,1,0,1,1,0,0,1,1,1,0,1,0,0,0,0,0,0,0,1,0,0,1,0,0,1,0,0,0,1,0,1,1,1,0,0,0,1,1,0,1,0,1,1,1,1,1,0,0,1,0,0,0,0,0,1,010011011001110100000001001001000101110001101011111001000001
385,1,1,0,1,1,1,1,0,0,1,1,1,1,1,1,1,1,0,1,0,1,0,0,0,0,0,0,0,0,0,0,0,0,0,1,1,0,1,1,0,0,0,0,1,1,1,1,1,1,1,1,0,1,0,1,1,0,1,0,1,110111100111111110101000000000000011011000011111111010110101
386,0,1,0,0,0,0,1,0,1,0,0,1,1,1,1,1,0,0,1,0,0,0,0,0,0,1,1,0,1,1,0,0,0,0,0,0,0,1,0,1,0,0,1,0,1,1,1,0,0,1,0,0,1,0,0,0,0,1,0,0,010000101001111100100000011011000000010100101110010010000100
387,1,1,1,1,1,0,0,1,1,1,1,1,0,0,1,1,1,1,0,1,0,0,0,1,1,1,0,0,0,1,0,0,1,0,0,1,0,0,1,0,1,0,0,0,1,0,1,1,0,1,1,0,1,1,0,0,0,0,0,0,111110011111001111010001110001001001001010001011011011000000
388,1,1,0,1,0,1,0,1,0,1,0,1,1,1,1,1,0,0,0,0,0,0,0,1,1,0,1,0,1,0,1,1,0,0,0,1,1,1,0,1,0,0,0,1,0,0,0,0,0,0,0,1,1,1,1,1,0,0,0,1,110101010101111100000001101010110001110100010000000111110001
389,1,1,0,0,0,1,0,1,1,1,1,0,0,0,0,0,1,0,1,1,1,0,0,1,1,1,0,0,1,0,1,1,0,1,0,1,0,1,0,1,1,0,1,1,1,0,1,0,0,0,1,0,1,1,1,0,0,1,0,1,110001011110000010111001110010110101010110111010001011100101
390,1,1,1,0,1,1,1,0,1,0,1,1,1,1,0,0,0,1,0,0,0,0,0,1,1,1,0,1,1,1,0,0,1,0,0,1,0,0,1,0,1,1,1,1,1,1,1,1,1,0,0,1,0,1,1,0,0,0,0,0,111011101011110001000001110111001001001011111111100101100000
391,0,1,1,1,1,1,1,1,0,1,1,0,1,1,0,0,1,0,0,1,0,0,0,1,0,0,0,0,0,0,0,1,1,0,1,0,1,0,0,1,1,1,1,1,0,0,0,0,0,0,0,0,0,0,0,0,0,1,0,0,011111110110110010010001000000011010100111110000000000000100
392,1,0,0,1,1,1,1,1,1,0,1,0,0,1,0,1,1,1,0,0,1,0,0,1,1,0,1,1,0,1,0,0,0,0,0,1,1,0,1,1,1,1,0,1,0,1,0,1,0,0,0,1,1,0,1,1,0,1,0,1,100111111010010111001001101101000001101111010101000110110101
393,1,0,0,1,0,1,0,0,0,1,1,0,0,0,0,0,1,0,0,0,0,0,0,1,0,0,1,1,0,1,1,0,0,0,0,1,0,0,1,0,1,1,0,0,0,1,0,0,0,1,1,0,0,1,1,0,1,0,0,1,100101000110000010000001001101100001001011000100011001101001
394,1,1,1,1,0,1,1,1,1,1,0,1,0,1,0,0,1,0,1,0,0,0,1,1,1,1,0,0,1,0,1,1,0,1,0,0,0,0,0,1,1,1,1,0,0,0,1,1,0,1,0,0,1,1,1,0,1,0,1,1,111101111101010010100011110010110100000111100011010011101011
395,0,1,0,1,0,0,0,0,1,1,1,0,0,1,0,0,0,0,0,0,0,0,0,1,0,1,0,0,1,1,0,0,0,1,1,1,1,1,1,0,0,0,0,0,0,0,1,0,1,1,1,0,1,1,0,0,0,1,0,1,010100001110010000000001010011000111111000000010111011000101
396,1,1,0,1,1,1,1,1,0,1,1,1,1,0,0,1,0,0,0,0,1,0,1,1,0,1,1,0,1,1,1,0,0,1,0,1,0,0,0,0,0,0,0,1,0,1,0,1,0,0,0,1,1,1,0,1,0,1,0,0,110111110111100100001011011011100101000000010101000111010100
397,1,0,0,0,1,0,1,1,0,0,1,1,0,0,0,0,1,0,1,0,1,0,1,1,0,0,0,1,0,1,0,0,0,1,0,1,1,1,1,1,0,1,1,0,1,0,1,1,0,0,0,1,1,0,1,0,0,0,0,0,100010110011000010101011000101000101111101101011000110100000
398,1,0,1,0,1,0,0,1,0,1,0,1,1,0,0,1,1,0,0,1,1,1,0,0,0,0,0,1,0,0,0,1,0,0,0,0,1,0,1,0,1,0,0,1,0,0,1,1,0,1,0,0,0,1,0,0,0,1,0,1,101010010101100110011100000100010000101010010011010001000101
399,0,0,1,1,1,0,0,0,0,0,0,0,0,0,0,1,1,0,0,0,0,0,0,0,1,0,0,0,0,1,0,0,0,1,0,1,0,1,0,0,0,0,1,1,0,0,1,0,0,0,0,0,0,1,0,1,0,1,0,0,001110000000000110000000100001000101010000110010000001010100
400,1,1,1,0,0,1,1,1,1,1,1,0,0,1,1,1,1,1,0,0,0,0,1,1,0,0,1,0,1,0,0,0,0,0,0,1,0,0,1,0,0,0,1,0,0,0,1,1,0,0,0,0,1,0,0,1,0,1,0,1,111001111110011111000011001010000001001000100011000010010101
401,0,0,0,0,1,0,0,1,0,1,0,1,0,0,0,1,1,0,1,0,1,0,0,0,1,0,0,1,1,0,1,0,0,0,1,1,1,1,1,1,0,1,0,1,0,1,0,1,0,1,1,0,0,1,0,0,0,0,1,0,000010010101000110101000100110100011111101010101011001000010
402,1,0,1,1,1,1,0,1,1,0,1,0,0,1,0,1,1,0,1,0,0,1,0,0,0,0,1,0,1,1,0,0,0,1,1,0,1,0,0,1,1,1,1,0,1,0,0,0,1,1,1,1,0,0,0,1,0,0,1,1,101111011010010110100100001011000110100111101000111100010011
403,1,0,1,1,1,0,0,0,0,0,1,0,0,0,1,1,0,0,0,1,1,0,1,1,0,1,0,1,1,1,1,1,1,0,1,1,1,0,0,0,1,1,0,1,0,0,0,0,0,0,0,0,0,0,0,1,1,1,1,0,101110000010001100011011010111111011100011010000000000011110
404,1,1,1,1,1,1,0,0,1,0,1,0,0,1,1,0,0,0,1,0,0,0,0,0,1,0,1,1,1,1,0,0,0,0,0,1,0,0,1,1,0,0,1,0,0,0,1,0,0,0,1,0,1,1,0,1,0,1,0,0,111111001010011000100000101111000001001100100010001011010100
405,0,0,0,1,1,1,0,1,0,1,0,1,0,0,0,1,0,0,0,0,0,0,0,0,1,1,1,0,0,1,1,0,1,1,1,1,0,0,0,0,1,0,1,0,1,0,0,1,0,1,0,0,1,0,0,1,1,1,0,0,000111010101000100000000111001101111000010101001010010011100
406,0,0,0,1,0,1,0,0,1,1,0,1,0,1,1,0,1,0,0,1,0,1,0,0,1,1,1,1,0,0,0,1,0,0,0,0,0,0,1,0,1,0,0,1,1,1,0,0,0,0,1,0,1,1,1,0,0,0,1,1,000101001101011010010100111100010000001010011100001011100011
407,0,0,0,0,1,1,0,0,0,1,1,1,0,1,0,1,1,0,0,0,0,0,0,0,0,1,0,0,1,1,0,0,0,0,0,0,1,0,1,0,1,1,0,0,0,1,0,1,0,1,0,1,1,0,1,0,1,0,0,1,000011000111010110000000010011000000101011000101010110101001
408,0,1,1,1,0,0,0,0,1,0,1,1,0,0,0,0,1,1,0,1,0,1,0,1,1,0,0,1,0,0,1,0,0,0,0,0,0,1,0,0,1,0,1,1,1,1,1,1,0,1,0,1,0,1,0,0,0,0,0,0,011100001011000011010101100100100000010010111111010101000000
409,1,0,1,0,1,0,0,1,0,1,1,0,1,0,0,1,1,0,1,0,0,1,0,1,1,0,0,1,0,1,1,0,0,0,1,1,0,1,1,1,0,0,0,1,0,1,1,1,0,1,0,1,1,1,0,1,0,0,0,1,101010010110100110100101100101100011011100010111010111010001
410,1,1,1,0,0,1,0,1,1,0,0,1,1,1,0,1,1,0,0,0,0,1,0,1,0,0,0,0,0,1,1,1,0,0,0,0,0,0,0,0,0,0,0,1,0,1,0,1,0,0,0,0,0,1,0,0,1,1,0,1,111001011001110110000101000001110000000000010101000001001101
411,1,0,1,0,1,1,0,0,1,0,1,1,1,1,0,1,1,0,1,1,0,1,1,0,0,0,0,1,0,0,1,0,0,0,1,0,1,1,0,1,1,1,1,1,1,0,0,0,0,1,0,0,1,0,0,0,0,0,0,1,101011001011110110110110000100100010110111111000010010000001
412,1,1,1,1,0,1,1,0,0,1,1,1,0,0,1,1,1,0,1,0,0,0,0,1,1,1,0,1,0,0,0,0,0,0,1,1,0,0,1,0,0,0,0,0,1,1,1,0,0,1,0,0,1,0,0,0,1,1,0,0,111101100111001110100001110100000011001000001110010010001100
413,1,1,0,1,1,1,0,0,1,1,1,1,1,0,1,1,0,1,0,1,0,1,1,1,1,1,1,0,1,0,1,0,0,0,1,1,1,0,1,1,0,0,0,0,1,0,1,1,1,1,0,1,1,1,1,0,0,0,0,0,110111001111101101010111111010100011101100001011110111100000
414,1,1,0,0,1,1,1,1,1,1,0,0,1,1,0,1,0,0,0,0,0,0,0,1,0,0,1,1,1,0,0,1,0,0,0,0,1,0,0,1,1,0,0,0,1,0,1,1,1,1,1,1,0,1,0,0,0,0,0,1,110011111100110100000001001110010000100110001011111101000001
415,0,0,1,1,0,0,1,1,1,1,1,1,0,0,0,1,0,1,1,0,1,0,0,1,0,0,0,1,0,1,1,1,0,0,0,1,1,1,1,1,0,0,0,1,0,1,1,0,0,1,0,1,0,0,0,0,0,0,0,0,001100111111000101101001000101110001111100010110010100000000
416,1,0,1,0,1,1,0,1,1,1,1,1,1,0,1,1,1,0,0,0,0,0,0,0,0,1,1,0,0,0,1,0,1,0,0,0,1,1,0,0,0,0,1,1,0,0,1,1,0,0,1,1,1,0,0,0,1,1,1,0,101011011111101110000000011000101000110000110011001110001110
417,1,1,0,1,1,1,0,0,1,1,1,0,1,1,1,1,1,0,0,1,1,0,0,0,0,0,0,0,1,0,1,0,0,0,1,0,1,0,1,1,0,0,1,0,1,0,1,0,1,1,0,0,1,0,1,0,1,1,0,0,110111001110111110011000000010100010101100101010110010101100
418,0,0,0,0,1,0,1,1,0,1,1,0,0,0,0,1,1,1,0,1,0,1,0,0,1,1,0,1,0,1,0,0,0,1,0,1,0,0,1,1,0,1,1,1,0,1,0,1,0,0,0,1,1,1,0,0,0,0,0,0,000010110110000111010100110101000101001101110101000111000000
419,1,0,1,0,1,1,0,0,1,1,1,1,1,1,0,0,0,0,1,0,0,0,0,0,1,1,1,0,0,1,1,0,0,0,1,1,1,1,1,0,1,0,1,0,0,1,0,0,0,1,1,1,0,0,1,0,0,1,1,0,101011001111110000100000111001100011111010100100011100100110
420,1,1,1,1,1,1,0,1,0,0,1,1,0,1,0,1,0,1,0,0,1,1,0,1,1,1,0,1,0,1,0,0,0,0,1,0,1,1,1,1,1,1,0,0,0,0,1,1,0,0,1,1,0,1,0,1,0,0,0,0,111111010011010101001101110101000010111111000011001101010000
421,1,1,1,1,0,1,1,1,1,0,1,1,0,1,0,0,1,1,0,0,0,0,0,0,0,0,1,1,1,1,1,0,1,1,0,0,1,0,1,0,0,0,1,0,1,0,0,0,0,1,1,0,1,1,0,0,0,1,0,1,111101111011010011000000001111101100101000101000011011000101
422,1,1,1,1,1,0,0,1,1,1,1,0,0,1,0,1,0,1,0,1,0,1,0,1,0,0,1,0,1,1,0,1,0,1,0,0,0,0,1,1,0,1,0,1,1,1,0,1,0,1,1,1,0,1,0,1,1,0,0,1,111110011110010101010101001011010100001101011101011101011001
423,1,0,1,1,1,1,1,1,0,0,1,1,0,1,0,1,0,0,1,1,0,0,0,1,1,0,0,1,1,0,1,0,1,0,1,0,0,1,0,0,1,1,1,0,1,0,1,1,0,1,0,0,0,0,1,0,0,1,0,0,101111110011010100110001100110101010010011101011010000100100
424,1,1,1,1,0,1,1,0,1,0,0,0,0,1,0,1,0,1,0,1,1,0,0,0,1,1,0,1,0,0,1,0,1,0,0,1,0,1,1,1,0,0,0,1,0,1,1,1,0,1,0,0,1,0,0,0,0,1,1,0,111101101000010101011000110100101001011100010111010010000110
425,1,1,0,1,1,1,1,1,1,0,1,1,1,1,0,1,0,0,0,1,0,0,0,0,1,0,0,1,1,0,1,0,0,0,1,1,1,1,1,1,0,1,1,1,0,0,1,0,1,1,0,0,1,1,0,1,0,1,1,0,110111111011110100010000100110100011111101110010110011010110
426,0,1,1,1,1,1,0,1,1,0,1,0,0,0,0,1,1,0,0,1,0,1,0,1,1,1,0,0,1,1,0,1,1,0,1,0,0,1,1,1,0,0,1,0,1,1,0,0,1,1,0,0,0,0,0,0,0,1,0,0,011111011010000110010101110011011010011100101100110000000100
427,0,1,1,1,1,1,1,1,0,0,1,1,0,0,0,0,0,1,0,0,0,0,0,1,0,1,1,0,0,1,1,1,0,1,1,1,1,0,1,1,0,0,1,0,1,1,1,1,0,0,1,0,1,0,1,1,0,1,1,0,011111110011000001000001011001110111101100101111001010110110
428,1,1,1,1,1,1,1,1,1,1,0,1,1,1,0,1,0,0,0,1,1,0,1,0,0,0,1,0,1,1,1,0,0,0,0,1,0,0,1,0,0,0,0,1,1,0,1,1,0,1,0,1,0,1,0,0,0,1,0,0,111111111101110100011010001011100001001000011011010101000100
429,1,0,1,1,1,1,0,0,0,1,0,1,1,0,1,1,0,0,0,0,1,0,0,0,1,0,0,1,1,1,1,1,0,1,1,0,1,0,0,1,1,0,0,1,0,1,1,1,1,0,1,0,0,1,0,0,1,1,0,0,101111000101101100001000100111110110100110010111101001001100
430,0,1,1,0,1,1,1,1,0,0,0,0,0,0,1,1,0,0,1,0,0,0,0,0,1,0,0,1,1,1,1,1,1,0,0,0,1,0,0,1,1,0,1,0,0,1,0,1,1,0,0,0,1,1,0,0,0,1,1,0,011011110000001100100000100111111000100110100101100011000110
431,1,1,0,1,1,1,0,0,0,0,1,1,1,1,1,1,0,0,0,0,0,1,0,0,0,1,0,0,1,1,0,0,0,1,0,1,0,1,1,1,0,0,1,0,1,0,0,0,0,0,1,0,0,1,1,1,0,0,1,0,110111000011111100000100010011000101011100101000001001110010
432,1,0,1,1,0,1,0,1,1,0,1,1,0,1,1,1,1,0,0,0,0,0,1,1,1,1,1,1,1,1,0,0,0,0,0,0,0,0,0,0,1,1,0,0,0,1,1,0,0,1,0,1,0,0,0,1,0,0,1,0,101101011011011110000011111111000000000011000110010100010010
433,1,1,1,0,0,0,0,1,0,1,0,1,0,1,0,1,0,0,1,1,0,0,0,0,0,1,0,1,1,1,1,1,0,0,1,0,1,1,1,1,0,0,0,0,0,0,1,1,0,1,1,1,1,0,0,1,0,1,0,1,111000010101010100110000010111110010111100000011011110010101
434,1,1,1,0,1,1,0,1,1,1,1,1,1,0,0,1,1,0,1,0,0,0,0,1,1,1,1,0,0,0,0,1,0,0,1,0,1,0,0,0,0,0,0,1,1,0,1,0,1,0,0,1,1,1,0,0,0,0,0,1,111011011111100110100001111000010010100000011010100111000001
435,1,0,1,1,1,1,0,1,0,0,0,0,0,1,0,1,1,0,0,0,0,0,0,0,0,0,0,0,0,0,1,0,1,0,0,0,1,1,0,1,0,0,1,1,0,0,1,1,0,1,1,0,0,0,0,0,1,1,1,1,101111010000010110000000000000101000110100110011011000001111
436,1,1,0,1,1,1,1,1,1,1,1,1,0,1,0,0,0,0,0,1,0,0,1,0,1,0,1,0,0,1,0,1,1,1,0,1,1,1,0,1,0,0,1,0,1,0,0,0,0,1,1,0,0,0,1,0,0,1,0,0,110111111111010000010010101001011101110100101000011000100100
437,0,1,0,0,1,1,1,0,0,1,0,0,1,1,1,0,1,1,0,1,0,0,0,1,0,0,1,1,1,1,1,1,1,1,0,0,1,0,0,1,1,1,0,1,1,0,1,1,0,1,0,0,0,0,0,0,1,0,1,1,010011100100111011010001001111111100100111011011010000001011
438,0,1,1,1,1,0,0,1,1,0,0,1,1,1,0,0,1,0,0,0,0,1,0,0,0,0,0,1,1,0,1,0,1,0,1,1,1,0,0,0,0,0,0,0,1,0,1,0,0,0,1,0,0,0,0,1,1,1,0,0,011110011001110010000100000110101011100000001010001000011100
439,1,0,0,1,1,1,0,0,0,1,1,0,0,1,1,1,1,0,0,0,0,0,1,0,0,1,1,0,1,0,1,0,0,0,0,0,1,1,0,1,0,1,0,0,0,0,1,1,1,0,1,1,0,1,1,0,0,1,0,0,100111000110011110000010011010100000110101000011101101100100
440,1,1,1,1,1,0,1,0,0,0,1,1,1,0,0,1,1,1,0,1,0,0,0,1,1,0,0,1,1,1,1,0,0,0,1,1,1,0,0,0,1,0,0,1,1,1,0,1,0,1,0,0,1,0,1,0,0,1,0,0,111110100011100111010001100111100011100010011101010010100100
441,1,1,0,1,1,1,0,0,1,1,0,0,0,1,1,1,0,1,0,1,1,0,0,0,1,0,1,0,1,0,1,0,0,1,1,1,0,0,0,0,0,1,0,0,1,0,0,1,0,1,0,1,0,1,0,1,0,0,1,1,110111001100011101011000101010100111000001001001010101010011
442,1,0,1,1,1,1,1,0,1,1,1,1,1,1,0,1,1,1,0,0,1,1,1,0,0,0,1,1,0,1,0,0,0,0,1,0,1,1,1,0,0,0,1,1,0,1,0,1,0,1,0,1,1,0,1,0,1,1,1,1,101111101111110111001110001101000010111000110101010110101111
443,0,1,1,1,0,1,1,0,0,1,0,1,1,1,0,1,1,0,1,0,1,0,1,1,1,0,1,0,1,0,0,0,0,0,0,0,1,0,0,0,1,0,1,0,0,0,0,0,0,0,0,0,1,1,1,1,0,1,0,1,011101100101110110101011101010000000100010100000000011110101
444,1,1,0,0,1,1,1,0,1,0,0,1,0,1,0,1,0,1,1,0,1,0,0,1,0,0,1,1,1,1,1,0,1,1,1,0,1,0,0,1,0,0,0,1,1,1,0,1,0,1,1,0,1,0,0,0,0,1,0,1,110011101001010101101001001111101110100100011101011010000101
445,1,1,0,1,1,1,0,1,1,0,1,0,1,0,0,0,1,0,0,0,1,1,0,0,1,0,0,1,0,0,0,0,0,1,1,1,1,1,1,0,1,0,0,1,0,1,1,0,0,0,0,1,0,0,1,0,0,0,1,1,110111011010100010001100100100000111111010010110000100100011
446,1,1,0,0,1,1,0,1,0,0,1,0,1,1,0,1,1,1,0,0,0,0,1,0,0,0,0,1,1,1,0,0,0,0,0,0,0,0,0,1,1,1,1,0,1,1,1,1,0,1,1,0,1,0,1,0,0,1,0,0,110011010010110111000010000111000000000111101111011010100100
447,1,1,0,1,0,1,0,1,0,1,0,0,0,1,1,1,1,0,1,1,0,0,1,0,1,0,1,1,1,1,1,0,0,1,0,0,1,1,1,0,1,0,0,0,1,1,0,1,0,1,0,0,1,1,0,0,0,0,0,0,110101010100011110110010101111100100111010001101010011000000
448,1,1,1,1,0,1,0,1,1,1,1,0,0,1,0,1,1,1,0,0,1,0,0,0,0,1,0,0,0,0,0,1,0,1,1,1,1,0,0,0,1,0,0,0,0,0,1,1,0,1,1,0,1,0,0,1,1,0,0,0,111101011110010111001000010000010111100010000011011010011000
449,1,1,1,0,1,1,1,1,1,1,1,0,1,0,0,0,1,0,0,0,1,0,0,0,0,0,1,1,1,1,0,0,0,1,1,1,1,1,1,0,0,0,0,1,0,1,0,1,1,1,1,0,1,1,0,0,0,0,0,1,111011111110100010001000001111000111111000010101111011000001
450,0,1,0,1,1,1,1,0,0,0,1,1,0,1,1,1,0,1,0,1,0,1,0,0,0,1,1,0,0,0,0,0,0,1,0,0,0,0,1,0,0,0,0,1,1,1,1,1,1,1,1,0,0,0,1,0,0,1,0,1,010111100011011101010100011000000100001000011111111000100101
451,1,0,1,1,1,1,1,1,0,1,0,1,0,1,0,1,0,0,0,0,1,1,0,0,0,0,1,0,1,0,0,1,1,1,0,0,0,0,0,1,0,0,0,1,1,1,1,0,1,1,1,1,1,1,1,0,1,0,1,0,101111110101010100001100001010011100000100011110111111101010
452,1,1,1,0,1,1,1,1,0,0,0,0,1,0,0,0,0,0,0,0,0,0,0,0,0,1,1,1,0,1,0,0,0,0,0,1,1,1,0,1,0,1,0,0,1,1,0,1,0,1,0,1,0,1,1,0,1,1,0,0,111011110000100000000000011101000001110101001101010101101100
453,0,1,1,0,1,1,0,0,1,0,1,1,1,0,0,1,0,0,0,1,0,0,1,0,0,1,1,0,0,0,1,0,0,1,0,1,1,0,1,0,0,0,1,0,0,0,1,1,1,1,0,0,0,0,0,0,1,1,0,1,011011001011100100010010011000100101101000100011110000001101
454,1,0,1,0,1,1,1,1,1,0,1,0,0,0,0,0,1,0,0,0,0,0,1,0,0,0,1,1,1,1,1,1,1,0,0,0,0,0,0,1,1,0,1,0,0,1,1,0,1,0,1,1,1,1,0,0,1,0,1,1,101011111010000010000010001111111000000110100110101111001011
455,1,0,0,1,0,0,1,0,0,0,0,1,0,0,0,1,0,0,0,1,0,0,1,0,1,0,0,1,1,0,1,0,1,1,0,0,1,0,1,0,0,0,0,1,1,1,1,1,0,1,0,1,1,1,0,1,0,1,0,0,100100100001000100010010100110101100101000011111010111010100
456,1,1,1,1,0,0,0,0,0,0,1,0,0,0,0,1,1,0,1,0,1,0,0,0,1,0,1,1,1,1,1,1,1,1,0,0,0,1,1,1,1,0,0,0,0,1,0,1,0,0,1,0,1,1,1,0,1,1,0,0,111100000010000110101000101111111100011110000101001011101100
457,1,1,1,1,1,1,1,1,0,1,1,0,0,1,0,1,0,1,0,1,1,0,1,1,1,0,1,0,1,1,1,0,1,1,0,1,1,0,1,0,0,0,0,1,1,0,1,0,0,0,1,1,0,1,0,1,0,1,1,0,111111110110010101011011101011101101101000011010001101010110
458,1,1,1,0,0,1,1,0,1,0,1,0,0,0,0,0,1,0,1,1,1,0,1,0,0,0,0,0,0,0,1,0,0,1,0,0,0,1,1,1,0,1,0,1,0,1,0,0,0,0,0,1,1,0,1,0,1,1,0,1,111001101010000010111010000000100100011101010100000110101101
459,0,0,1,1,1,1,0,1,0,0,0,1,1,0,1,1,0,0,0,1,0,0,0,1,0,0,0,1,1,0,1,0,0,0,1,0,1,0,0,1,1,1,0,1,0,1,0,0,1,1,1,0,0,1,1,0,0,0,1,1,001111010001101100010001000110100010100111010100111001100011
460,1,1,1,0,0,1,0,0,1,1,0,0,0,1,0,1,1,0,0,0,0,0,0,0,0,0,0,1,1,1,1,0,1,0,0,1,0,0,0,0,0,0,1,0,0,0,1,1,0,1,1,0,0,1,0,0,0,1,1,0,111001001100010110000000000111101001000000100011011001000110
461,1,0,1,1,1,1,0,1,1,1,0,0,1,1,1,1,1,0,0,0,0,0,0,1,0,0,1,0,1,1,0,1,0,0,0,0,1,1,1,0,0,1,1,0,1,0,1,0,0,0,1,1,0,0,0,0,1,1,0,1,101111011100111110000001001011010000111001101010001100001101
462,1,0,1,1,0,1,0,1,1,1,1,1,1,0,1,0,1,0,0,0,1,0,1,1,0,0,0,1,0,1,1,0,1,1,0,0,0,0,0,1,0,0,0,0,1,1,1,1,0,0,1,1,0,1,0,0,0,0,0,1,101101011111101010001011000101101100000100001111001101000001
463,1,1,0,0,1,0,0,1,0,1,1,0,0,0,0,0,0,0,1,1,0,1,0,0,0,0,0,0,1,1,1,1,1,1,0,1,0,0,0,0,1,1,0,1,1,1,0,1,0,0,0,0,0,1,1,1,0,1,0,1,110010010110000000110100000011111101000011011101000001110101
464,0,0,1,0,1,1,0,1,0,0,1,1,1,1,1,0,0,0,0,0,0,1,1,1,0,0,0,0,1,0,1,0,0,1,1,0,1,0,1,0,0,1,1,1,0,0,1,1,0,0,1,1,0,0,0,0,0,1,0,0,001011010011111000000111000010100110101001110011001100000100
465,1,0,1,0,1,1,0,1,1,0,0,1,1,1,1,0,1,0,1,0,0,0,1,0,1,0,0,0,0,1,1,0,0,1,0,1,1,0,0,1,0,0,1,0,0,1,0,1,0,0,0,1,1,0,1,0,0,1,0,1,101011011001111010100010100001100101100100100101000110100101
466,1,1,1,1,1,1,1,1,0,0,1,0,1,1,0,0,0,0,0,1,0,0,1,0,0,0,1,1,1,0,1,0,0,0,1,0,1,0,1,1,1,0,1,1,0,0,1,0,0,0,0,1,1,1,1,0,0,0,1,1,111111110010110000010010001110100010101110110010000111100011
467,1,0,1,1,0,0,0,1,1,0,0,0,0,0,0,1,0,0,0,1,0,1,0,1,1,0,0,0,1,0,1,0,0,0,1,0,1,1,1,0,0,0,0,0,1,0,1,1,0,1,0,1,1,0,1,0,0,1,0,0,101100011000000100010101100010100010111000001011010110100100
468,1,0,1,0,1,0,0,0,0,0,1,1,1,0,0,1,1,0,0,0,0,0,0,1,0,1,0,0,1,1,0,0,0,1,1,0,0,1,0,0,0,1,1,0,1,0,1,0,0,1,0,0,0,1,0,0,0,1,0,1,101010000011100110000001010011000110010001101010010001000101
469,1,1,1,1,0,1,1,1,1,0,1,1,0,1,0,1,1,1,0,0,0,1,0,0,1,0,1,1,0,1,1,0,1,1,0,1,1,0,1,1,0,1,1,0,0,0,0,0,0,1,0,0,1,0,0,0,0,0,0,0,111101111011010111000100101101101101101101100000010010000000
470,1,1,1,0,1,0,0,1,1,0,1,1,0,0,0,1,1,0,0,0,0,0,0,0,0,1,1,1,1,1,1,0,0,0,1,0,1,0,0,1,1,0,0,0,1,1,1,0,0,0,0,1,0,0,0,0,0,1,0,1,111010011011000110000000011111100010100110001110000100000101
471,1,1,0,1,0,1,0,1,0,0,1,1,1,0,0,1,0,0,0,0,0,0,0,0,0,1,1,0,0,1,0,0,1,1,0,0,0,0,1,1,1,1,0,0,1,1,1,1,0,1,0,1,1,0,1,0,0,1,0,0,110101010011100100000000011001001100001111001111010110100100
472,0,0,1,1,0,1,1,1,1,1,0,0,1,0,0,0,1,0,0,0,0,0,0,1,1,0,0,1,1,1,0,0,0,0,1,0,0,0,1,0,0,1,1,0,0,1,1,1,0,0,0,0,0,0,0,0,1,0,0,0,001101111100100010000001100111000010001001100111000000001000
473,0,1,1,0,1,1,1,1,1,1,1,1,1,0,0,1,1,1,0,0,0,0,0,0,0,0,1,0,1,0,0,0,1,1,0,0,0,0,1,0,1,0,0,0,1,1,1,0,0,1,0,0,0,1,0,1,0,1,0,0,011011111111100111000000001010001100001010001110010001010100
474,0,0,0,0,0,1,1,0,1,0,1,1,1,0,0,0,1,0,0,0,0,0,0,0,1,0,0,1,0,1,1,1,0,1,0,0,0,1,0,1,0,1,0,0,1,0,1,1,0,0,1,0,1,0,0,1,0,0,0,1,000001101011100010000000100101110100010101001011001010010001
475,1,0,1,0,1,1,0,1,1,0,1,1,1,0,0,1,1,0,0,0,0,1,1,0,0,0,0,0,1,1,0,0,1,1,0,0,1,1,1,1,0,0,1,0,0,0,0,0,1,1,1,1,0,0,0,0,0,1,0,1,101011011011100110000110000011001100111100100000111100000101
476,1,0,1,0,1,0,1,1,0,1,1,0,1,0,0,0,1,1,0,0,0,0,1,1,0,0,1,0,0,1,0,1,0,1,0,0,0,1,0,0,1,0,0,0,1,1,1,0,0,0,1,1,0,1,0,0,0,0,0,0,101010110110100011000011001001010100010010001110001101000000
477,1,1,0,1,0,1,1,0,0,1,1,1,0,0,0,0,0,0,1,0,0,1,1,0,1,0,1,1,0,1,0,0,0,1,1,1,0,1,1,0,1,0,1,1,0,0,1,0,0,1,0,0,1,0,1,0,0,1,1,1,110101100111000000100110101101000111011010110010010010100111
478,1,1,1,0,0,1,0,0,1,1,1,1,0,0,0,1,1,1,1,1,0,0,1,0,0,0,0,1,0,0,0,0,1,0,1,0,1,1,1,1,0,0,0,1,0,0,0,1,0,1,1,0,0,0,0,0,0,0,0,0,111001001111000111110010000100001010111100010001011000000000
479,1,1,1,0,1,1,1,1,1,1,1,1,1,0,0,0,1,0,0,0,1,0,1,1,0,0,0,0,0,1,0,0,0,0,0,1,1,0,0,0,1,1,1,0,0,0,0,0,0,1,0,1,1,1,1,0,0,0,0,1,111011111111100010001011000001000001100011100000010111100001
480,1,1,0,0,0,1,1,0,0,0,0,1,0,1,1,0,1,0,0,0,0,1,0,0,0,1,1,1,1,1,0,0,0,0,1,0,0,1,1,1,0,1,0,1,1,0,0,1,0,1,1,0,0,0,0,1,0,1,0,1,110001100001011010000100011111000010011101011001011000010101
481,1,1,1,1,1,0,0,0,0,0,0,0,1,0,1,0,1,0,0,0,0,1,1,1,1,0,1,0,0,1,1,1,0,0,1,1,0,1,1,0,0,0,0,0,0,1,0,0,1,0,0,0,0,1,0,0,0,1,0,0,111110000000101010000111101001110011011000000100100001000100
482,1,1,1,0,0,0,0,1,0,1,1,1,1,0,1,1,1,0,0,0,0,0,1,0,0,1,1,0,1,0,0,1,0,1,1,0,1,0,1,1,1,1,1,1,0,1,0,0,0,1,0,1,1,1,0,0,0,0,0,0,111000010111101110000010011010010110101111110100010111000000
483,1,1,1,1,0,0,1,1,1,1,1,0,0,0,1,0,1,1,0,1,0,0,0,0,0,1,0,1,1,1,0,1,0,0,1,0,1,0,1,1,1,0,0,1,1,0,0,0,0,0,1,0,0,1,0,0,0,1,0,0,111100111110001011010000010111010010101110011000001001000100
484,0,0,1,0,1,1,0,1,0,1,1,1,1,1,1,1,1,0,0,1,0,0,0,0,0,0,0,1,0,0,0,0,0,0,1,0,0,0,0,0,0,0,1,0,0,0,0,1,0,0,1,1,0,1,0,0,1,1,0,1,001011010111111110010000000100000010000000100001001101001101
485,0,0,0,1,0,1,1,0,1,1,1,0,0,0,0,1,0,0,0,1,1,0,0,1,0,1,0,0,1,1,0,1,1,1,1,1,1,0,1,0,1,1,1,0,1,1,1,0,0,1,1,0,0,1,0,0,0,0,0,1,000101101110000100011001010011011111101011101110011001000001
486,0,0,0,1,1,1,0,0,1,0,1,1,1,1,0,1,1,0,0,0,0,1,0,0,0,0,0,1,0,1,0,0,0,1,0,0,1,0,1,0,1,1,0,0,0,1,1,0,0,0,0,1,1,1,0,0,0,0,0,1,000111001011110110000100000101000100101011000110000111000001
487,1,1,1,1,1,1,0,0,1,0,1,1,1,1,0,1,1,0,0,0,0,0,1,0,0,1,1,0,1,0,1,1,0,0,1,1,0,1,1,0,1,0,0,0,0,0,0,1,0,1,0,0,0,1,0,1,0,0,0,0,111111001011110110000010011010110011011010000001010001010000
488,1,1,0,1,1,1,1,1,0,1,1,0,1,1,0,0,1,0,0,0,0,0,0,0,0,0,0,1,0,1,1,0,0,0,1,0,0,0,1,1,1,1,0,1,1,0,1,0,1,1,1,0,0,0,1,0,0,1,1,0,110111110110110010000000000101100010001111011010111000100110
489,1,0,1,1,1,1,0,1,0,0,0,0,0,1,0,0,1,0,0,1,0,0,0,1,0,0,0,0,1,0,0,0,0,0,0,0,0,1,1,0,1,1,1,1,1,0,1,0,0,1,0,0,0,1,0,0,0,1,0,1,101111010000010010010001000010000000011011111010010001000101
490,1,1,0,0,1,1,0,0,1,1,1,1,0,1,0,1,1,1,0,0,0,1,0,0,0,1,0,0,1,1,1,1,0,1,0,1,1,0,0,1,0,0,0,1,1,0,0,0,0,0,0,1,0,0,1,0,0,0,0,1,110011001111010111000100010011110101100100011000000100100001
491,1,1,1,1,1,1,0,1,0,1,1,0,0,0,0,0,0,1,0,1,0,0,0,1,0,0,1,1,0,1,0,1,0,0,0,0,0,0,1,1,1,0,0,1,0,0,1,0,1,1,1,0,1,1,0,1,0,1,1,0,111111010110000001010001001101010000001110010010111011010110
492,1,0,0,0,1,1,1,1,0,0,0,1,0,1,0,0,0,0,1,0,0,0,1,0,0,0,0,1,1,0,1,0,0,1,0,1,1,1,0,1,1,0,1,1,1,0,1,1,0,0,0,1,1,1,0,0,1,0,0,1,100011110001010000100010000110100101110110111011000111001001
493,0,1,1,1,1,0,0,1,1,0,1,0,0,1,1,1,1,0,1,0,0,0,0,0,1,1,0,1,0,0,1,0,0,1,0,0,0,0,1,0,0,1,0,1,1,0,1,0,0,1,1,1,1,1,0,1,0,1,0,0,011110011010011110100000110100100100001001011010011111010100
494,1,0,1,0,1,1,0,1,1,0,1,0,0,0,0,1,0,1,0,0,0,1,1,1,0,0,0,1,0,1,0,1,0,1,0,0,0,0,0,1,0,0,0,1,1,0,0,0,0,1,1,1,1,1,0,0,1,1,1,0,101011011010000101000111000101010100000100011000011111001110
495,1,0,1,0,1,0,0,1,0,1,0,1,1,1,1,0,1,0,0,0,0,0,0,0,1,1,1,0,1,1,0,0,0,0,1,1,0,0,0,1,1,1,1,1,1,1,1,1,1,0,1,0,1,1,1,0,1,1,0,1,101010010101111010000000111011000011000111111111101011101101
496,0,1,0,0,0,1,1,0,0,1,1,1,0,0,0,0,1,1,0,0,0,1,0,0,0,0,1,1,0,1,0,0,1,0,1,1,1,0,0,0,1,0,0,0,0,1,0,1,1,0,0,0,1,1,0,0,0,1,0,1,010001100111000011000100001101001011100010000101100011000101
497,0,0,1,1,1,1,0,1,0,1,1,0,0,0,0,1,1,0,1,1,1,0,0,0,0,0,0,0,1,1,1,0,0,0,0,0,0,0,0,1,0,0,0,0,1,1,1,0,0,0,1,0,0,1,0,1,1,0,0,1,001111010110000110111000000011100000000100001110001001011001
498,0,0,1,0,1,1,0,1,0,1,0,1,0,1,0,0,1,0,0,1,0,0,1,0,1,0,0,0,1,1,1,0,0,0,1,0,1,0,0,1,0,0,1,1,1,0,1,0,0,1,0,1,1,1,0,0,1,0,0,1,001011010101010010010010100011100010100100111010010111001001
499,0,1,0,0,0,1,0,1,0,1,1,1,0,1,1,0,1,1,0,0,0,0,0,0,1,0,0,1,1,1,1,1,0,1,0,0,0,1,1,0,0,0,1,1,0,1,0,1,0,0,0,1,0,0,0,1,1,1,0,1,010001010111011011000000100111110100011000110101000100011101
500,1,1,0,1,1,0,1,1,0,1,1,0,1,1,0,0,1,0,0,0,1,0,0,1,1,0,0,1,1,1,0,0,1,1,1,0,1,0,1,1,0,0,0,0,0,1,1,0,0,1,0,1,1,1,0,1,1,1,0,0,110110110110110010001001100111001110101100000110010111011100
501,1,1,0,1,0,1,0,1,0,0,1,1,0,1,0,1,1,0,0,0,1,1,1,0,0,0,1,1,0,1,0,1,0,1,1,1,1,0,0,0,0,0,0,0,1,0,1,1,0,0,0,0,1,0,0,0,0,1,0,1,110101010011010110001110001101010111100000001011000010000101
502,1,1,0,1,0,0,1,1,0,1,1,1,1,0,1,1,0,1,1,0,1,1,0,0,1,0,1,0,1,1,1,0,1,0,1,1,0,0,1,1,0,0,1,0,1,1,0,0,1,0,1,1,0,0,0,0,0,0,0,1,110100110111101101101100101011101011001100101100101100000001
503,1,0,1,1,0,1,0,1,0,0,1,1,1,1,0,0,1,1,1,1,1,0,1,1,1,0,1,1,1,0,0,0,0,0,0,0,0,0,1,1,1,0,1,0,0,0,0,0,1,0,1,1,1,1,0,0,0,1,0,1,101101010011110011111011101110000000001110100000101111000101
504,0,1,0,0,0,0,1,1,1,0,1,1,1,1,1,0,1,0,0,1,0,0,0,0,0,0,0,0,0,1,1,0,0,1,0,1,0,1,1,1,0,0,0,0,1,0,1,0,0,1,0,0,0,1,1,1,0,0,0,1,010000111011111010010000000001100101011100001010010001110001
505,0,1,1,1,0,1,0,0,1,1,1,0,0,1,0,1,1,0,0,1,1,1,0,0,0,1,1,1,1,1,1,0,0,0,1,0,0,1,1,0,0,1,0,1,0,0,1,1,0,1,0,1,1,1,0,1,0,1,1,1,011101001110010110011100011111100010011001010011010111010111
506,0,1,1,1,1,1,0,0,0,0,0,1,1,1,0,0,1,1,0,0,0,0,1,1,0,0,0,1,1,0,0,1,0,1,1,1,1,1,0,0,1,1,0,0,1,0,1,1,0,1,0,0,1,1,0,0,0,0,1,0,011111000001110011000011000110010111110011001011010011000010
507,0,1,1,0,0,1,1,0,0,1,1,0,0,0,1,0,1,1,0,0,0,1,0,0,0,1,1,0,1,0,0,1,0,1,0,0,0,0,0,0,0,0,0,0,1,1,1,1,0,1,1,0,0,0,0,1,1,1,0,0,011001100110001011000100011010010100000000001111011000011100
508,0,1,0,0,1,1,1,0,1,1,1,0,0,1,1,1,0,0,0,0,1,1,0,1,1,0,0,0,0,0,1,0,0,0,0,0,1,1,1,1,0,0,1,1,0,0,1,1,0,0,1,1,0,1,1,0,0,1,0,1,010011101110011100001101100000100000111100110011001101100101
509,0,0,0,1,0,1,0,0,1,0,1,0,1,1,0,1,0,1,0,0,0,0,0,1,0,0,1,0,0,0,0,1,1,0,0,1,0,0,0,0,0,1,1,1,1,0,0,0,1,1,0,0,0,1,1,0,0,0,0,1,000101001010110101000001001000011001000001111000110001100001
510,1,0,0,1,1,1,1,1,1,1,0,1,0,1,1,0,0,0,0,0,0,0,1,0,0,0,1,0,0,1,0,0,0,1,0,1,1,0,1,1,1,0,1,1,1,0,1,1,0,0,0,1,0,0,0,0,0,1,0,1,100111111101011000000010001001000101101110111011000100000101
511,0,1,0,0,0,0,0,1,1,1,1,0,0,0,0,0,0,0,0,0,1,0,1,0,0,1,1,1,1,0,1,0,0,0,1,0,1,0,1,0,1,1,1,0,1,1,1,0,0,0,1,0,1,0,0,1,0,1,1,0,010000011110000000001010011110100010101011101110001010010110
512,1,1,1,0,0,1,1,1,1,1,1,1,1,0,1,0,0,0,0,0,0,1,0,0,1,1,0,0,0,1,1,0,0,0,0,1,1,1,1,1,1,0,1,0,1,1,1,1,0,0,0,1,0,0,0,0,0,0,1,1,111001111111101000000100110001100001111110101111000100000011
513,1,0,1,1,0,1,0,0,1,0,1,0,1,0,1,0,1,1,0,1,1,0,0,0,1,0,1,0,0,0,0,1,0,0,1,0,1,1,0,1,0,1,0,1,0,0,1,0,0,1,1,1,1,0,1,0,1,0,0,1,101101001010101011011000101000010010110101010010011110101001
514,0,1,0,1,0,1,1,1,1,1,1,1,1,0,1,1,1,0,0,0,0,0,0,0,0,0,1,0,1,1,0,0,0,1,1,0,1,0,0,0,0,1,0,0,0,1,0,0,0,0,1,1,0,0,1,1,1,1,0,0,010101111111101110000000001011000110100001000100001100111100
515,0,1,1,0,0,0,0,0,1,0,1,0,1,1,0,1,0,0,0,1,0,1,0,1,1,1,1,0,0,0,1,0,1,0,0,0,0,1,1,1,1,0,1,1,1,1,1,1,0,0,1,0,1,0,0,0,0,0,0,0,011000001010110100010101111000101000011110111111001010000000
516,0,0,0,1,1,0,0,1,1,1,0,1,0,0,0,0,1,1,0,1,1,1,0,0,0,0,0,0,1,0,1,1,1,1,1,1,1,0,1,0,0,0,1,1,1,0,0,1,1,0,1,0,0,0,0,0,0,1,0,0,000110011101000011011100000010111111101000111001101000000100
517,1,1,1,0,0,0,0,0,0,0,1,0,0,1,0,1,1,0,1,0,1,0,1,1,0,1,0,0,1,1,1,0,1,0,0,1,0,1,1,0,0,1,0,1,1,1,1,0,0,1,0,0,0,1,0,0,0,0,1,1,111000000010010110101011010011101001011001011110010001000011
518,0,1,1,1,1,0,1,1,1,1,1,0,1,0,1,1,0,0,0,0,0,1,0,1,0,1,1,0,0,0,1,1,0,1,0,1,0,1,1,1,1,1,1,0,1,1,0,1,0,1,0,1,0,1,1,1,0,0,0,0,011110111110101100000101011000110101011111101101010101110000
519,1,0,0,1,0,1,1,0,1,1,0,1,0,0,0,1,1,0,0,0,0,0,1,0,1,1,0,0,1,0,1,1,0,0,0,0,0,0,0,0,0,0,0,0,1,0,0,0,0,0,0,0,1,1,0,1,1,0,0,0,100101101101000110000010110010110000000000001000000011011000
520,1,1,0,0,1,0,0,1,1,1,1,1,1,0,0,1,1,0,0,0,0,0,1,0,1,0,0,0,0,1,0,0,0,1,0,0,0,0,1,0,0,1,0,1,0,1,0,1,0,0,0,0,1,0,0,0,1,1,0,1,110010011111100110000010100001000100001001010101000010001101
521,1,0,0,0,1,0,0,1,1,1,1,1,1,0,1,0,1,1,1,1,0,1,0,1,1,1,0,1,1,1,1,1,1,1,0,0,0,0,1,1,0,1,1,1,0,0,1,1,0,0,1,1,0,0,1,1,0,0,0,1,100010011111101011110101110111111100001101110011001100110001
522,1,1,1,1,0,1,0,1,0,1,0,0,1,0,1,1,1,0,1,0,1,0,0,1,0,0,0,0,1,0,0,1,1,1,1,1,0,0,0,1,1,0,0,1,0,1,0,0,0,0,1,1,0,0,0,0,1,1,0,0,111101010100101110101001000010011111000110010100001100001100
523,0,0,0,1,1,0,1,1,0,0,1,1,1,1,0,0,1,0,0,1,0,0,1,0,1,0,0,1,0,1,0,0,0,0,1,0,0,1,1,1,0,1,0,1,0,0,0,1,1,0,0,0,0,0,0,0,0,1,0,1,000110110011110010010010100101000010011101010001100000000101
524,1,1,0,0,1,1,0,0,1,1,1,0,1,0,0,0,1,0,1,0,0,0,1,0,1,0,1,1,1,1,0,1,0,1,0,0,1,0,1,0,0,1,1,1,1,0,1,1,1,0,0,1,1,0,0,1,0,1,0,1,110011001110100010100010101111010100101001111011100110010101
525,1,0,1,1,0,0,0,1,0,1,1,1,0,1,0,1,0,0,0,0,1,0,1,0,1,1,1,1,1,1,1,0,0,1,1,0,1,1,1,1,0,0,1,1,0,1,1,0,1,0,1,0,0,1,0,0,0,1,0,1,101100010111010100001010111111100110111100110110101001000101
526,1,1,1,0,0,1,0,1,0,1,0,1,1,0,1,1,0,0,0,1,1,0,0,1,1,0,1,1,0,0,0,1,1,1,1,1,0,0,0,0,0,0,0,1,1,1,1,1,0,0,1,0,0,0,0,0,0,1,0,1,111001010101101100011001101100011111000000011111001000000101
527,1,0,1,0,0,1,0,1,1,0,1,0,0,1,1,0,0,0,1,0,1,0,0,1,0,0,0,1,0,0,0,0,0,1,1,0,0,0,1,1,0,0,0,1,1,0,1,0,0,1,0,1,0,0,1,1,0,0,0,0,101001011010011000101001000100000110001100011010010100110000
528,1,1,0,1,1,1,0,0,1,0,1,1,0,1,0,1,1,1,0,1,0,0,0,0,0,1,0,0,1,1,1,1,0,1,0,0,0,0,1,1,0,1,0,1,0,1,1,1,1,0,1,1,0,1,1,1,1,1,0,0,110111001011010111010000010011110100001101010111101101111100
529,1,1,1,0,1,0,0,1,0,0,1,1,0,1,0,1,0,0,0,1,1,1,0,1,1,0,1,0,0,0,0,0,0,0,1,1,0,0,0,1,1,0,1,0,1,1,0,1,1,0,1,1,0,0,0,1,1,1,0,0,111010010011010100011101101000000011000110101101101100011100
530,1,1,1,1,1,1,0,0,1,1,1,0,0,0,1,1,0,1,0,0,0,1,0,1,1,0,1,0,1,0,1,0,0,1,0,1,0,1,0,1,0,1,1,0,0,0,1,0,0,1,1,1,0,1,1,0,0,0,0,0,111111001110001101000101101010100101010101100010011101100000
531,1,1,1,1,1,1,0,1,1,0,1,0,1,0,0,0,0,0,1,0,0,0,0,1,1,1,0,0,1,1,1,0,0,1,1,1,1,0,1,0,1,0,0,1,0,0,0,1,0,0,1,1,0,0,0,0,0,1,0,0,111111011010100000100001110011100111101010010001001100000100
532,1,1,1,0,1,1,1,0,0,1,1,0,0,0,1,0,0,1,0,1,0,1,0,0,0,0,1,0,0,0,1,0,0,1,0,0,0,1,0,1,1,1,1,0,1,0,0,0,1,0,1,0,0,1,1,0,0,1,0,0,111011100110001001010100001000100100010111101000101001100100
533,0,1,0,0,0,1,1,0,1,1,0,0,1,0,0,1,0,1,0,0,0,0,0,1,1,0,1,1,0,0,1,0,0,1,1,0,1,0,0,1,0,0,0,1,0,1,1,1,1,1,0,1,1,0,1,0,0,0,0,1,010001101100100101000001101100100110100100010111110110100001
534,1,0,0,1,0,1,1,0,0,1,0,1,1,0,0,1,1,0,1,0,0,0,0,0,0,0,1,0,1,0,1,0,0,1,0,0,0,1,1,0,1,1,1,0,0,0,0,0,1,0,1,1,1,1,0,0,0,1,0,1,100101100101100110100000001010100100011011100000101111000101
535,1,0,1,1,1,1,0,0,1,1,1,0,1,0,1,0,1,0,0,0,1,0,0,0,0,1,0,0,0,1,1,0,0,0,0,0,1,0,0,1,1,1,0,1,1,0,0,1,0,1,0,1,1,1,0,1,0,1,0,0,101111001110101010001000010001100000100111011001010111010100
536,1,1,1,1,0,1,0,0,1,0,1,1,0,0,0,1,0,0,0,1,0,1,0,0,1,0,0,1,1,0,1,0,0,1,0,0,1,0,1,0,1,0,1,0,0,1,0,1,0,0,0,1,1,0,0,1,0,0,1,1,111101001011000100010100100110100100101010100101000110010011
537,0,0,1,1,1,1,0,1,0,1,1,1,1,0,0,1,1,0,0,1,0,0,0,1,0,1,1,1,1,1,1,0,0,1,0,1,1,0,1,0,0,0,0,1,0,0,0,0,0,0,1,1,1,0,0,0,0,0,0,1,001111010111100110010001011111100101101000010000001110000001
538,1,1,0,0,1,1,0,0,1,0,0,1,1,1,0,1,1,0,0,0,0,0,1,1,1,1,1,1,1,0,1,1,1,1,0,0,0,0,1,1,1,0,1,0,0,1,0,1,1,1,1,1,1,1,1,1,1,0,0,1,110011001001110110000011111110111100001110100101111111111001
539,0,0,1,1,0,1,0,1,0,1,1,0,1,0,0,0,0,0,0,1,1,0,0,0,0,0,0,1,1,0,0,0,1,1,1,0,0,0,1,1,1,0,1,0,1,0,0,1,1,0,1,0,1,1,1,0,1,1,0,1,001101010110100000011000000110001110001110101001101011101101
540,1,0,1,1,0,0,1,0,0,0,0,1,0,1,1,1,1,1,0,0,0,0,0,1,1,1,1,1,0,1,0,0,0,0,0,0,1,1,0,1,0,0,0,1,1,0,1,1,0,1,1,1,1,0,0,0,1,0,1,1,101100100001011111000001111101000000110100011011011110001011
541,0,1,1,1,1,0,1,1,1,1,1,1,1,0,1,1,1,0,1,0,0,1,0,1,0,1,1,1,1,1,0,1,0,0,0,1,0,0,0,1,0,0,1,0,1,0,1,0,0,0,0,0,1,0,1,0,0,0,0,1,011110111111101110100101011111010001000100101010000010100001
542,1,1,0,0,1,0,1,1,1,1,1,1,0,1,1,1,1,0,1,1,1,0,0,0,0,0,1,1,1,0,1,1,0,0,0,1,1,0,1,0,0,1,1,1,1,0,1,1,0,1,0,1,1,0,0,0,0,1,0,0,110010111111011110111000001110110001101001111011010110000100
543,0,1,1,0,1,1,1,0,0,1,1,1,1,0,0,0,0,0,0,0,1,0,0,0,1,0,1,0,0,0,1,1,0,0,1,1,1,0,1,0,0,1,0,1,1,0,0,1,0,0,1,0,1,0,0,0,0,0,0,0,011011100111100000001000101000110011101001011001001010000000
544,1,1,1,0,1,1,0,1,0,1,1,1,0,1,0,0,0,0,0,0,1,0,0,0,1,1,1,1,1,0,1,0,0,0,0,1,0,0,0,1,1,1,0,0,1,1,1,1,0,1,0,1,1,1,1,0,0,0,0,1,111011010111010000001000111110100001000111001111010111100001
545,1,1,0,1,1,1,1,0,1,1,0,1,0,0,0,1,1,0,0,0,0,0,0,1,0,0,1,1,1,1,1,1,0,1,1,1,0,0,0,1,0,0,1,0,0,1,1,0,0,1,0,1,1,1,1,0,1,0,1,0,110111101101000110000001001111110111000100100110010111101010
546,1,1,1,0,1,1,1,0,0,0,0,0,0,1,1,0,0,0,0,1,0,0,0,1,1,1,0,0,0,0,1,0,0,1,1,1,1,0,0,1,0,0,0,0,0,0,1,0,0,0,0,1,1,1,1,0,0,1,1,0,111011100000011000010001110000100111100100000010000111100110
547,1,1,1,1,0,1,1,1,1,0,0,1,1,1,0,1,1,1,0,0,0,0,1,1,1,0,1,1,1,1,1,0,0,1,1,1,1,0,1,0,1,0,0,0,0,0,1,0,0,1,0,1,1,1,0,0,1,1,0,1,111101111001110111000011101111100111101010000010010111001101
548,1,1,0,1,0,0,1,1,0,1,1,1,1,1,0,1,1,1,1,0,0,0,0,0,1,0,1,0,0,0,1,1,0,0,0,0,0,1,1,1,1,1,0,0,0,0,0,1,0,1,1,0,1,1,0,1,0,0,1,1,110100110111110111100000101000110000011111000001011011010011
549,1,1,0,0,1,0,1,0,0,1,1,0,1,0,0,0,0,0,0,1,1,1,1,0,1,1,1,1,0,0,0,0,0,0,0,1,0,1,0,1,0,0,1,0,1,1,0,1,0,0,1,1,0,0,0,0,0,1,0,1,110010100110100000011110111100000001010100101101001100000101
550,1,1,0,1,1,0,0,1,1,1,1,0,0,1,0,1,0,0,0,0,1,0,0,0,0,1,1,0,1,0,1,1,0,1,1,1,0,0,1,1,1,0,1,1,1,1,0,1,1,0,1,0,0,0,1,1,0,1,0,1,110110011110010100001000011010110111001110111101101000110101
551,1,1,0,1,0,1,1,1,1,1,1,1,0,0,0,1,1,0,0,0,1,1,0,0,0,0,1,0,0,0,0,0,0,0,0,1,0,0,1,1,0,0,1,1,1,1,1,0,0,1,1,0,0,1,0,0,0,0,0,0,110101111111000110001100001000000001001100111110011001000000
552,0,0,1,1,1,1,1,1,0,0,1,0,0,0,0,0,1,0,1,1,1,0,0,0,1,0,0,1,1,1,1,0,0,0,1,0,0,0,1,0,0,0,0,1,1,0,1,0,1,0,1,1,1,0,1,0,1,1,1,1,001111110010000010111000100111100010001000011010101110101111
553,1,1,1,1,1,0,1,1,1,1,1,0,0,1,0,0,1,0,0,1,0,0,0,1,0,0,1,1,0,0,1,0,0,1,1,1,0,0,1,0,0,1,0,0,0,1,1,0,0,0,0,1,0,1,0,0,0,1,0,0,111110111110010010010001001100100111001001000110000101000100
554,0,1,1,1,1,1,1,1,0,1,1,1,0,1,0,0,0,0,1,0,0,1,0,1,0,0,0,1,1,1,1,0,0,1,1,1,1,1,0,1,0,1,1,1,0,1,0,1,0,0,1,1,1,0,1,0,0,1,1,1,011111110111010000100101000111100111110101110101001110100111
555,1,1,1,0,1,1,1,1,0,1,0,1,1,1,0,1,1,0,0,1,0,0,0,0,0,1,1,0,0,1,0,1,1,0,1,0,0,1,1,1,0,0,0,0,0,1,1,0,0,1,0,1,1,0,1,1,0,0,0,1,111011110101110110010000011001011010011100000110010110110001
556,1,0,1,0,0,1,0,0,1,1,1,0,1,0,0,0,0,0,1,0,0,0,0,1,0,0,1,1,1,0,0,1,1,0,0,1,1,0,1,0,0,0,0,0,0,1,1,0,1,1,1,1,0,0,0,0,0,0,0,1,101001001110100000100001001110011001101000000110111100000001
557,1,1,0,1,1,0,1,1,0,0,1,0,1,1,0,0,1,1,0,0,1,0,0,1,0,1,0,1,0,0,0,1,0,1,0,0,0,1,1,1,0,0,1,0,1,0,1,1,0,1,0,1,1,0,0,1,0,1,0,0,110110110010110011001001010100010100011100101011010110010100
558,1,1,1,1,1,1,1,1,1,1,1,0,0,0,0,1,0,0,0,0,1,0,0,0,1,0,0,1,1,1,1,0,0,1,0,1,1,0,1,0,1,0,0,1,1,1,0,0,0,1,1,0,1,0,0,1,0,1,0,1,111111111110000100001000100111100101101010011100011010010101
559,1,1,1,1,1,1,1,1,1,0,1,1,1,0,0,1,1,0,1,0,0,1,0,0,0,0,1,0,0,0,0,0,1,0,1,0,1,1,1,1,0,0,1,0,0,1,1,0,0,0,0,1,0,0,0,0,0,1,0,0,111111111011100110100100001000001010111100100110000100000100
560,0,0,0,1,1,1,1,0,1,1,0,1,0,0,1,1,1,0,0,0,0,0,0,0,0,1,0,0,0,1,1,0,1,1,0,1,1,1,1,0,0,0,0,1,1,1,0,0,1,0,0,0,0,1,1,1,0,0,0,0,000111101101001110000000010001101101111000011100100001110000
561,1,1,0,0,1,1,0,1,0,0,1,0,1,0,0,0,0,0,0,0,0,0,0,1,1,1,0,0,0,0,0,1,1,0,0,1,1,0,0,1,1,0,0,1,0,1,1,0,1,1,1,1,0,0,0,0,1,1,0,1,110011010010100000000001110000011001100110010110111100001101
562,1,0,1,0,1,0,0,1,0,1,1,1,1,1,0,0,1,0,0,1,0,1,0,1,1,0,1,0,1,1,0,0,0,1,0,0,1,0,1,0,0,0,0,1,0,0,1,1,0,0,1,1,0,0,0,0,0,0,0,0,101010010111110010010101101011000100101000010011001100000000
563,0,1,1,0,1,0,1,1,0,1,1,1,0,1,0,0,1,0,0,0,0,1,0,1,0,1,1,0,0,1,0,1,0,1,1,1,0,0,1,0,1,1,1,1,0,0,0,1,1,0,0,1,1,0,0,0,0,1,0,0,011010110111010010000101011001010111001011110001100110000100
564,1,1,0,0,1,1,0,1,0,0,0,0,0,1,0,1,0,0,0,0,0,0,0,1,0,0,0,1,0,1,1,0,0,0,0,1,1,0,1,0,0,0,0,0,1,1,1,1,0,1,0,1,1,1,1,0,1,0,1,1,110011010000010100000001000101100001101000001111010111101011
565,1,0,0,0,0,1,0,0,0,0,0,1,0,1,0,0,0,0,1,0,1,0,0,1,0,1,1,1,0,1,1,0,1,0,0,0,0,1,1,0,0,1,0,0,0,0,1,1,0,0,1,0,1,1,0,0,0,1,1,1,100001000001010000101001011101101000011001000011001011000111
566,1,1,0,0,0,0,0,1,1,1,1,1,0,0,1,0,1,0,0,1,1,0,0,0,0,1,0,1,1,0,1,0,1,1,1,1,1,0,0,0,0,0,1,1,0,1,0,1,1,0,0,1,1,0,1,0,1,0,1,0,110000011111001010011000010110101111100000110101100110101010
567,0,1,1,1,0,1,0,0,0,0,1,1,0,0,0,1,1,0,0,0,1,1,1,0,1,1,1,0,1,0,0,1,0,1,1,1,0,0,0,0,0,1,0,0,0,1,1,0,0,1,1,0,0,1,1,0,0,1,0,0,011101000011000110001110111010010111000001000110011001100100
568,0,1,1,0,1,1,1,1,1,1,1,1,1,1,1,1,0,1,1,0,0,0,1,1,0,1,1,1,1,0,1,1,1,0,1,0,1,0,1,0,0,1,0,1,1,0,0,1,0,0,1,0,0,1,0,0,0,1,0,1,011011111111111101100011011110111010101001011001001001000101
569,1,1,1,0,0,1,1,0,0,1,0,1,1,0,0,1,1,0,0,0,1,1,0,0,0,0,0,0,0,1,1,0,0,1,0,0,1,0,1,0,0,0,1,0,0,1,1,0,0,1,1,1,0,0,0,1,0,0,0,1,111001100101100110001100000001100100101000100110011100010001
570,1,1,0,1,0,1,1,0,1,1,1,1,1,1,1,0,1,0,1,0,1,1,0,0,1,0,1,0,1,1,0,0,0,0,0,0,0,0,1,1,0,0,0,0,1,0,0,1,1,1,0,1,0,0,0,0,0,1,0,0,110101101111111010101100101011000000001100001001110100000100
571,1,1,1,1,1,1,0,1,0,1,1,1,1,1,0,1,1,0,0,0,0,0,1,0,1,0,1,0,1,0,0,0,1,1,0,1,1,1,1,1,1,0,0,1,1,0,1,0,0,0,0,1,0,1,1,0,0,1,0,1,111111010111110110000010101010001101111110011010000101100101
572,1,1,0,0,1,1,1,0,0,1,0,1,0,0,0,0,1,1,0,1,0,0,0,0,1,0,0,1,1,1,1,0,0,0,1,1,1,1,1,1,0,0,0,1,1,0,1,1,1,1,0,1,0,0,0,0,0,1,0,1,110011100101000011010000100111100011111100011011110100000101
573,1,1,0,1,1,1,0,1,1,0,0,0,0,0,0,0,0,1,0,0,0,0,0,0,0,0,0,1,1,1,0,0,0,1,0,0,0,0,0,1,0,1,0,1,0,0,1,0,1,0,0,1,1,1,0,1,0,0,0,0,110111011000000001000000000111000100000101010010100111010000
574,1,1,1,0,0,0,1,1,1,0,0,1,1,0,0,0,0,0,1,0,0,1,0,0,1,1,1,1,1,1,0,0,0,0,1,0,1,0,1,0,0,0,1,1,0,0,1,0,0,0,0,0,0,0,1,1,0,0,0,1,111000111001100000100100111111000010101000110010000000110001
575,1,1,1,1,0,0,1,0,0,1,1,0,1,0,1,0,1,0,1,0,0,1,1,0,1,0,1,1,1,1,0,0,0,0,0,1,0,1,1,0,0,0,1,0,1,1,0,0,0,0,0,1,1,0,0,0,0,1,1,0,111100100110101010100110101111000001011000101100000110000110
576,0,0,0,0,1,1,0,0,0,1,0,1,1,1,0,0,1,0,0,0,1,0,0,1,0,0,0,0,1,1,1,0,0,1,0,1,1,1,1,0,1,0,0,1,0,0,1,0,1,1,1,0,1,0,1,0,0,1,1,0,000011000101110010001001000011100101111010010010111010100110
577,1,1,0,0,1,1,0,1,1,1,1,0,1,1,0,0,1,0,0,1,1,1,0,1,1,0,1,0,0,1,1,1,0,0,0,1,0,1,0,0,1,0,0,0,0,0,1,0,0,1,0,0,1,0,1,0,0,1,0,1,110011011110110010011101101001110001010010000010010010100101
578,1,1,1,1,0,1,0,1,1,1,1,1,0,1,1,1,1,0,1,1,0,0,1,1,0,1,0,0,1,1,0,1,1,0,0,0,0,1,1,0,0,0,1,0,1,1,1,1,1,0,1,0,1,1,0,0,0,1,0,1,111101011111011110110011010011011000011000101111101011000101
579,1,0,1,1,1,1,0,1,0,1,1,0,0,1,0,0,0,1,0,1,0,0,0,0,0,0,0,1,1,0,1,0,0,0,0,1,0,1,1,0,0,1,0,0,0,1,1,1,1,0,0,1,1,0,0,0,0,1,1,1,101111010110010001010000000110100001011001000111100110000111
580,1,0,1,0,0,0,0,1,0,1,1,1,0,1,1,1,0,0,1,0,0,0,0,0,0,1,1,1,0,0,0,0,1,0,0,0,0,1,0,0,1,0,1,0,0,1,0,0,0,1,0,1,0,1,0,0,0,0,0,1,101000010111011100100000011100001000010010100100010101000001
581,0,0,1,1,1,1,0,1,1,0,1,1,1,1,1,1,1,0,0,0,1,1,1,1,1,1,1,1,1,1,0,0,1,1,1,0,0,0,0,1,1,1,1,1,1,0,0,1,0,0,1,0,1,1,0,0,1,0,0,0,001111011011111110001111111111001110000111111001001011001000
582,1,1,0,1,1,0,0,1,0,0,0,0,0,1,1,1,0,1,0,1,1,0,1,1,1,0,0,0,0,0,1,0,0,1,1,0,0,0,1,0,0,0,1,1,1,1,0,0,1,1,1,0,0,0,1,1,1,1,0,0,110110010000011101011011100000100110001000111100111000111100
583,1,1,0,1,1,1,0,1,1,1,1,0,0,0,0,1,1,0,1,1,0,0,0,0,1,0,1,1,1,1,0,0,1,0,0,1,0,0,0,0,0,1,0,0,0,1,1,1,1,1,1,0,1,0,1,0,0,1,0,0,110111011110000110110000101111001001000001000111111010100100
584,0,0,1,0,1,1,0,1,1,1,0,0,0,0,0,1,1,0,0,0,0,1,1,0,0,1,1,0,0,1,0,0,0,1,1,0,0,0,1,1,1,0,1,1,0,1,0,1,1,1,1,0,1,0,1,1,0,1,0,1,001011011100000110000110011001000110001110110101111010110101
585,0,1,1,1,0,1,1,0,0,1,1,1,0,1,0,1,0,0,0,0,1,0,0,0,0,1,1,1,0,1,0,1,0,1,0,1,1,0,1,0,0,1,0,1,0,0,0,0,0,0,1,1,1,1,0,1,1,1,0,0,011101100111010100001000011101010101101001010000001111011100
586,0,0,0,1,0,0,0,1,0,0,1,1,0,0,0,0,0,0,0,1,0,0,0,1,1,1,0,1,1,0,0,0,0,0,0,0,1,1,0,0,1,1,0,1,0,0,0,1,1,0,0,1,0,0,0,1,0,1,1,0,000100010011000000010001110110000000110011010001100100010110
587,0,1,0,0,1,1,1,0,0,0,1,1,0,1,0,1,0,0,0,1,0,0,1,1,0,0,0,1,1,1,0,0,0,0,0,1,1,0,1,1,1,1,0,0,0,0,0,0,0,1,1,0,0,1,0,0,0,0,1,1,010011100011010100010011000111000001101111000000011001000011
588,1,1,0,0,0,1,0,1,1,0,1,0,1,0,1,1,0,1,0,0,0,1,0,1,0,1,1,1,1,0,1,0,0,0,1,0,1,0,1,1,0,0,1,1,0,0,1,0,0,1,0,0,0,1,0,0,0,0,0,0,110001011010101101000101011110100010101100110010010001000000
589,1,0,1,1,1,0,0,1,1,1,1,1,1,1,1,1,1,1,1,0,0,1,0,1,0,0,0,0,1,0,0,1,0,0,0,1,1,0,0,1,1,1,0,0,1,0,1,1,0,1,1,1,1,0,1,0,0,0,0,0,101110011111111111100101000010010001100111001011011110100000
590,1,0,1,1,1,1,0,0,0,1,1,1,0,1,0,0,1,0,0,0,1,0,0,0,1,1,0,0,1,1,0,0,1,0,0,1,0,1,0,0,1,1,1,0,1,1,1,1,0,1,0,1,1,1,0,0,0,0,0,1,101111000111010010001000110011001001010011101111010111000001
591,1,1,0,0,0,1,0,1,0,1,0,1,0,0,1,1,1,1,0,0,0,0,0,1,0,1,0,0,0,1,0,1,0,0,0,1,0,0,1,0,0,0,1,0,0,1,0,1,0,0,0,1,1,1,0,1,0,0,0,0,110001010101001111000001010001010001001000100101000111010000
592,1,1,0,1,1,0,1,1,1,1,0,1,1,0,0,1,0,0,0,0,0,0,0,1,0,0,1,0,0,1,1,0,0,0,0,1,0,0,0,0,0,0,1,1,0,1,1,0,0,1,1,0,0,1,0,0,1,1,0,1,110110111101100100000001001001100001000000110110011001001101
593,1,1,1,0,0,0,1,1,0,1,1,1,0,0,0,0,1,1,0,1,0,0,0,1,0,0,0,0,1,0,1,0,0,0,1,1,0,0,0,1,0,1,0,0,0,1,1,1,1,1,0,0,1,0,0,1,0,1,0,1,111000110111000011010001000010100011000101000111110010010101
594,0,0,0,0,0,1,0,1,1,1,1,1,0,1,0,0,1,0,0,0,1,0,0,0,0,0,0,0,0,0,1,0,1,1,0,0,0,0,1,1,1,0,0,1,1,0,1,1,0,0,0,0,1,1,0,0,0,0,1,0,000001011111010010001000000000101100001110011011000011000010
595,1,1,1,1,1,1,0,1,0,1,1,1,1,1,0,1,0,0,1,0,0,1,0,0,0,1,0,0,1,0,1,0,0,1,1,0,1,0,1,0,0,0,1,1,0,1,1,1,0,0,1,0,1,1,0,0,1,0,0,1,111111010111110100100100010010100110101000110111001011001001
596,1,1,1,0,1,0,1,1,1,0,0,0,0,0,1,1,0,0,1,0,1,0,1,0,0,0,1,1,0,1,1,0,0,1,0,1,1,1,0,1,0,0,0,1,1,0,1,0,0,1,0,0,1,1,1,1,0,0,0,0,111010111000001100101010001101100101110100011010010011110000
597,1,1,1,1,1,0,0,1,1,1,0,0,1,0,1,1,0,0,1,0,0,0,0,0,0,1,1,1,1,1,1,1,1,1,1,1,1,0,0,0,0,0,0,1,1,0,0,1,1,1,1,0,1,0,0,0,0,0,0,0,111110011100101100100000011111111111100000011001111010000000
598,1,1,1,1,0,0,0,0,1,1,1,0,1,0,0,1,1,0,0,1,0,0,0,0,1,0,0,1,0,0,1,0,0,1,0,0,0,0,0,1,0,0,0,0,0,1,1,0,1,0,0,0,1,1,0,1,1,1,1,1,111100001110100110010000100100100100000100000110100011011111
599,1,1,0,1,1,1,1,1,1,1,1,0,1,1,1,1,1,0,1,0,0,0,0,0,1,0,1,1,0,0,1,1,0,1,0,0,0,0,0,0,0,0,1,0,1,0,0,0,0,0,1,1,1,1,0,0,0,0,0,0,110111111110111110100000101100110100000000101000001111000000
600,0,0,1,1,0,1,1,0,1,1,1,0,0,1,1,1,0,0,1,0,0,0,0,0,1,0,1,1,1,1,0,0,0,1,0,1,1,0,1,0,1,0,0,0,0,1,1,1,0,1,1,1,1,0,0,1,1,1,0,0,001101101110011100100000101111000101101010000111011110011100
601,1,0,0,1,1,0,0,1,0,1,1,1,1,1,0,1,1,0,0,0,1,1,0,0,0,1,0,0,1,0,0,1,0,0,0,1,0,0,1,0,0,0,1,0,1,1,0,1,0,1,0,1,1,1,0,1,0,0,0,0,100110010111110110001100010010010001001000101101010111010000
602,1,1,0,0,1,0,0,1,0,1,0,0,0,1,0,1,0,1,0,0,0,0,0,0,0,1,0,0,0,1,0,0,0,0,0,0,0,0,1,1,1,1,1,1,0,1,0,1,0,0,0,0,1,1,0,0,0,0,1,0,110010010100010101000000010001000000001111110101000011000010
603,0,1,1,0,0,1,1,0,0,0,1,1,1,0,1,1,1,1,0,0,0,1,0,1,0,1,0,0,1,1,1,0,0,1,0,1,1,0,1,0,1,1,1,0,0,1,0,0,0,0,1,1,0,0,0,1,0,1,0,1,011001100011101111000101010011100101101011100100001100010101
604,1,0,0,1,0,1,0,1,1,1,0,0,1,1,1,0,1,1,0,1,0,0,0,1,1,0,0,1,0,0,0,1,0,0,1,1,0,0,1,0,0,0,0,0,1,1,0,1,0,1,0,1,0,0,0,1,0,0,0,1,100101011100111011010001100100010011001000001101010100010001
605,1,0,1,0,0,1,0,1,1,1,0,0,1,1,0,1,1,0,0,0,1,1,0,1,1,0,0,1,0,0,1,0,0,1,0,0,1,0,1,0,0,0,0,1,0,0,0,1,0,1,0,0,1,1,1,0,0,0,0,1,101001011100110110001101100100100100101000010001010011100001
606,1,1,0,1,1,0,0,1,1,1,1,1,1,1,0,0,1,0,0,0,0,0,1,0,0,0,1,0,1,1,1,0,1,0,1,1,0,0,1,0,0,0,0,0,0,1,1,1,1,1,0,0,0,0,0,0,0,0,0,1,110110011111110010000010001011101011001000000111110000000001
607,0,0,1,1,0,1,1,0,1,0,0,0,0,1,0,0,1,0,0,0,0,0,0,0,1,1,1,0,1,1,0,1,0,1,1,1,0,0,1,1,0,0,0,0,0,0,1,1,1,1,0,0,1,1,0,1,0,0,1,1,001101101000010010000000111011010111001100000011110011010011
608,0,1,1,1,0,1,1,0,1,1,1,0,1,0,0,1,1,0,0,1,1,0,0,0,0,0,0,1,1,0,1,0,0,0,1,0,1,0,1,1,1,0,1,0,0,1,1,1,1,0,1,0,0,0,0,1,0,0,0,1,011101101110100110011000000110100010101110100111101000010001
609,1,0,0,1,1,1,1,0,1,1,0,1,1,0,0,0,0,0,0,1,0,0,0,0,0,1,0,1,0,0,1,0,1,1,0,0,0,0,1,0,0,0,1,0,1,0,0,1,1,0,0,0,0,0,1,0,0,1,1,0,100111101101100000010000010100101100001000101001100000100110
610,0,1,1,1,0,1,1,1,0,0,1,1,1,0,0,1,0,1,0,0,0,1,0,1,0,0,0,0,0,0,1,0,1,1,0,0,1,0,0,0,1,1,1,0,0,0,1,1,0,0,0,1,1,1,0,0,0,1,0,1,011101110011100101000101000000101100100011100011000111000101
611,1,0,0,1,1,1,0,0,0,1,1,0,0,1,1,1,1,1,0,0,0,0,0,0,0,0,1,1,1,0,1,0,1,1,0,0,0,1,1,1,0,0,1,0,1,0,1,1,0,0,1,1,0,0,0,0,1,0,0,1,100111000110011111000000001110101100011100101011001100001001
612,1,1,1,1,1,1,0,1,0,0,0,1,0,1,1,1,1,0,1,1,0,1,0,0,1,0,0,1,0,0,1,0,0,1,0,0,0,1,1,1,0,0,0,0,1,0,1,1,1,0,1,1,0,0,1,1,1,0,0,0,111111010001011110110100100100100100011100001011101100111000
613,1,1,1,1,1,1,0,0,1,0,1,1,0,0,0,0,1,0,0,0,0,0,0,0,1,0,0,1,0,1,0,0,1,1,0,0,0,0,1,0,0,0,1,1,0,1,0,1,0,1,1,0,0,1,1,1,1,0,1,0,111111001011000010000000100101001100001000110101011001111010
614,0,1,0,1,1,1,0,1,0,0,0,0,0,0,0,1,1,0,0,0,0,0,1,0,0,0,1,0,1,1,0,1,0,1,0,0,0,0,0,0,0,0,0,1,1,1,0,1,1,0,1,0,1,0,0,0,0,0,0,1,010111010000000110000010001011010100000000011101101010000001
615,0,0,1,0,0,1,0,1,1,0,1,0,1,0,1,1,1,0,0,1,0,1,0,1,0,0,1,0,0,1,1,1,1,0,1,0,1,0,0,1,0,1,0,0,0,0,1,1,0,1,1,1,1,0,0,1,0,1,0,0,001001011010101110010101001001111010100101000011011110010100
616,1,1,1,0,0,0,1,1,0,1,1,0,1,1,1,0,1,0,0,1,0,1,0,0,0,0,1,1,1,1,0,0,1,0,0,0,0,0,0,1,0,0,1,1,1,0,0,0,0,0,1,0,0,0,0,0,0,0,0,1,111000110110111010010100001111001000000100111000001000000001
617,0,0,1,1,0,1,0,1,0,1,1,1,1,0,1,0,0,1,0,1,1,1,1,1,0,0,0,0,0,1,1,1,1,1,1,1,1,0,0,1,1,1,0,1,1,1,1,1,0,0,0,1,0,1,0,0,0,0,1,1,001101010111101001011111000001111111100111011111000101000011
618,1,1,0,0,1,1,0,1,1,1,1,1,0,0,0,0,0,0,1,1,0,0,1,1,0,0,1,0,0,1,0,0,0,1,0,0,1,0,1,1,0,1,1,0,0,0,0,0,1,1,0,1,1,0,0,1,0,0,0,0,110011011111000000110011001001000100101101100000110110010000
619,1,1,1,0,1,0,0,0,0,1,1,1,1,1,0,0,0,0,0,0,0,0,1,0,0,0,1,0,0,1,1,1,0,1,1,0,1,1,0,1,0,0,1,0,0,0,0,1,0,1,0,0,0,0,0,0,0,0,0,0,111010000111110000000010001001110110110100100001010000000000
620,1,1,0,1,1,0,1,0,0,1,0,0,0,1,0,0,1,0,0,0,0,0,0,1,0,1,0,1,1,0,0,0,0,1,1,0,0,1,0,1,1,0,1,1,0,0,0,0,1,1,1,1,1,1,1,1,0,0,0,1,110110100100010010000001010110000110010110110000111111110001
621,1,0,1,1,1,1,1,1,1,1,1,1,1,1,0,1,0,0,0,0,1,1,0,0,1,1,1,1,0,1,1,0,0,1,1,1,1,0,0,1,1,0,0,0,1,0,1,1,1,1,1,1,0,1,0,0,1,1,0,0,101111111111110100001100111101100111100110001011111101001100
622,0,0,1,0,0,0,1,1,1,0,0,1,1,1,0,1,1,0,1,0,0,1,0,1,1,1,1,1,0,0,1,0,1,1,1,1,0,0,1,0,0,0,1,0,1,0,0,1,0,1,1,0,1,1,0,1,0,1,0,1,001000111001110110100101111100101111001000101001011011010101
623,1,1,1,0,0,1,0,0,1,1,1,0,0,0,1,1,1,1,0,0,0,0,0,1,0,1,1,1,1,1,1,0,1,1,0,0,1,1,1,1,0,1,0,1,0,1,1,1,0,1,0,1,0,0,0,0,0,1,0,1,111001001110001111000001011111101100111101010111010100000101
624,1,1,1,0,1,1,1,1,0,1,0,0,1,1,1,0,1,0,1,1,0,0,1,0,0,1,0,0,0,1,0,1,1,1,0,1,1,0,1,0,1,1,1,1,1,0,1,0,0,1,1,1,1,1,0,0,0,1,0,0,111011110100111010110010010001011101101011111010011111000100
625,1,1,1,1,1,1,1,1,1,1,1,0,1,1,0,1,1,0,0,1,0,0,0,1,0,1,0,1,1,1,1,0,0,1,0,0,1,1,1,0,1,0,0,0,0,1,1,1,1,1,1,1,1,1,0,0,0,1,0,0,111111111110110110010001010111100100111010000111111111000100
626,1,1,1,1,0,0,1,1,0,0,0,0,1,0,1,0,0,0,0,0,1,1,0,1,0,0,0,1,0,1,1,0,0,1,1,0,1,0,1,0,0,1,1,1,0,1,0,1,0,1,1,0,1,0,0,0,0,1,0,0,111100110000101000001101000101100110101001110101011010000100
627,1,0,1,0,1,0,0,1,1,1,1,0,1,0,0,0,1,0,0,0,0,0,0,1,0,0,0,1,1,1,1,0,0,0,0,1,0,1,1,1,1,1,1,1,1,1,1,1,0,1,1,0,1,1,1,0,1,0,0,0,101010011110100010000001000111100001011111111111011011101000
628,0,1,0,0,1,1,0,1,0,1,0,0,1,1,1,1,0,1,0,1,0,0,1,1,1,0,1,1,1,0,0,0,0,0,1,0,0,0,1,1,0,0,0,1,0,1,0,1,0,1,1,0,0,0,1,1,0,1,0,0,010011010100111101010011101110000010001100010101011000110100
629,1,0,1,0,1,0,0,0,1,0,1,1,0,1,0,1,1,0,0,0,0,0,1,0,1,0,1,0,0,1,1,0,0,0,0,1,0,0,0,0,0,1,0,0,0,0,1,1,0,1,1,1,1,1,1,1,0,1,0,1,101010001011010110000010101001100001000001000011011111110101
630,1,1,0,1,1,1,1,1,1,0,0,0,1,0,1,1,0,0,0,0,0,0,0,1,0,0,1,1,1,1,0,0,0,0,1,0,0,1,1,0,0,1,1,1,0,0,0,1,0,1,1,0,1,1,0,1,0,0,1,1,110111111000101100000001001111000010011001110001011011010011
631,1,1,1,1,1,0,1,0,1,1,0,1,1,1,0,1,1,0,0,1,0,0,0,0,0,0,0,0,1,0,1,0,1,1,0,0,1,0,1,1,1,0,0,0,0,0,0,1,1,0,0,0,1,0,1,0,0,0,0,0,111110101101110110010000000010101100101110000001100010100000
632,1,1,0,1,0,0,0,1,0,0,1,0,1,0,1,1,1,0,0,1,0,0,1,0,0,1,0,1,1,0,1,0,0,0,0,1,0,0,1,0,0,0,1,1,0,1,1,0,0,1,0,0,1,1,1,1,1,0,0,1,110100010010101110010010010110100001001000110110010011111001
633,1,0,1,1,1,0,0,1,1,1,1,1,0,1,1,1,0,0,1,0,0,0,0,0,0,1,0,0,0,0,1,0,0,0,1,1,0,0,1,0,0,0,0,0,0,0,0,1,0,1,1,1,0,0,0,1,1,0,0,0,101110011111011100100000010000100011001000000001011100011000
634,0,1,1,1,1,1,1,0,0,1,1,0,0,0,1,1,1,0,1,0,0,1,0,0,0,0,0,1,1,0,1,0,0,0,0,0,0,1,1,1,1,0,1,1,1,0,0,0,1,1,1,1,1,1,0,0,0,0,1,0,011111100110001110100100000110100000011110111000111111000010
635,1,1,1,1,1,1,1,1,1,1,1,1,0,0,1,1,0,0,0,1,0,0,0,1,0,0,0,0,0,0,0,0,1,1,1,0,0,1,1,0,1,0,1,0,1,1,0,0,0,1,1,0,0,1,0,1,0,1,0,0,111111111111001100010001000000001110011010101100011001010100
636,0,1,0,1,1,0,0,1,1,1,1,1,1,0,0,0,0,0,1,0,1,0,1,0,1,0,0,1,0,1,0,0,1,1,0,0,0,0,0,0,1,0,0,0,1,0,0,1,0,0,1,1,1,1,0,0,1,1,1,0,010110011111100000101010100101001100000010001001001111001110
637,1,1,0,0,0,1,1,1,0,1,1,0,0,1,0,1,1,0,0,0,0,0,0,0,1,1,1,1,0,1,1,1,0,0,1,1,1,0,0,0,0,1,1,0,1,0,0,0,0,0,1,1,0,1,0,0,1,0,1,1,110001110110010110000000111101110011100001101000001101001011
638,1,0,1,1,0,1,0,1,0,0,1,1,0,1,0,0,1,0,1,0,1,0,0,0,0,0,1,1,0,1,1,0,1,0,0,0,0,0,1,1,0,1,1,1,0,0,0,1,0,1,1,1,1,1,1,0,1,0,0,1,101101010011010010101000001101101000001101110001011111101001
639,1,0,1,1,1,0,1,1,1,1,1,0,1,0,0,1,0,0,0,0,0,0,0,1,0,0,1,0,0,1,1,0,0,1,0,1,1,0,0,1,1,1,0,0,0,0,1,0,0,0,0,0,0,0,0,0,0,0,0,0,101110111110100100000001001001100101100111000010000000000000
640,1,0,1,0,0,0,1,1,1,0,1,1,0,1,0,0,0,0,0,1,1,0,0,0,0,0,1,1,0,1,1,0,0,0,1,1,1,0,0,1,1,0,0,0,0,1,1,0,0,0,1,0,1,0,1,0,0,1,1,0,101000111011010000011000001101100011100110000110001010100110
641,1,1,1,0,1,0,0,1,0,0,0,1,0,1,1,0,1,0,0,0,0,0,1,1,1,1,0,1,0,0,1,0,1,1,1,1,0,1,0,0,1,0,1,0,1,1,0,0,0,0,1,0,0,1,0,0,0,1,0,1,111010010001011010000011110100101111010010101100001001000101
642,0,1,1,1,0,1,0,0,1,1,0,1,0,0,1,0,1,0,0,1,0,0,1,0,0,1,1,1,0,1,1,0,0,0,0,0,0,0,1,0,0,0,1,1,0,1,0,1,0,1,0,0,0,0,1,0,0,0,0,0,011101001101001010010010011101100000001000110101010000100000
643,1,1,0,1,1,0,0,1,1,1,1,1,0,0,0,0,0,0,1,1,1,0,1,1,0,1,1,0,1,1,1,0,0,1,1,1,0,0,0,1,1,0,0,0,0,1,1,1,1,0,0,1,0,1,1,0,0,1,0,0,110110011111000000111011011011100111000110000111100101100100
644,1,1,1,1,0,0,1,0,1,1,1,0,0,1,1,0,1,0,0,0,1,1,1,0,0,1,0,1,0,1,0,1,0,0,0,0,1,0,0,1,1,1,1,0,0,0,1,0,1,0,0,1,1,0,0,1,0,0,0,1,111100101110011010001110010101010000100111100010100110010001
645,1,0,1,1,1,1,1,0,0,1,1,1,1,0,0,0,1,0,0,0,1,0,0,0,1,1,0,0,0,1,1,0,1,1,0,1,0,0,1,1,1,0,0,1,0,0,0,0,0,0,1,1,1,0,1,1,0,0,0,0,101111100111100010001000110001101101001110010000001110110000
646,0,1,1,1,0,1,0,0,0,0,1,1,1,0,0,1,0,0,0,0,0,1,0,0,0,0,1,1,1,1,1,0,0,0,1,1,0,1,0,0,1,1,1,1,1,1,1,0,0,0,1,1,1,1,0,1,0,0,0,0,011101000011100100000100001111100011010011111110001111010000
647,0,1,0,1,1,1,0,1,1,0,1,1,0,0,0,0,1,0,0,1,0,0,0,0,0,0,0,0,0,1,1,0,0,1,1,1,1,0,1,1,0,0,0,0,1,1,0,1,1,1,1,1,1,0,0,0,1,1,0,0,010111011011000010010000000001100111101100001101111110001100
648,1,0,0,1,1,1,1,0,1,1,1,0,0,0,1,1,1,1,0,0,1,0,0,1,1,1,1,1,1,1,0,0,0,1,0,1,0,0,1,1,0,0,0,1,0,1,0,1,0,0,1,1,0,1,1,1,0,1,0,0,100111101110001111001001111111000101001100010101001101110100
649,0,1,1,0,0,1,0,1,1,1,1,0,1,0,1,0,1,1,0,1,0,0,0,0,0,1,1,0,1,0,1,0,1,1,1,0,0,1,0,0,0,1,0,0,0,1,1,1,1,0,0,1,1,0,1,0,1,0,0,0,011001011110101011010000011010101110010001000111100110101000
650,1,1,0,1,1,1,0,0,0,1,1,1,0,0,0,1,1,1,1,1,0,1,1,1,0,1,1,0,0,1,1,0,0,1,0,0,1,0,0,0,0,1,0,1,1,1,1,1,1,1,0,0,1,1,0,1,1,0,0,0,110111000111000111110111011001100100100001011111110011011000
651,1,1,1,1,1,0,1,0,1,1,1,1,0,1,0,1,1,0,0,1,0,0,0,0,1,0,1,0,0,0,0,0,1,0,0,1,1,0,0,1,0,1,0,0,0,1,0,1,0,1,1,1,1,0,0,0,0,1,1,1,111110101111010110010000101000001001100101000101011110000111
652,1,1,1,1,0,1,0,0,0,0,1,0,0,1,0,1,0,0,0,0,0,0,0,0,0,1,1,1,1,0,1,0,0,1,0,1,0,0,0,1,0,0,1,0,0,1,1,1,1,0,1,1,1,1,0,0,1,1,0,0,111101000010010100000000011110100101000100100111101111001100
653,1,1,0,1,1,1,0,0,0,1,0,1,1,0,0,1,1,0,0,1,1,1,0,0,0,0,0,1,1,0,0,0,0,0,0,0,1,0,0,1,0,0,1,0,1,0,1,0,0,0,0,1,1,0,0,1,0,1,0,0,110111000101100110011100000110000000100100101010000110010100
654,1,0,1,0,1,1,0,1,1,0,1,0,0,1,0,1,1,0,0,0,1,1,1,0,1,0,1,0,1,1,0,0,1,1,0,0,1,0,0,0,0,0,1,1,0,0,0,1,1,1,1,0,1,0,0,0,0,0,1,1,101011011010010110001110101011001100100000110001111010000011
655,1,1,1,0,1,0,1,1,1,1,1,1,0,1,0,0,1,0,0,0,0,0,0,1,1,1,1,0,0,0,0,0,0,1,1,1,1,0,1,0,0,1,1,0,0,1,1,1,1,1,1,1,0,1,0,0,0,1,0,1,111010111111010010000001111000000111101001100111111101000101
656,1,0,1,1,1,1,1,0,0,0,0,1,0,0,0,0,1,0,0,0,0,1,0,1,1,0,0,1,0,1,1,0,0,1,1,0,0,1,0,0,0,0,0,1,0,0,1,1,0,1,0,1,1,0,0,0,0,1,0,1,101111100001000010000101100101100110010000010011010110000101
657,1,1,0,1,1,1,0,0,1,1,1,1,0,0,0,1,0,0,0,0,1,0,1,0,0,1,1,0,0,0,1,1,0,1,0,0,0,0,1,0,0,0,0,1,0,1,0,0,0,1,0,1,0,1,0,0,0,1,0,0,110111001111000100001010011000110100001000010100010101000100
658,0,1,1,1,1,0,0,0,0,0,0,1,0,1,0,1,1,1,0,1,0,0,0,0,0,1,1,1,1,1,1,0,0,0,1,0,0,1,0,0,1,1,1,1,1,0,0,1,0,0,1,1,1,0,0,0,0,0,0,1,011110000001010111010000011111100010010011111001001110000001
659,1,1,0,1,1,1,1,1,1,0,0,0,0,1,1,1,1,0,1,1,1,0,0,0,0,1,0,0,0,1,0,0,1,1,1,0,0,1,1,0,0,0,0,0,1,1,1,0,0,1,1,0,0,1,1,0,1,0,0,0,110111111000011110111000010001001110011000001110011001101000
660,1,1,0,1,1,1,0,0,0,1,1,0,0,0,1,0,1,1,0,0,0,0,0,1,1,0,1,0,1,1,1,0,1,0,0,1,0,1,1,1,1,0,0,0,0,1,1,0,0,0,1,1,1,0,0,0,0,1,1,1,110111000110001011000001101011101001011110000110001110000111
661,0,1,0,0,1,0,0,0,0,1,0,1,0,0,0,0,1,1,0,1,0,0,1,1,1,0,0,0,1,1,1,0,1,1,0,1,0,0,0,0,1,0,1,0,1,0,1,1,0,0,1,0,1,1,0,0,1,1,0,0,010010000101000011010011100011101101000010101011001011001100
662,1,0,1,1,1,0,1,1,1,1,1,0,1,1,0,1,1,0,0,1,0,0,0,1,1,0,1,0,1,1,0,0,0,0,0,0,1,1,1,1,0,0,0,0,1,0,0,0,0,1,0,1,0,0,0,0,0,1,0,0,101110111110110110010001101011000000111100001000010100000100
663,1,1,1,1,0,1,1,1,1,0,1,1,0,0,0,1,1,1,1,0,1,0,1,0,0,0,0,0,1,1,0,1,1,0,1,1,1,1,1,1,1,0,0,0,0,1,1,1,1,0,1,0,1,0,0,0,1,1,0,0,111101111011000111101010000011011011111110000111101010001100
664,1,1,0,1,1,0,0,1,0,1,0,1,1,0,0,0,1,0,1,0,0,0,1,0,1,0,1,0,1,1,1,0,0,1,0,1,0,1,0,0,0,1,0,0,1,0,1,1,0,0,1,0,1,1,0,1,0,1,0,0,110110010101100010100010101011100101010001001011001011010100
665,0,0,1,1,1,0,1,1,0,1,0,1,1,0,0,1,0,0,0,1,0,0,0,0,0,0,1,0,1,1,1,1,1,0,1,0,1,0,1,0,1,0,1,1,0,0,1,0,1,1,1,1,0,0,0,0,1,1,0,0,001110110101100100010000001011111010101010110010111100001100
666,1,1,1,1,0,1,1,1,1,1,0,1,0,1,0,1,1,1,1,0,0,0,0,0,0,1,0,0,0,0,1,0,0,0,1,1,1,0,1,1,0,0,0,0,0,0,1,1,0,0,1,1,1,1,0,0,0,1,0,0,111101111101010111100000010000100011101100000011001111000100
667,1,0,0,1,1,1,0,1,0,1,1,0,0,1,0,1,0,1,0,0,0,1,0,0,0,1,0,1,0,1,0,0,1,0,0,1,1,0,1,1,0,1,0,1,1,1,0,1,0,1,1,0,1,1,1,0,1,0,0,0,100111010110010101000100010101001001101101011101011011101000
668,1,1,0,0,0,1,0,1,1,0,1,1,0,1,0,0,1,0,1,0,0,1,0,1,1,1,0,0,0,0,1,0,0,1,0,1,1,1,1,0,1,0,0,1,1,0,1,1,1,1,0,0,1,1,1,1,0,0,0,0,110001011011010010100101110000100101111010011011110011110000
669,1,0,0,1,1,1,1,0,0,0,1,1,0,1,1,1,0,0,0,0,0,1,0,0,1,1,1,0,1,1,1,1,0,0,1,1,0,0,1,1,0,0,0,0,0,1,0,0,0,1,0,0,1,1,1,1,0,1,0,1,100111100011011100000100111011110011001100000100010011110101
670,0,1,0,1,1,1,0,0,0,1,0,0,1,0,0,1,1,0,0,0,0,1,1,1,0,0,0,0,0,1,1,0,0,1,1,1,0,1,0,0,0,0,0,1,1,0,1,0,1,1,1,0,0,1,1,0,0,0,0,0,010111000100100110000111000001100111010000011010111001100000
671,1,0,0,1,1,1,1,0,1,1,1,0,0,1,0,0,0,0,1,0,0,0,0,0,0,0,1,1,0,0,0,0,0,1,0,0,0,1,1,1,0,1,1,1,0,1,1,1,1,1,1,1,1,0,0,0,0,1,1,1,100111101110010000100000001100000100011101110111111110000111
672,1,1,0,0,0,0,1,0,1,1,1,0,1,1,0,1,1,0,0,0,1,0,1,1,0,0,1,1,1,1,0,0,0,1,1,0,1,1,0,1,0,0,0,1,1,1,1,0,0,0,1,1,0,0,0,0,0,0,0,1,110000101110110110001011001111000110110100011110001100000001
673,0,1,1,0,1,0,0,1,0,1,1,1,0,1,1,0,1,0,0,0,1,0,1,1,1,1,1,1,0,1,0,0,1,1,1,1,1,0,0,1,1,0,1,0,0,0,1,1,0,1,0,1,1,0,0,1,0,1,1,0,011010010111011010001011111101001111100110100011010110010110
674,1,0,0,0,1,1,1,1,0,1,1,0,0,0,0,1,0,0,0,0,1,0,0,1,1,1,0,1,0,0,0,1,1,0,1,1,1,1,1,0,0,0,0,1,1,1,1,1,0,0,0,1,0,0,0,1,1,0,1,1,100011110110000100001001110100011011111000011111000100011011
675,0,1,1,1,0,0,0,1,0,1,0,1,0,0,0,0,0,0,1,1,0,0,0,0,0,1,1,0,1,1,1,0,0,0,1,0,0,0,1,1,0,0,0,1,0,0,1,0,1,0,0,0,0,0,0,0,0,0,1,1,011100010101000000110000011011100010001100010010100000000011
676,0,1,1,0,1,1,0,1,0,1,1,0,0,0,1,1,0,1,0,0,0,0,0,0,0,0,1,0,0,0,1,0,0,1,1,0,0,0,1,0,0,0,0,0,0,0,0,1,0,0,0,0,0,0,0,0,0,0,0,1,011011010110001101000000001000100110001000000001000000000001
677,1,1,1,1,1,0,0,0,0,0,0,1,0,0,0,1,0,0,0,1,0,0,0,1,0,1,0,1,1,0,0,0,0,0,0,1,0,1,0,1,0,0,0,0,0,1,1,1,0,1,1,0,1,1,1,1,0,0,0,1,111110000001000100010001010110000001010100000111011011110001
678,0,1,1,1,1,1,1,0,1,0,1,1,1,1,0,1,1,1,0,0,1,0,1,1,0,1,0,1,1,0,1,0,0,0,0,0,0,0,1,1,0,0,1,1,1,0,0,1,0,1,0,0,1,0,0,1,0,1,0,1,011111101011110111001011010110100000001100111001010010010101
679,1,1,1,1,1,0,1,1,1,1,1,1,0,0,1,0,0,0,1,0,0,1,1,1,0,0,1,1,0,1,1,0,1,0,1,1,0,1,0,1,0,1,0,0,1,0,1,1,0,1,1,0,1,0,1,0,0,0,0,1,111110111111001000100111001101101011010101001011011010100001
680,1,1,1,1,1,0,1,1,0,1,1,0,0,0,0,1,1,1,0,0,0,1,0,0,1,0,0,1,1,1,1,0,1,0,0,1,0,0,0,0,0,0,1,0,0,0,0,0,1,1,0,0,1,0,0,1,1,1,1,0,111110110110000111000100100111101001000000100000110010011110
681,1,1,1,1,1,0,0,0,1,1,0,1,1,0,1,1,1,0,1,0,1,0,0,0,0,0,0,1,0,1,1,1,0,0,1,1,1,1,0,1,0,0,0,0,0,0,1,1,0,1,1,1,0,0,0,0,1,1,1,1,111110001101101110101000000101110011110100000011011100001111
682,1,0,1,1,1,0,0,1,0,1,1,1,1,1,0,0,0,0,1,1,0,0,1,0,0,1,1,0,1,0,0,1,0,1,1,0,0,0,1,1,0,1,1,0,1,0,0,1,1,0,0,0,1,1,1,0,1,1,0,0,101110010111110000110010011010010110001101101001100011101100
683,1,1,1,1,1,0,0,1,1,1,0,0,1,0,1,1,1,1,0,0,1,1,0,1,1,1,1,1,0,0,0,0,0,1,0,0,1,0,0,1,0,1,1,0,1,0,1,1,1,0,1,0,0,1,0,1,0,0,1,1,111110011100101111001101111100000100100101101011101001010011
684,1,0,0,1,0,0,0,1,0,0,0,1,1,1,0,0,0,0,1,1,0,1,1,0,0,0,0,1,1,0,0,0,0,0,1,0,0,0,1,0,0,0,1,0,0,1,0,1,0,0,1,1,0,0,1,1,1,1,0,0,100100010001110000110110000110000010001000100101001100111100
685,0,0,1,1,1,1,1,1,1,0,1,1,0,1,0,1,1,0,0,1,0,0,0,0,0,1,0,1,1,0,0,0,0,0,1,0,1,1,1,1,0,1,0,1,0,0,1,0,0,1,1,1,0,1,0,0,0,1,0,1,001111111011010110010000010110000010111101010010011101000101
686,0,1,1,0,1,1,1,1,1,1,1,1,0,0,0,0,1,1,0,0,0,0,0,1,0,0,0,0,0,0,1,0,0,1,0,0,0,0,0,1,1,0,1,0,1,0,0,0,0,0,1,0,1,0,0,0,0,1,0,0,011011111111000011000001000000100100000110101000001010000100
687,0,1,1,0,1,0,0,1,0,0,1,1,0,1,0,0,1,0,0,0,1,1,1,1,1,0,0,0,0,1,1,1,0,1,1,1,1,1,0,1,1,1,0,0,0,1,1,0,0,0,0,1,0,0,1,1,1,0,1,0,011010010011010010001111100001110111110111000110000100111010
688,0,1,1,1,0,1,0,1,0,0,0,0,0,0,1,0,0,0,0,0,0,0,1,1,0,0,1,0,0,0,1,0,0,0,1,1,1,1,1,1,1,0,1,0,1,1,0,1,0,1,1,0,0,1,1,0,1,1,1,1,011101010000001000000011001000100011111110101101011001101111
689,0,0,1,1,1,1,1,0,0,0,0,0,0,1,0,0,1,0,0,0,0,1,0,0,0,0,0,0,1,1,1,1,0,0,0,1,0,1,0,1,0,0,0,0,0,1,1,1,1,0,0,1,0,1,0,0,1,1,0,1,001111100000010010000100000011110001010100000111100101001101
690,0,0,1,0,0,0,0,0,1,0,1,1,1,1,0,0,1,0,0,0,0,0,0,1,0,1,1,0,1,0,1,0,0,1,0,1,0,0,1,1,1,0,0,0,0,1,0,0,0,1,0,1,0,1,1,1,0,1,1,0,001000001011110010000001011010100101001110000100010101110110
691,0,1,0,1,1,0,0,1,1,0,1,1,1,0,1,1,0,0,0,0,0,1,0,1,0,1,0,1,1,1,1,0,0,1,1,0,0,0,0,1,0,0,0,1,0,0,0,1,0,1,1,0,1,1,0,1,0,1,0,0,010110011011101100000101010111100110000100010001011011010100
692,0,0,1,1,0,0,0,1,0,0,1,0,0,0,0,1,0,0,0,1,0,1,1,0,0,1,1,0,0,1,1,0,0,0,0,1,1,1,1,0,0,1,0,1,1,1,0,0,1,1,1,1,0,0,0,0,0,1,0,1,001100010010000100010110011001100001111001011100111100000101
693,1,1,0,0,1,1,1,1,1,1,1,1,0,1,1,1,0,1,1,1,1,0,0,1,0,1,1,0,0,1,1,0,0,0,0,0,1,1,0,1,1,0,0,0,0,0,1,1,0,0,1,1,0,1,0,0,0,0,1,1,110011111111011101111001011001100000110110000011001101000011
694,1,1,1,0,1,1,0,1,0,1,1,0,0,1,0,1,0,0,0,1,1,1,0,0,0,1,0,1,1,0,1,0,1,1,0,0,1,1,1,1,0,1,0,0,0,1,0,1,0,1,0,0,1,1,1,0,0,0,0,1,111011010110010100011100010110101100111101000101010011100001
695,1,0,0,1,1,0,1,1,1,1,1,0,0,1,0,1,1,1,0,0,0,1,1,0,0,0,0,0,0,1,0,0,0,0,0,0,1,0,1,0,1,1,1,0,0,0,0,1,0,0,0,0,0,0,0,0,0,0,0,0,100110111110010111000110000001000000101011100001000000000000
696,1,1,0,1,1,0,0,1,0,1,0,1,0,1,0,0,0,0,1,0,0,1,0,0,0,0,0,1,0,1,1,0,0,1,1,1,1,1,1,1,0,1,0,0,0,1,0,1,0,0,1,0,0,0,0,1,1,1,0,0,110110010101010000100100000101100111111101000101001000011100
697,1,1,1,0,0,0,0,0,0,1,0,0,1,1,1,0,0,0,0,1,1,0,1,0,1,1,1,1,0,0,0,0,0,1,1,0,0,0,1,0,0,0,1,0,1,0,0,1,0,0,1,1,0,1,0,1,0,1,0,0,111000000100111000011010111100000110001000101001001101010100
698,1,1,1,0,0,1,1,0,1,0,1,0,1,1,1,1,0,0,0,0,1,0,0,0,1,1,0,1,1,1,0,0,0,1,0,1,1,0,1,1,0,0,1,1,0,1,1,0,0,0,1,0,1,0,0,1,1,1,0,0,111001101010111100001000110111000101101100110110001010011100
699,1,1,0,0,1,1,1,1,1,0,0,0,0,1,1,0,0,0,0,0,0,1,0,1,1,1,1,1,0,1,1,0,0,1,0,1,0,1,1,1,0,1,0,1,1,0,1,0,0,1,0,1,1,1,0,1,1,1,0,0,110011111000011000000101111101100101011101011010010111011100
700,0,0,1,1,0,1,1,1,1,1,1,0,0,0,1,1,1,0,0,0,0,0,0,0,1,0,0,0,1,1,0,0,0,1,1,1,0,0,1,1,0,1,1,0,0,1,1,0,1,1,1,0,1,0,0,0,0,1,0,1,001101111110001110000000100011000111001101100110111010000101
701,0,1,1,1,1,1,1,1,1,0,1,1,1,1,0,1,0,0,1,0,0,0,1,1,1,0,1,1,1,0,0,1,1,1,1,0,1,0,0,0,1,1,0,0,0,0,0,0,0,0,0,1,1,0,1,0,0,1,1,1,011111111011110100100011101110011110100011000000000110100111
702,0,1,1,1,1,0,0,0,0,1,1,0,0,0,0,1,1,0,1,0,1,0,0,1,0,0,0,1,1,0,1,0,0,1,1,1,0,0,0,0,1,0,1,0,0,1,0,1,1,0,0,1,0,0,0,0,0,0,0,1,011110000110000110101001000110100111000010100101100100000001
703,1,0,1,1,1,0,0,1,0,1,0,0,1,1,0,0,0,0,1,1,1,1,0,0,0,0,0,1,0,1,1,0,0,1,1,0,0,1,0,0,0,0,0,1,0,0,1,1,1,0,0,0,0,1,0,0,1,1,1,0,101110010100110000111100000101100110010000010011100001001110
704,1,1,0,0,1,1,1,1,0,0,0,0,1,1,0,0,0,1,1,0,0,1,0,1,0,0,1,1,0,1,0,0,0,1,1,0,1,1,0,1,1,1,0,0,1,1,0,0,0,1,0,0,1,1,0,0,0,1,0,1,110011110000110001100101001101000110110111001100010011000101
705,1,1,0,1,1,1,1,1,1,0,1,1,1,1,0,0,1,0,0,0,0,0,0,0,0,0,0,0,0,0,0,0,0,1,1,0,1,0,1,1,1,1,1,1,1,0,1,0,0,0,0,0,0,0,0,0,0,0,0,0,110111111011110010000000000000000110101111111010000000000000
706,1,1,0,0,1,1,1,1,0,0,1,1,1,0,1,1,0,0,1,0,0,0,0,0,0,0,0,1,1,1,1,1,1,0,1,1,0,0,1,1,0,0,1,0,1,0,1,0,0,0,1,1,0,1,1,0,0,0,0,1,110011110011101100100000000111111011001100101010001101100001
707,0,1,1,1,0,1,1,0,1,0,0,1,0,0,0,1,1,0,0,0,0,0,0,1,0,1,0,1,1,0,1,1,0,0,0,1,1,0,0,0,0,1,0,0,1,0,0,0,1,0,0,0,1,0,0,0,0,1,0,1,011101101001000110000001010110110001100001001000100010000101
708,0,0,0,1,0,0,1,1,0,1,1,1,1,1,0,0,1,0,0,0,0,0,1,1,0,1,0,1,1,1,1,0,0,1,1,1,1,0,0,1,1,1,0,0,0,0,0,0,0,0,0,1,1,1,1,1,0,0,0,1,000100110111110010000011010111100111100111000000000111110001
709,1,1,1,0,0,0,1,1,1,1,1,0,1,0,1,0,0,0,1,0,0,0,0,0,0,1,1,1,1,0,0,0,0,1,0,1,1,1,0,0,1,1,1,1,1,0,0,1,0,0,0,0,1,1,0,0,1,1,0,0,111000111110101000100000011110000101110011111001000011001100
710,0,1,0,1,1,1,0,1,1,1,1,0,1,1,1,0,1,0,0,0,1,1,0,0,1,1,0,0,0,0,1,0,0,1,0,1,0,1,0,1,0,0,1,0,1,1,0,0,0,1,1,1,0,1,0,0,0,1,0,1,010111011110111010001100110000100101010100101100011101000101
711,1,0,0,1,1,0,0,0,1,0,1,1,0,1,0,0,1,0,0,0,0,0,0,1,1,0,0,0,1,1,1,0,0,0,0,0,1,0,1,1,0,1,0,0,1,1,0,0,0,0,1,1,1,0,0,1,0,0,0,1,100110001011010010000001100011100000101101001100001110010001
712,0,0,1,0,0,1,0,1,0,1,1,1,0,0,0,1,1,0,0,0,0,0,0,0,0,0,0,1,0,1,0,0,1,0,0,1,1,0,1,1,1,0,1,1,0,1,0,1,0,1,1,1,0,0,1,0,0,0,0,1,001001010111000110000000000101001001101110110101011100100001
713,0,1,1,1,1,0,1,0,1,0,1,1,1,0,0,0,0,1,0,0,0,0,0,0,0,0,1,1,0,1,1,0,0,0,1,0,1,1,1,1,1,1,1,1,0,0,0,1,0,1,1,0,1,0,1,0,0,1,1,1,011110101011100001000000001101100010111111110001011010100111
714,1,0,0,1,1,0,1,1,0,1,1,1,0,1,0,0,1,0,0,0,0,0,1,1,1,1,1,0,0,1,0,1,0,1,0,0,0,0,0,1,1,1,0,0,0,1,0,1,0,0,0,1,1,0,1,0,0,0,0,1,100110110111010010000011111001010100000111000101000110100001
715,1,1,1,1,1,1,0,1,1,0,0,1,1,1,0,0,0,0,0,0,0,0,0,0,0,0,1,0,1,1,0,0,0,0,0,0,0,0,0,1,1,0,1,1,1,1,1,0,0,1,0,0,1,0,1,0,0,1,0,0,111111011001110000000000001011000000000110111110010010100100
716,0,0,0,1,1,1,1,1,0,0,1,1,0,1,0,1,0,0,0,1,0,0,0,0,0,0,1,0,1,1,0,0,0,0,0,0,0,0,1,1,0,0,0,1,1,1,1,1,1,1,1,1,1,1,1,1,1,1,0,1,000111110011010100010000001011000000001100011111111111111101
717,1,1,1,1,0,1,0,1,0,0,1,0,0,1,0,1,1,0,1,0,0,0,0,0,1,0,0,1,1,1,1,0,0,0,1,1,1,1,1,1,1,0,0,0,1,0,1,1,1,1,0,1,1,1,0,0,1,1,0,1,111101010010010110100000100111100011111110001011110111001101
718,1,0,1,1,0,0,1,0,1,1,1,1,0,0,1,1,1,0,1,1,0,0,0,1,0,1,0,0,0,0,0,1,0,1,1,0,1,0,0,0,0,0,0,0,0,1,1,1,1,0,1,0,1,0,1,0,1,1,0,0,101100101111001110110001010000010110100000000111101010101100
719,1,1,1,1,1,1,0,1,1,0,0,1,1,1,0,0,1,1,0,0,1,0,0,0,1,1,1,1,1,1,0,1,0,1,1,0,0,0,1,0,0,1,0,1,0,0,0,0,1,1,0,0,1,0,1,0,0,1,1,0,111111011001110011001000111111010110001001010000110010100110
720,0,1,1,0,1,1,0,1,1,0,0,1,0,1,0,0,1,0,0,1,0,0,0,0,0,1,0,0,0,1,0,1,0,1,0,1,1,1,1,1,0,1,1,0,0,1,1,1,0,0,1,1,0,1,0,1,0,0,0,1,011011011001010010010000010001010101111101100111001101010001
721,0,1,0,1,1,0,1,1,1,1,1,1,1,1,1,0,1,0,0,0,0,1,1,1,0,0,1,1,0,1,0,1,0,0,1,1,1,0,1,1,0,0,1,1,1,0,1,1,0,0,1,0,0,0,0,1,1,1,1,0,010110111111111010000111001101010011101100111011001000011110
722,1,1,0,1,1,1,0,1,0,0,0,0,0,1,0,1,1,1,0,1,0,0,0,0,0,0,1,0,0,1,0,0,0,1,1,1,0,0,0,1,1,0,0,0,1,0,0,1,1,1,1,0,1,1,0,0,1,1,0,1,110111010000010111010000001001000111000110001001111011001101
723,1,0,1,1,1,1,0,1,1,1,0,1,1,0,1,1,1,0,1,0,0,0,1,1,0,1,0,1,1,1,1,1,1,1,0,0,1,1,0,1,0,1,0,0,0,1,0,0,0,0,1,1,1,0,1,1,1,0,0,0,101111011101101110100011010111111100110101000100001110111000
724,1,1,1,1,1,0,0,0,1,1,1,0,0,1,1,0,1,0,1,0,0,0,1,0,0,1,1,0,1,1,1,0,0,0,0,0,1,0,1,1,0,1,1,0,1,1,1,1,0,1,0,0,1,0,1,0,0,1,0,1,111110001110011010100010011011100000101101101111010010100101
725,0,1,1,1,0,0,0,1,0,1,1,1,1,1,0,1,0,0,0,0,0,1,0,0,0,1,1,1,0,1,0,0,0,0,0,1,1,1,1,0,0,0,1,0,1,0,1,0,0,0,0,0,0,1,0,1,0,1,1,1,011100010111110100000100011101000001111000101010000001010111
726,1,1,1,0,1,0,1,1,0,0,0,1,0,0,0,1,0,1,0,0,1,0,0,0,0,0,0,0,0,1,1,1,0,0,1,0,0,1,1,0,1,0,0,0,0,1,1,1,0,0,0,0,1,0,0,0,0,1,0,1,111010110001000101001000000001110010011010000111000010000101
727,1,1,0,1,0,1,1,1,1,0,0,0,0,1,0,0,0,0,0,0,0,0,0,0,0,0,0,1,1,1,1,1,0,1,0,0,0,0,1,1,0,0,1,1,1,0,1,1,1,1,0,0,0,1,0,1,1,0,0,1,110101111000010000000000000111110100001100111011110001011001
728,1,0,1,0,0,0,1,1,1,1,0,0,0,0,0,1,1,0,1,1,0,0,0,1,0,0,0,0,0,0,0,1,0,0,1,0,0,1,1,1,0,0,1,1,0,1,0,1,1,0,1,1,0,1,1,0,0,1,0,1,101000111100000110110001000000010010011100110101101101100101
729,1,1,1,0,0,0,0,0,0,0,0,0,0,0,0,1,0,0,1,1,0,0,0,1,1,1,0,0,1,1,0,0,0,0,0,1,1,0,0,1,1,1,1,0,1,1,1,0,0,1,0,1,1,0,0,0,0,1,0,1,111000000000000100110001110011000001100111101110010110000101
730,1,1,1,1,1,1,0,1,1,1,1,1,0,1,1,0,1,0,1,0,0,0,0,0,1,1,0,1,1,1,0,0,0,0,0,0,1,1,1,1,1,1,1,1,0,1,0,1,1,0,0,0,1,0,0,1,0,1,0,1,111111011111011010100000110111000000111111110101100010010101
731,1,1,1,0,1,1,0,1,1,1,1,1,1,1,0,1,1,0,0,1,0,0,0,1,0,1,1,1,1,0,0,1,0,1,1,0,1,0,0,0,0,0,0,0,0,1,0,1,0,0,0,1,0,0,0,0,1,1,0,0,111011011111110110010001011110010110100000000101000100001100
732,1,1,1,0,0,1,1,1,1,0,1,0,0,0,0,1,1,0,0,0,0,0,0,1,0,1,1,0,0,0,0,0,0,0,0,1,1,1,0,0,0,1,0,0,1,1,0,1,0,1,0,0,0,1,1,0,1,1,0,0,111001111010000110000001011000000001110001001101010001101100
733,0,0,1,1,0,1,0,1,1,1,1,1,1,0,1,1,1,0,0,0,0,1,1,1,0,0,0,1,1,0,1,0,0,0,0,0,0,1,1,1,0,1,0,1,1,1,1,1,0,1,1,1,0,0,0,0,0,1,1,1,001101011111101110000111000110100000011101011111011100000111
734,1,1,1,1,1,0,0,1,1,1,1,1,0,1,1,1,0,0,0,0,0,0,0,1,1,0,0,0,0,0,0,0,0,0,1,1,0,0,0,1,1,0,0,1,1,0,0,0,0,1,1,0,1,0,0,1,0,0,0,0,111110011111011100000001100000000011000110011000011010010000
735,0,0,0,1,1,1,1,1,0,1,0,1,1,0,0,1,1,0,1,0,0,1,1,0,1,1,1,1,0,1,0,1,0,0,0,1,0,0,0,1,1,0,0,0,0,0,0,0,1,1,0,0,1,1,0,1,0,0,0,1,000111110101100110100110111101010001000110000000110011010001
736,0,1,1,1,1,1,0,1,0,1,1,1,1,0,0,1,0,0,0,0,0,0,1,0,0,0,1,0,1,0,1,0,0,1,1,1,0,0,0,1,0,1,0,1,0,1,1,1,0,1,1,0,0,1,0,1,0,1,0,1,011111010111100100000010001010100111000101010111011001010101
737,1,1,0,1,1,0,0,0,0,0,1,1,1,1,0,1,0,0,0,0,0,0,1,1,1,0,0,0,1,1,1,0,0,0,1,1,1,1,1,0,1,0,1,0,0,1,0,1,0,0,0,1,1,1,0,0,0,1,0,0,110110000011110100000011100011100011111010100101000111000100
738,1,1,1,1,0,1,1,0,0,1,1,1,1,1,0,1,1,0,1,0,0,0,0,0,0,0,1,0,1,0,1,0,0,0,0,0,0,1,1,0,1,1,1,0,1,1,1,1,0,1,0,0,1,0,1,0,0,1,1,0,111101100111110110100000001010100000011011101111010010100110
739,1,1,0,0,1,1,1,1,1,1,0,1,1,1,0,1,0,0,0,1,1,0,0,0,1,1,0,1,0,1,0,0,1,0,1,0,0,0,0,1,0,0,1,0,0,0,1,0,1,0,1,0,0,1,0,0,1,1,0,0,110011111101110100011000110101001010000100100010101001001100
740,1,1,1,0,0,1,0,0,1,0,1,1,1,1,1,1,0,0,1,1,0,0,1,0,0,0,1,0,1,1,1,0,0,1,0,1,1,0,1,0,0,0,0,0,0,0,1,0,1,0,0,1,1,0,1,1,0,1,0,1,111001001011111100110010001011100101101000000010100110110101
741,1,1,1,1,1,0,1,0,1,1,0,0,1,0,0,0,1,0,0,1,0,1,0,1,0,0,1,1,0,1,1,0,0,0,0,1,0,1,0,1,1,0,1,1,1,1,1,1,0,0,1,1,0,0,0,0,0,0,0,1,111110101100100010010101001101100001010110111111001100000001
742,1,1,1,0,1,1,1,1,1,0,0,1,0,0,0,1,0,0,0,0,0,0,0,0,0,1,0,0,1,1,1,1,0,1,0,1,1,0,1,1,1,1,1,1,0,0,1,1,1,1,1,0,0,1,0,0,0,1,1,1,111011111001000100000000010011110101101111110011111001000111
743,0,0,1,0,1,1,1,1,1,1,1,1,0,0,1,1,1,0,1,0,1,0,0,0,0,1,0,1,0,0,0,1,0,0,0,0,1,0,0,0,1,0,0,0,1,0,1,1,0,0,1,1,1,0,0,1,1,0,1,0,001011111111001110101000010100010000100010001011001110011010
744,1,1,1,0,1,1,1,1,0,1,0,0,1,0,0,0,1,0,0,0,0,0,1,0,1,0,0,0,0,0,1,0,0,1,1,1,0,0,0,0,0,0,1,0,0,0,1,1,1,0,0,1,1,1,1,1,1,0,1,0,111011110100100010000010100000100111000000100011100111111010
745,1,0,0,0,1,0,0,1,0,1,1,1,0,0,0,0,1,0,1,0,0,0,0,0,1,0,0,0,0,1,1,0,0,1,0,1,0,0,1,0,0,0,1,1,0,1,1,1,0,1,0,0,0,0,0,0,0,0,0,0,100010010111000010100000100001100101001000110111010000000000
746,1,0,0,1,0,1,0,0,1,1,1,1,1,0,0,1,1,0,0,0,1,0,0,1,1,1,1,0,0,1,0,0,1,1,0,0,0,1,1,1,1,1,1,0,1,1,0,1,1,1,1,0,0,1,0,0,0,1,0,1,100101001111100110001001111001001100011111101101111001000101
747,1,1,0,0,1,0,1,1,0,1,1,1,0,1,0,1,1,0,0,1,0,0,0,0,1,1,0,1,0,1,0,0,1,0,0,1,0,1,1,0,0,1,0,0,1,1,1,1,0,0,1,0,1,1,0,0,1,1,0,1,110010110111010110010000110101001001011001001111001011001101
748,0,1,0,0,1,1,0,0,1,1,1,0,1,1,0,1,1,1,1,1,0,0,0,0,0,0,0,0,1,1,0,0,1,0,1,0,0,1,0,1,0,1,0,0,1,1,1,0,0,0,1,1,1,1,0,0,0,1,0,0,010011001110110111110000000011001010010101001110001111000100
749,0,0,1,1,1,1,0,1,0,0,0,1,0,1,0,1,1,0,1,1,0,0,0,0,0,0,0,0,0,1,0,1,0,0,0,0,0,1,1,1,1,0,0,1,0,1,0,0,0,1,0,1,1,0,1,0,0,1,0,0,001111010001010110110000000001010000011110010100010110100100
750,1,0,0,0,1,0,0,0,1,0,0,0,1,0,0,1,1,0,0,1,1,0,0,0,0,1,0,1,1,0,0,1,0,0,0,1,0,1,0,0,1,0,0,1,1,1,0,0,0,1,0,1,0,0,0,0,0,1,0,0,100010001000100110011000010110010001010010011100010100000100
751,1,1,1,1,0,0,1,1,1,1,1,0,1,0,0,1,0,0,0,1,1,0,0,1,0,1,0,1,0,0,1,0,0,1,0,0,0,1,0,0,0,1,0,1,0,0,1,1,0,0,0,0,0,1,1,1,0,0,1,0,111100111110100100011001010100100100010001010011000001110010
752,1,1,1,0,0,1,0,1,0,1,1,1,1,1,1,1,1,0,0,0,0,1,0,1,0,0,1,1,0,0,1,0,1,0,0,1,1,0,1,1,0,1,0,0,1,1,0,1,1,1,0,1,0,1,0,1,0,0,0,0,111001010111111110000101001100101001101101001101110101010000
753,1,0,1,1,0,1,0,0,1,0,1,1,0,1,1,1,1,0,1,0,0,1,1,0,1,1,1,0,1,0,1,0,0,1,0,1,0,1,1,1,0,1,0,1,1,0,0,1,1,0,1,1,0,0,0,1,0,1,0,0,101101001011011110100110111010100101011101011001101100010100
754,1,1,0,0,1,1,0,1,1,1,0,0,1,0,1,1,1,0,0,0,0,0,0,0,1,1,1,1,0,0,0,0,1,0,1,1,1,0,1,0,1,0,0,1,1,0,0,1,0,1,1,0,0,0,1,1,0,1,0,0,110011011100101110000000111100001011101010011001011000110100
755,1,1,0,1,1,1,1,0,1,1,1,1,0,1,1,0,0,1,1,1,0,0,0,0,1,1,0,1,1,0,1,1,0,1,1,1,0,0,1,0,0,0,1,1,0,0,0,0,0,1,0,1,0,1,1,0,0,1,0,1,110111101111011001110000110110110111001000110000010101100101
756,0,1,1,1,0,1,1,1,0,1,1,0,1,0,0,1,1,1,0,0,0,1,0,0,0,0,1,0,1,1,0,0,1,0,0,0,1,0,0,0,0,1,0,0,0,1,1,1,0,0,1,0,1,1,1,0,0,0,0,1,011101110110100111000100001011001000100001000111001011100001
757,1,0,1,1,0,1,0,1,1,1,1,1,0,0,0,1,1,1,0,0,1,0,0,1,0,1,0,0,0,1,1,1,0,1,0,1,0,0,1,0,0,0,0,0,0,1,1,1,1,1,1,1,0,1,0,1,0,0,1,0,101101011111000111001001010001110101001000000111111101010010
758,1,1,1,0,1,0,0,1,0,0,0,1,1,1,1,0,0,0,0,1,1,0,1,1,0,0,1,0,1,0,0,0,1,0,0,1,1,0,1,0,1,0,0,0,0,0,1,1,0,0,0,1,0,1,1,0,0,0,0,1,111010010001111000011011001010001001101010000011000101100001
759,0,1,1,0,1,1,0,0,1,1,1,1,0,0,0,0,0,1,0,0,0,0,0,0,0,0,0,0,0,1,0,1,1,1,0,1,1,0,0,1,0,1,0,0,1,0,0,0,1,1,1,1,0,0,0,1,0,0,0,0,011011001111000001000000000001011101100101001000111100010000
760,0,1,1,1,1,1,1,1,1,0,1,0,1,1,1,0,1,0,0,0,0,0,1,1,0,0,1,1,1,1,1,0,1,0,0,0,1,0,1,0,1,0,0,1,0,1,0,1,0,1,0,1,1,1,1,0,1,0,0,0,011111111010111010000011001111101000101010010101010111101000
761,1,0,1,1,1,1,1,0,0,1,1,1,0,0,1,1,1,1,0,0,0,0,1,0,1,1,0,0,0,1,1,0,0,1,0,0,1,0,1,0,0,0,0,0,1,0,0,1,1,0,1,1,0,0,0,1,1,0,0,1,101111100111001111000010110001100100101000001001101100011001
762,1,0,1,1,1,1,0,1,1,1,1,0,0,0,1,1,1,0,0,0,1,0,1,1,0,0,1,0,0,0,1,0,0,0,0,1,0,1,1,0,1,1,0,0,0,0,0,0,0,1,1,1,0,0,1,1,0,0,0,1,101111011110001110001011001000100001011011000000011100110001
763,1,0,1,1,1,1,0,1,1,1,1,0,0,1,0,0,1,1,1,0,0,0,0,0,1,1,1,0,1,1,0,0,0,1,1,1,0,1,0,0,1,1,0,0,1,1,1,0,0,0,0,0,1,1,1,0,0,1,1,0,101111011110010011100000111011000111010011001110000011100110
764,1,0,0,1,1,1,0,0,0,0,0,0,0,1,1,0,1,0,0,1,0,0,1,0,0,1,0,0,1,1,1,0,0,0,0,0,1,0,1,1,0,0,1,0,0,1,0,1,0,1,1,0,0,0,1,0,0,1,1,1,100111000000011010010010010011100000101100100101011000100111
765,1,0,1,1,0,0,1,1,0,0,1,1,1,0,0,1,1,1,0,0,0,0,1,0,0,0,0,0,0,1,1,0,0,0,0,0,1,1,1,1,0,1,1,0,1,0,1,1,1,0,1,0,1,0,0,0,1,0,0,1,101100110011100111000010000001100000111101101011101010001001
766,0,1,0,0,1,1,1,1,1,1,0,0,0,1,0,0,1,0,0,0,0,0,0,1,1,1,0,1,0,1,1,1,0,1,0,1,0,0,0,0,0,0,0,0,0,0,1,0,0,0,1,1,0,0,1,0,1,1,1,0,010011111100010010000001110101110101000000000010001100101110
767,1,1,1,1,1,1,0,1,1,0,1,0,1,1,1,1,1,0,0,0,1,0,0,0,1,0,1,0,0,1,1,1,0,0,1,1,1,1,0,1,0,0,0,1,0,0,1,1,0,0,0,0,0,0,1,0,0,0,1,1,111111011010111110001000101001110011110100010011000000100011
768,0,0,1,0,1,1,0,0,0,1,1,1,0,1,0,1,1,1,1,0,0,0,1,0,0,0,0,1,1,1,1,0,0,1,0,0,1,1,1,1,1,0,1,1,1,0,1,0,1,0,0,1,1,1,0,0,0,0,0,0,001011000111010111100010000111100100111110111010100111000000
769,1,1,0,0,1,1,1,0,0,1,1,0,1,1,1,1,1,1,0,1,0,0,0,0,0,0,0,1,1,0,1,0,0,0,1,1,0,0,1,0,1,0,0,0,1,1,0,0,0,0,1,0,1,0,0,1,1,0,1,0,110011100110111111010000000110100011001010001100001010011010
770,1,1,0,0,1,1,1,0,1,1,0,1,0,1,0,1,1,0,1,0,0,0,0,0,1,0,0,1,1,1,0,1,1,0,1,1,0,1,1,0,0,0,0,0,0,1,1,0,0,1,0,1,1,1,0,0,0,1,0,0,110011101101010110100000100111011011011000000110010111000100
771,1,1,0,1,1,1,1,1,1,1,0,0,0,1,0,1,0,0,1,0,0,0,1,1,0,0,1,0,1,1,1,0,0,0,1,1,0,1,0,1,0,0,0,1,0,1,1,1,0,1,1,0,0,0,0,0,1,1,0,1,110111111100010100100011001011100011010100010111011000001101
772,1,0,1,0,1,1,0,1,0,1,1,1,0,1,1,1,0,1,0,0,0,0,0,0,0,1,0,1,0,0,1,0,0,1,1,1,0,1,0,0,0,0,1,1,1,0,0,0,0,1,1,1,0,1,0,1,1,1,1,1,101011010111011101000000010100100111010000111000011101011111
773,1,1,1,0,0,1,0,1,0,1,1,0,1,0,1,0,1,1,1,0,0,1,0,0,0,0,0,1,1,1,1,1,0,0,1,1,1,0,1,0,0,1,0,1,0,1,0,1,0,0,0,0,1,1,1,0,0,0,1,0,111001010110101011100100000111110011101001010101000011100010
774,1,0,1,1,0,1,0,1,0,0,1,1,1,1,0,1,1,0,1,0,1,0,0,1,1,1,1,0,0,1,0,0,0,1,1,0,0,1,0,0,0,0,0,1,0,1,1,0,0,0,1,1,1,0,0,1,1,0,0,0,101101010011110110101001111001000110010000010110001110011000
775,1,1,1,1,1,1,0,0,0,1,1,1,0,0,0,1,0,1,1,0,1,0,0,1,1,1,0,1,0,1,1,0,0,1,0,1,1,0,1,1,0,0,0,1,1,1,0,0,0,0,1,1,0,0,0,0,0,1,1,0,111111000111000101101001110101100101101100011100001100000110
776,0,1,1,1,0,1,1,1,1,1,0,1,0,0,0,1,0,0,0,0,0,1,1,1,0,0,1,0,0,0,0,0,0,0,0,0,0,1,0,0,1,0,1,0,1,1,1,0,0,1,1,1,0,1,0,0,0,1,0,1,011101111101000100000111001000000000010010101110011101000101
777,1,0,0,0,0,1,0,0,0,1,1,1,0,0,1,0,1,0,1,0,0,0,0,0,1,0,0,0,0,0,1,0,1,1,1,1,1,0,0,0,0,0,1,0,1,0,1,1,1,1,0,0,0,0,0,0,1,0,0,0,100001000111001010100000100000101111100000101011110000001000
778,1,1,0,1,1,1,1,0,1,0,1,0,1,1,1,0,0,1,0,0,0,0,0,0,0,1,1,0,1,1,0,0,1,1,1,0,0,1,1,0,0,0,1,1,1,1,0,0,1,1,1,0,0,0,0,0,0,1,0,1,110111101010111001000000011011001110011000111100111000000101
779,1,0,1,0,0,1,1,1,1,1,0,0,0,1,1,0,0,1,0,0,1,0,0,0,0,0,1,1,1,0,0,0,0,0,1,0,0,0,0,0,0,1,0,1,0,0,0,0,0,0,0,1,0,1,1,0,1,1,0,0,101001111100011001001000001110000010000001010000000101101100
780,1,1,0,1,1,1,0,1,1,1,0,1,0,0,0,1,1,0,0,0,1,0,1,0,1,1,1,1,1,1,1,1,1,0,0,1,0,0,1,1,0,0,0,1,0,1,0,0,0,1,1,0,1,1,0,0,0,1,1,0,110111011101000110001010111111111001001100010100011011000110
781,1,1,0,0,0,1,1,0,1,1,1,1,1,0,1,0,1,0,0,0,1,0,0,1,1,1,1,0,0,0,1,0,0,0,0,1,1,1,0,1,0,1,1,0,1,0,1,0,1,0,0,0,1,0,1,1,0,0,0,1,110001101111101010001001111000100001110101101010100010110001
782,1,0,1,0,1,1,1,0,1,1,1,1,1,0,1,0,1,0,0,0,1,0,0,0,0,0,1,0,0,1,1,0,0,1,0,0,1,0,1,0,0,1,0,0,1,1,1,0,0,1,1,0,0,1,0,0,0,0,0,1,101011101111101010001000001001100100101001001110011001000001
783,0,0,1,0,0,1,1,1,1,1,1,1,1,0,1,0,0,0,1,0,0,0,1,0,1,1,1,0,1,1,1,0,0,1,0,1,0,1,1,0,0,0,0,0,0,1,1,0,1,1,0,0,0,0,0,0,0,0,0,1,001001111111101000100010111011100101011000000110110000000001
784,1,1,0,0,0,0,0,1,0,0,0,0,0,1,0,1,1,0,0,0,0,0,0,1,1,0,1,1,1,1,1,0,0,0,0,1,0,1,0,0,1,0,0,1,0,0,1,0,0,0,1,0,1,0,0,0,0,0,1,1,110000010000010110000001101111100001010010010010001010000011
785,0,1,1,0,1,0,0,1,0,1,1,1,0,1,1,0,1,0,1,0,0,1,0,1,0,1,0,1,1,0,1,0,1,0,0,1,0,1,1,0,0,1,0,0,0,1,1,1,0,0,1,1,1,0,1,0,1,1,0,1,011010010111011010100101010110101001011001000111001110101101
786,0,0,1,0,1,0,1,0,1,1,1,1,0,1,0,1,1,0,1,1,1,1,1,0,0,1,0,1,0,1,1,0,1,1,0,1,1,0,1,1,0,0,0,1,0,0,1,0,1,1,1,1,0,1,0,0,0,0,0,0,001010101111010110111110010101101101101100010010111101000000
787,1,0,1,1,1,1,0,1,0,0,1,1,0,0,1,1,0,0,0,1,0,0,0,0,0,1,1,1,1,0,0,0,0,1,1,0,1,1,1,1,1,0,1,1,0,0,1,1,1,0,1,1,1,1,1,1,0,0,0,0,101111010011001100010000011110000110111110110011101111110000
788,1,1,1,1,1,1,1,1,1,0,1,0,0,0,0,0,0,1,0,1,1,0,0,1,0,0,1,0,0,1,1,0,1,0,0,0,1,1,0,0,0,0,0,1,1,1,0,0,0,1,1,1,0,1,0,0,1,0,0,1,111111111010000001011001001001101000110000011100011101001001
789,0,1,1,1,1,1,0,1,0,0,1,1,1,0,0,1,0,1,1,1,1,0,0,1,1,0,0,1,1,1,1,0,0,0,1,0,1,0,1,0,1,1,0,0,1,0,0,0,1,1,0,0,1,1,0,0,0,0,0,0,011111010011100101111001100111100010101011001000110011000000
790,1,0,0,1,1,0,0,1,0,1,1,1,1,0,0,1,0,1,0,0,0,0,1,0,1,1,0,1,1,1,0,1,0,1,1,0,1,0,1,0,0,1,0,0,1,0,1,0,1,0,0,0,1,0,0,1,0,1,0,0,100110010111100101000010110111010110101001001010100010010100
791,1,1,0,0,1,1,0,1,1,1,1,1,0,0,1,1,0,0,0,0,0,0,0,0,0,0,1,0,1,1,1,0,0,0,1,0,1,1,1,1,0,0,1,1,1,0,0,1,1,0,0,1,1,1,0,1,1,1,0,0,110011011111001100000000001011100010111100111001100111011100
792,0,0,0,1,0,1,0,1,0,1,0,0,1,0,0,1,0,0,0,0,1,0,0,0,0,1,0,1,1,1,1,1,1,0,0,1,1,1,0,1,0,1,0,1,1,1,1,1,0,0,1,0,1,0,0,0,0,1,0,0,000101010100100100001000010111111001110101011111001010000100
793,1,1,0,0,1,1,0,1,1,0,0,1,1,1,1,0,0,0,1,0,0,1,1,0,1,0,0,1,0,1,1,1,1,0,0,0,1,1,1,0,1,0,0,0,0,1,1,1,0,1,1,1,1,1,0,0,0,1,0,1,110011011001111000100110100101111000111010000111011111000101
794,0,1,1,0,1,1,0,1,0,0,1,0,1,0,0,0,0,0,0,0,0,0,1,1,1,0,0,0,0,1,1,0,1,1,0,1,1,0,1,0,0,1,0,0,0,1,0,1,0,0,1,1,0,1,0,0,0,1,1,1,011011010010100000000011100001101101101001000101001101000111
795,0,0,0,1,0,1,1,1,0,0,0,1,0,0,0,1,0,0,0,1,1,1,1,1,0,1,0,1,0,1,0,0,0,0,1,0,1,1,0,0,0,0,0,1,1,0,0,1,1,1,1,1,1,1,0,0,0,0,0,1,000101110001000100011111010101000010110000011001111111000001
796,0,1,1,1,1,1,1,1,0,0,0,1,0,1,1,0,1,1,0,1,1,1,1,0,0,0,1,1,1,1,1,0,0,1,0,1,0,1,0,1,0,0,1,1,1,0,1,0,0,1,0,0,0,1,1,0,0,1,0,0,011111110001011011011110001111100101010100111010010001100100
797,0,0,0,0,0,0,1,1,0,1,0,1,0,0,1,0,0,0,0,0,1,1,1,1,1,0,0,1,1,0,0,0,0,0,1,0,0,1,1,1,0,0,1,1,0,1,1,0,1,1,0,0,1,0,0,0,0,0,1,0,000000110101001000001111100110000010011100110110110010000010
798,1,1,1,0,1,0,0,0,0,0,1,1,1,1,0,1,0,1,0,0,1,0,0,0,1,0,0,1,1,1,1,1,0,0,0,0,1,1,0,1,0,0,0,0,0,1,0,0,0,1,0,0,0,0,0,0,0,0,0,1,111010000011110101001000100111110000110100000100010000000001
799,1,1,1,1,1,1,1,1,1,0,0,0,1,1,0,0,0,0,0,0,0,0,0,1,1,1,0,0,1,1,1,0,0,1,1,0,0,1,0,1,0,0,0,0,0,1,1,0,0,1,1,1,0,0,0,0,0,1,0,1,111111111000110000000001110011100110010100000110011100000101
800,1,1,1,0,0,1,0,1,0,1,0,0,0,0,0,1,1,0,0,0,1,1,0,0,1,0,1,1,0,1,1,0,0,1,1,1,0,1,1,0,0,0,1,1,1,0,0,0,0,1,1,0,0,1,1,0,0,0,0,1,111001010100000110001100101101100111011000111000011001100001
801,0,1,1,1,1,1,1,1,1,1,1,1,1,0,0,0,0,0,0,0,1,0,0,1,0,0,0,0,0,1,0,1,0,0,0,1,1,0,1,0,0,0,1,1,1,1,0,0,0,0,1,0,1,1,0,0,0,1,1,1,011111111111100000001001000001010001101000111100001011000111
802,0,1,0,1,1,1,0,1,0,1,1,0,1,0,0,1,1,0,0,0,0,0,0,0,0,0,0,1,1,0,1,0,0,0,0,0,0,0,0,1,1,0,0,1,0,1,1,1,0,0,1,0,0,0,0,1,0,0,0,1,010111010110100110000000000110100000000110010111001000010001
803,1,0,0,1,1,1,1,1,0,0,0,0,1,0,0,1,1,0,1,1,0,0,1,0,1,0,1,0,0,1,0,0,1,0,1,0,0,1,0,0,1,0,0,0,0,0,0,1,0,1,0,0,0,1,0,1,0,1,0,0,100111110000100110110010101001001010010010000001010001010100
804,0,1,1,1,1,0,0,1,0,1,0,0,0,0,0,0,0,0,0,0,0,0,1,0,1,1,0,1,1,0,1,1,1,0,0,0,1,0,0,0,0,1,0,1,0,0,1,0,0,0,0,0,0,1,0,0,0,0,0,0,011110010100000000000010110110111000100001010010000001000000
805,1,1,1,1,1,1,1,1,1,1,0,1,0,0,0,1,0,0,0,1,0,0,0,0,1,0,1,1,1,1,1,1,0,0,1,0,0,0,1,1,1,0,0,0,1,1,1,1,1,0,0,0,0,0,1,0,0,1,0,1,111111111101000100010000101111110010001110001111100000100101
806,1,1,1,1,0,1,1,1,1,1,1,1,0,0,0,0,1,0,1,0,1,1,0,0,1,0,0,0,1,0,1,0,0,0,0,1,1,0,0,1,0,0,1,0,1,0,0,1,1,1,1,1,1,0,0,0,0,0,0,1,111101111111000010101100100010100001100100101001111110000001
807,1,1,1,1,1,1,0,0,0,1,1,1,1,1,0,0,0,1,1,1,1,0,1,1,0,0,1,0,0,1,0,0,0,1,0,1,0,1,1,1,1,0,1,1,0,0,1,1,0,1,1,0,0,1,0,1,0,0,0,1,111111000111110001111011001001000101011110110011011001010001
808,0,0,0,1,1,1,0,1,0,1,1,1,0,0,1,0,1,0,1,0,0,0,0,1,1,0,0,0,1,0,1,0,0,0,1,0,1,0,0,0,1,0,1,1,0,1,1,0,0,1,0,0,0,0,1,0,0,0,0,1,000111010111001010100001100010100010100010110110010000100001
809,1,0,0,0,0,1,1,1,1,1,1,0,0,1,0,1,1,0,1,0,0,0,0,0,1,0,1,1,1,0,0,0,0,1,0,0,0,1,1,1,0,0,0,0,0,1,0,1,1,0,1,0,0,0,0,1,0,1,1,0,100001111110010110100000101110000100011100000101101000010110
810,1,1,0,1,1,1,0,0,1,0,1,0,1,1,1,1,0,1,1,1,0,0,1,1,0,0,0,1,0,1,1,0,1,0,1,0,1,1,0,0,0,1,1,0,0,0,0,0,0,0,0,0,0,1,1,0,0,1,0,0,110111001010111101110011000101101010110001100000000001100100
811,1,1,0,1,1,1,0,1,0,0,0,0,1,0,0,1,1,0,0,0,0,0,1,1,1,1,0,0,0,1,1,1,1,0,1,0,0,0,0,0,1,0,0,0,0,0,1,0,1,0,1,0,1,1,0,1,1,1,1,1,110111010000100110000011110001111010000010000010101011011111
812,1,0,0,1,0,0,1,1,0,0,1,1,0,0,0,0,0,0,1,1,0,0,0,0,0,0,1,0,1,0,0,1,0,1,0,1,0,0,0,1,0,0,0,0,1,0,1,0,1,1,0,0,0,1,0,1,1,0,0,1,100100110011000000110000001010010101000100001010110001011001
813,1,0,1,1,1,1,0,1,1,0,0,0,1,1,1,1,1,0,0,1,0,0,0,1,0,0,1,0,0,0,1,0,1,0,0,1,0,0,0,1,1,0,1,0,0,0,1,1,0,1,1,0,1,1,1,1,0,1,0,0,101111011000111110010001001000101001000110100011011011110100
814,1,0,1,1,1,1,0,1,1,0,1,1,1,1,0,1,1,0,1,0,0,0,0,0,0,0,1,0,0,0,0,1,0,0,1,0,1,0,1,0,0,0,1,0,1,0,1,1,0,0,1,1,1,0,0,0,1,1,0,1,101111011011110110100000001000010010101000101011001110001101
815,1,0,1,1,0,1,1,0,1,0,1,1,1,1,0,0,1,0,1,0,1,0,1,1,0,0,0,0,1,1,1,0,0,0,1,1,0,0,0,1,1,0,0,1,1,1,0,1,0,0,0,1,0,0,0,0,0,1,0,0,101101101011110010101011000011100011000110011101000100000100
816,1,1,0,0,1,1,1,1,1,1,0,0,1,0,0,0,1,0,0,0,1,0,0,0,1,1,1,0,0,1,1,0,0,1,1,1,1,0,1,0,1,1,0,1,1,0,0,1,0,1,1,1,1,0,0,0,1,0,0,0,110011111100100010001000111001100111101011011001011110001000
817,0,1,1,0,1,1,0,0,0,1,0,1,0,1,0,1,1,0,0,0,1,0,0,1,1,0,1,1,1,1,1,0,0,0,0,0,1,1,1,1,1,0,1,0,1,0,0,1,1,0,0,0,0,0,0,0,0,0,1,1,011011000101010110001001101111100000111110101001100000000011
818,1,1,1,1,1,0,1,1,0,1,1,0,0,1,0,0,1,1,0,0,1,1,1,0,0,0,0,1,0,0,1,0,1,1,1,1,1,0,0,1,1,1,0,1,0,0,1,1,0,0,0,0,0,1,0,1,0,0,0,1,111110110110010011001110000100101111100111010011000001010001
819,1,1,1,0,0,0,1,1,1,0,0,1,1,0,0,0,0,1,1,0,0,0,1,0,1,0,1,0,1,1,1,0,1,0,1,1,1,0,0,1,0,0,0,1,1,0,1,1,0,0,0,1,1,0,1,0,1,1,0,1,111000111001100001100010101011101011100100011011000110101101
820,1,1,1,0,0,1,0,1,1,1,1,0,1,1,1,0,1,1,0,0,1,0,0,0,1,1,0,1,0,1,0,0,1,0,0,0,0,1,1,1,0,0,0,0,1,1,0,0,0,1,0,0,0,1,0,1,1,0,0,0,111001011110111011001000110101001000011100001100010001011000
821,0,1,1,1,1,0,1,1,0,0,1,1,0,0,1,0,1,0,1,0,0,0,0,0,0,1,1,0,1,1,1,1,0,0,1,1,0,0,1,1,0,1,0,1,1,0,1,0,0,0,1,1,0,0,1,0,0,0,0,0,011110110011001010100000011011110011001101011010001100100000
822,1,0,1,0,0,1,1,0,1,1,0,0,0,0,0,1,1,0,0,1,0,0,0,0,1,0,1,1,1,0,1,0,0,0,1,0,0,0,0,1,0,1,0,0,1,1,1,0,0,1,0,0,0,1,0,1,1,0,0,0,101001101100000110010000101110100010000101001110010001011000
823,1,1,1,1,0,0,0,1,0,1,0,0,1,1,1,0,1,0,0,1,0,0,1,0,0,0,0,0,1,1,1,0,0,0,0,1,0,1,0,1,0,0,0,0,1,1,1,0,1,0,0,1,0,1,0,0,0,0,1,0,111100010100111010010010000011100001010100001110100101000010
824,1,1,0,1,1,0,0,1,0,1,0,1,1,0,0,0,0,0,0,0,1,0,1,0,0,0,0,1,0,1,1,0,1,0,0,0,1,0,0,1,1,0,0,1,1,0,0,0,0,1,1,1,1,1,0,1,0,0,0,0,110110010101100000001010000101101000100110011000011111010000
825,1,0,1,0,1,0,0,0,1,0,1,1,0,1,1,1,0,1,0,0,0,0,1,0,0,1,1,0,1,0,0,1,0,1,0,1,0,1,1,0,0,0,1,0,0,0,1,1,0,1,1,0,0,1,0,0,0,1,0,0,101010001011011101000010011010010101011000100011011001000100
826,1,0,0,0,1,1,0,1,0,1,0,0,1,1,0,0,1,0,0,0,0,0,0,1,0,1,0,1,1,0,1,0,1,1,0,1,0,0,0,1,0,0,0,0,0,1,1,1,1,0,0,1,1,0,1,1,0,0,0,1,100011010100110010000001010110101101000100000111100110110001
827,1,0,0,1,1,1,1,1,0,0,1,1,0,1,0,1,0,0,0,0,0,0,0,1,1,0,1,1,1,1,0,0,1,1,1,0,1,0,1,1,1,0,1,0,1,0,1,0,0,0,1,1,0,1,0,0,0,1,0,1,100111110011010100000001101111001110101110101010001101000101
828,1,1,1,1,1,0,1,1,1,0,0,1,0,0,0,0,0,0,1,0,1,0,0,0,1,1,1,0,1,1,1,0,0,1,1,0,1,0,1,0,1,0,1,1,0,1,1,1,0,1,0,0,1,0,1,0,0,1,1,1,111110111001000000101000111011100110101010110111010010100111
829,1,1,1,1,1,1,0,0,1,1,1,1,1,1,0,0,0,1,1,0,1,1,0,0,1,0,1,1,1,0,0,0,1,0,1,0,1,0,0,0,0,1,1,0,0,1,0,0,0,1,1,1,1,0,0,0,0,0,0,1,111111001111110001101100101110001010100001100100011110000001
830,1,1,1,1,0,0,0,0,1,0,0,0,0,0,0,0,1,0,0,0,0,0,1,0,1,1,0,0,0,0,1,0,1,1,1,0,0,1,1,1,0,1,1,0,1,0,1,0,1,1,1,1,0,1,0,1,0,1,0,1,111100001000000010000010110000101110011101101010111101010101
831,1,1,1,0,1,1,0,1,0,0,1,1,0,1,0,1,0,0,1,0,1,0,0,0,0,0,0,0,1,1,1,0,0,1,0,1,0,0,1,0,1,1,1,1,0,1,1,0,0,0,1,0,1,1,1,0,1,0,0,0,111011010011010100101000000011100101001011110110001011101000
832,1,1,1,0,1,1,0,1,0,1,1,1,1,1,0,0,1,0,0,1,1,0,0,1,0,0,0,0,1,0,1,1,0,0,0,1,0,1,0,1,0,0,0,1,1,0,0,1,0,1,0,1,0,0,0,0,0,0,0,0,111011010111110010011001000010110001010100011001010100000000
833,1,1,1,0,1,1,1,1,1,0,1,1,1,0,0,0,1,1,0,1,1,0,0,1,0,1,0,1,1,1,0,0,0,1,0,1,0,1,0,1,0,1,0,1,0,1,1,0,0,0,1,0,1,1,1,0,0,0,0,1,111011111011100011011001010111000101010101010110001011100001
834,1,0,1,0,1,1,0,1,0,0,1,0,0,1,0,0,1,0,0,0,0,0,1,0,1,0,1,1,1,0,0,0,1,0,0,1,0,0,0,0,1,0,1,0,1,0,0,0,1,1,1,1,1,1,0,0,0,0,0,0,101011010010010010000010101110001001000010101000111111000000
835,1,1,0,1,1,0,0,1,0,0,1,1,1,0,0,1,1,1,0,0,0,0,0,0,0,0,0,1,0,1,0,0,1,0,0,0,0,0,0,0,1,0,0,0,1,0,1,0,0,0,0,0,1,0,0,0,0,0,0,1,110110010011100111000000000101001000000010001010000010000001
836,1,1,1,1,0,0,1,0,1,0,1,1,0,0,0,1,0,0,1,0,0,0,1,0,0,1,1,0,1,1,1,1,0,1,1,0,0,0,0,1,0,0,0,0,0,0,0,1,0,1,1,0,0,1,1,0,0,0,0,0,111100101011000100100010011011110110000100000001011001100000
837,0,1,0,1,0,1,0,0,1,0,1,1,0,1,0,0,1,0,1,0,0,1,0,1,1,0,1,1,0,1,0,1,0,0,0,1,1,0,0,1,0,0,0,1,1,0,1,0,1,1,0,1,0,0,1,0,1,0,0,0,010101001011010010100101101101010001100100011010110100101000
838,1,1,0,0,1,0,0,1,0,1,0,0,1,1,1,0,1,1,0,0,0,1,0,0,0,0,0,1,1,0,1,0,1,0,0,1,0,0,1,1,0,1,0,0,1,0,1,0,0,0,1,1,0,1,0,0,0,1,0,0,110010010100111011000100000110101001001101001010001101000100
839,0,1,1,1,0,1,0,1,1,1,0,1,0,1,0,0,1,0,0,0,0,0,0,1,0,1,0,1,1,1,1,1,1,0,1,0,0,1,1,1,0,1,0,0,0,0,1,0,0,1,1,1,0,1,1,0,0,1,0,1,011101011101010010000001010111111010011101000010011101100101
840,0,0,1,0,1,0,1,1,1,0,1,1,0,0,0,1,1,0,0,0,0,0,0,1,1,0,1,0,1,0,1,1,1,0,0,0,0,0,0,0,1,1,0,1,0,0,1,0,0,0,1,1,0,0,1,0,1,1,0,0,001010111011000110000001101010111000000011010010001100101100
841,0,1,1,0,1,0,1,1,0,1,0,0,1,1,1,1,1,0,0,0,0,0,1,1,1,0,1,0,1,0,1,0,0,1,1,0,0,0,1,0,1,1,1,1,1,1,0,1,0,1,1,1,1,1,0,0,1,0,0,0,011010110100111110000011101010100110001011111101011111001000
842,1,1,1,0,0,1,1,0,0,0,0,0,0,0,0,0,1,0,0,0,0,1,1,1,1,1,0,1,1,0,1,0,1,1,0,1,1,0,0,0,1,0,0,0,1,1,0,0,0,1,0,0,1,1,0,0,0,0,1,1,111001100000000010000111110110101101100010001100010011000011
843,1,0,1,1,1,1,1,0,1,0,1,0,1,0,0,1,1,0,0,1,1,1,1,0,0,0,0,0,0,1,0,0,0,1,0,1,0,1,1,0,1,0,0,1,0,0,1,1,1,1,0,1,0,0,1,0,0,0,1,0,101111101010100110011110000001000101011010010011110100100010
844,1,1,0,0,0,0,1,1,1,0,0,1,1,0,1,1,0,0,1,0,1,0,0,0,0,1,1,0,1,0,0,0,0,0,0,1,1,0,0,0,0,0,1,0,1,1,0,1,0,1,0,0,0,1,0,0,0,0,0,0,110000111001101100101000011010000001100000101101010001000000
845,1,0,0,1,0,1,0,0,0,0,1,1,0,0,0,0,1,0,0,0,1,1,1,1,0,1,0,0,1,1,1,1,0,1,1,1,1,1,1,0,1,1,1,1,1,1,0,1,0,1,0,1,0,0,0,0,0,1,1,1,100101000011000010001111010011110111111011111101010100000111
846,1,0,1,0,1,0,0,0,1,1,0,0,1,0,0,1,1,0,1,0,0,0,1,0,0,1,0,0,1,1,1,0,0,0,0,0,0,0,1,0,0,1,1,1,1,1,0,0,0,0,0,1,0,1,0,0,0,0,1,1,101010001100100110100010010011100000001001111100000101000011
847,1,1,1,1,0,0,0,1,0,1,1,1,0,1,0,0,0,0,0,0,1,1,0,0,0,1,1,1,0,0,1,0,0,0,0,1,1,1,0,1,0,0,0,0,0,0,0,1,0,0,1,0,0,0,0,0,1,1,0,1,111100010111010000001100011100100001110100000001001000001101
848,0,1,0,0,1,0,0,1,0,0,1,0,1,0,1,1,0,0,0,1,1,0,1,0,0,1,0,0,0,1,1,0,0,0,0,1,1,1,1,1,1,0,1,0,1,0,1,0,1,1,0,1,1,0,0,0,0,0,0,0,010010010010101100011010010001100001111110101010110110000000
849,1,1,1,1,1,1,0,1,1,1,0,1,0,0,0,0,1,0,1,1,1,0,0,0,1,0,0,1,0,0,1,1,1,0,0,1,0,1,1,0,1,0,0,0,0,0,0,0,1,0,1,1,0,0,1,0,1,0,0,1,111111011101000010111000100100111001011010000000101100101001
850,1,1,1,1,1,0,0,1,0,1,0,0,0,1,1,0,1,1,0,0,0,0,1,1,1,0,1,0,1,0,1,0,1,1,1,1,0,0,0,1,0,0,1,0,0,1,1,1,1,1,0,1,1,1,1,1,1,1,1,1,111110010100011011000011101010101111000100100111110111111111
851,0,1,1,0,1,1,1,0,1,1,1,1,1,0,0,0,0,0,0,1,1,0,0,1,1,1,1,0,1,0,1,0,0,1,1,0,1,0,1,1,1,0,0,0,0,1,1,1,0,0,1,0,0,0,0,0,1,1,0,0,011011101111100000011001111010100110101110000111001000001100
852,1,0,0,0,0,1,0,1,1,1,0,1,0,0,0,1,0,1,0,0,1,1,1,1,0,1,0,1,0,0,0,1,0,0,1,1,1,0,0,1,1,1,1,1,0,1,0,1,0,1,0,0,1,1,0,1,1,0,0,1,100001011101000101001111010100010011100111110101010011011001
853,1,0,1,1,1,1,1,1,0,1,0,1,1,0,0,1,1,0,0,0,0,0,0,0,0,0,1,0,1,0,1,1,1,1,0,1,1,0,1,1,0,1,1,0,0,0,1,1,0,0,1,1,1,1,0,1,0,0,0,1,101111110101100110000000001010111101101101100011001111010001
854,1,1,1,1,0,1,0,0,1,0,0,0,0,0,1,1,1,0,1,0,0,0,0,0,0,0,0,0,1,0,0,1,1,0,0,1,1,1,0,0,1,1,0,0,1,1,1,1,0,0,0,0,1,0,0,1,0,1,1,0,111101001000001110100000000010011001110011001111000010010110
855,1,0,0,0,1,1,1,1,1,1,1,1,0,1,0,1,0,0,0,0,0,0,1,0,1,0,0,0,0,1,1,1,0,0,0,1,0,1,1,1,1,0,0,0,0,1,0,1,1,0,0,0,1,0,0,1,0,0,0,0,100011111111010100000010100001110001011110000101100010010000
856,1,0,1,1,1,1,0,0,0,0,1,1,1,0,0,1,0,0,0,1,0,0,0,0,0,0,1,1,0,0,1,0,0,0,0,1,1,0,0,0,0,1,0,1,0,1,0,0,1,0,1,1,0,0,0,1,1,0,0,1,101111000011100100010000001100100001100001010100101100011001
857,1,0,1,0,1,1,1,1,1,0,1,0,0,1,1,1,0,0,0,1,1,0,1,1,0,1,0,0,0,0,0,1,1,0,1,0,0,1,0,1,1,0,0,1,1,1,0,1,1,0,0,1,1,1,0,0,0,0,1,0,101011111010011100011011010000011010010110011101100111000010
858,1,0,0,0,0,0,0,0,1,0,0,0,0,0,0,0,1,0,1,0,1,0,0,1,1,0,1,1,1,1,0,1,1,0,0,1,0,1,0,0,0,0,0,1,1,0,1,0,1,1,1,1,0,1,0,1,0,1,0,1,100000001000000010101001101111011001010000011010111101010101
859,1,1,0,1,1,1,1,1,1,0,0,0,0,0,1,0,0,0,1,1,0,0,1,0,0,0,1,1,0,0,1,1,0,1,0,0,0,0,0,1,0,1,0,1,1,1,1,0,1,0,0,1,1,0,1,1,0,1,0,1,110111111000001000110010001100110100000101011110100110110101
860,1,0,0,1,0,1,0,1,1,0,0,1,1,0,1,1,1,0,0,0,0,1,1,0,0,0,1,0,0,1,1,0,0,0,0,0,1,1,0,1,0,1,0,1,1,0,0,0,0,1,0,1,1,1,1,0,0,0,0,1,100101011001101110000110001001100000110101011000010111100001
861,1,1,1,1,1,0,0,1,1,0,0,1,0,1,1,0,1,1,0,0,0,0,0,1,1,1,1,1,0,0,0,0,0,0,1,1,1,0,1,0,0,1,1,1,1,0,0,1,0,0,1,1,1,0,0,0,0,1,1,1,111110011001011011000001111100000011101001111001001110000111
862,1,1,1,1,1,1,1,1,1,1,1,1,1,0,0,1,1,0,0,0,1,1,1,0,0,1,0,1,0,1,1,0,1,1,1,0,1,1,0,1,1,0,1,1,1,1,1,1,0,0,1,0,0,0,0,1,1,0,0,1,111111111111100110001110010101101110110110111111001000011001
863,0,1,0,0,1,1,0,0,1,1,1,1,1,1,0,1,1,0,0,1,0,0,0,0,1,1,0,0,1,1,0,1,0,1,1,1,0,0,1,1,0,1,0,1,1,0,1,0,1,1,1,1,1,0,1,1,0,1,0,0,010011001111110110010000110011010111001101011010111110110100
864,1,0,0,0,1,0,0,1,1,1,1,1,1,0,1,1,1,0,0,0,0,0,0,0,0,1,0,0,1,0,1,0,0,1,0,0,1,0,1,1,1,0,0,0,0,1,1,1,0,1,0,1,0,1,0,0,0,1,1,1,100010011111101110000000010010100100101110000111010101000111
865,0,1,1,1,1,1,0,0,0,1,0,1,1,0,0,0,1,0,1,1,1,0,1,0,1,0,0,1,0,0,1,0,1,0,1,1,1,1,0,1,1,0,0,0,1,1,1,0,1,1,0,1,1,1,0,0,0,1,0,0,011111000101100010111010100100101011110110001110110111000100
866,1,1,1,1,1,0,0,1,1,0,1,1,1,0,0,0,1,1,0,0,0,0,0,0,1,1,1,0,1,1,1,0,1,0,0,1,0,1,0,1,0,1,1,0,1,1,1,1,0,0,0,0,0,0,1,0,0,0,0,0,111110011011100011000000111011101001010101101111000000100000
867,1,1,0,0,1,0,1,0,1,0,1,0,0,0,0,1,1,0,1,1,0,1,0,0,1,1,0,0,1,0,1,1,0,1,1,1,1,0,0,0,1,1,0,1,0,0,1,1,0,1,1,1,1,1,1,0,0,0,0,0,110010101010000110110100110010110111100011010011011111100000
868,0,0,1,1,1,1,1,0,1,1,0,1,0,0,1,0,1,1,1,0,0,1,0,0,0,0,0,1,1,0,0,0,1,0,1,0,1,0,1,1,1,0,1,1,1,1,1,0,0,1,1,0,0,0,1,1,1,0,0,1,001111101101001011100100000110001010101110111110011000111001
869,1,1,1,1,1,1,0,0,1,1,1,0,1,1,0,1,1,0,0,1,0,1,0,0,0,1,0,1,1,1,1,0,1,1,0,1,0,1,0,1,1,0,0,1,0,0,1,0,0,0,0,0,1,0,1,0,0,1,1,0,111111001110110110010100010111101101010110010010000010100110
870,0,0,0,0,1,1,0,1,1,1,1,1,0,0,0,0,1,1,1,1,0,1,0,1,0,1,1,1,0,1,0,0,0,0,0,0,1,0,1,1,0,1,0,0,1,0,1,0,0,1,1,0,0,1,1,0,0,0,0,0,000011011111000011110101011101000000101101001010011001100000
871,1,1,1,1,1,0,1,1,0,0,1,1,1,0,0,1,0,1,1,0,0,0,1,1,1,0,0,1,1,1,1,1,1,1,0,0,0,0,0,1,0,0,1,1,1,1,1,0,0,0,0,0,0,1,0,1,1,1,0,0,111110110011100101100011100111111100000100111110000001011100
872,0,1,0,0,0,0,0,1,1,1,0,0,1,0,0,1,1,0,1,1,1,0,0,1,0,1,0,1,0,1,0,0,0,1,1,1,0,0,0,0,1,0,1,1,1,1,1,1,0,0,0,1,1,1,1,0,0,1,0,1,010000011100100110111001010101000111000010111111000111100101
873,0,1,1,1,1,0,1,0,1,0,1,1,1,0,0,1,0,1,0,1,1,1,0,0,0,0,1,1,1,0,0,1,0,1,0,0,1,0,0,1,1,1,0,1,0,1,1,1,1,0,1,0,1,0,0,0,0,0,1,0,011110101011100101011100001110010100100111010111101010000010
874,1,1,1,0,1,1,1,1,0,0,0,1,1,1,0,1,0,0,0,0,1,1,1,0,1,0,1,1,0,1,1,1,1,0,0,0,1,1,0,1,1,0,0,0,0,1,1,0,0,1,1,1,0,0,0,0,0,1,0,0,111011110001110100001110101101111000110110000110011100000100
875,1,0,1,1,1,0,0,1,1,1,1,0,1,0,0,1,1,0,1,0,0,0,0,1,1,1,0,1,1,1,0,0,0,1,1,0,0,0,0,0,0,1,1,1,0,1,0,0,1,0,0,0,1,0,1,1,0,0,0,1,101110011110100110100001110111000110000001110100100010110001
876,1,0,0,0,1,1,1,1,0,1,1,1,1,0,0,1,1,1,0,0,0,0,0,0,1,0,1,1,0,1,0,0,0,1,0,0,1,1,0,0,0,0,1,1,0,0,1,0,0,0,1,0,0,1,1,0,1,1,0,1,100011110111100111000000101101000100110000110010001001101101
877,0,1,1,1,0,1,1,1,0,1,1,0,1,1,0,0,0,0,1,0,0,0,0,0,0,1,0,1,1,1,1,0,0,0,0,1,0,0,1,1,0,0,0,1,1,1,1,0,1,1,0,1,1,1,1,1,0,0,1,0,011101110110110000100000010111100001001100011110110111110010
878,0,1,1,1,0,1,0,1,1,0,0,1,1,1,0,1,0,0,0,0,1,0,1,0,0,0,0,0,0,1,0,1,0,0,0,1,1,0,1,0,0,1,1,1,0,1,1,0,1,0,0,0,0,1,1,0,0,0,0,0,011101011001110100001010000001010001101001110110100001100000
879,1,0,0,0,1,0,1,0,1,1,0,1,1,1,0,1,1,0,0,1,0,1,0,1,0,0,1,1,1,1,1,1,1,0,1,0,0,0,0,1,1,0,1,1,0,1,1,1,0,0,0,0,0,0,1,1,0,0,0,1,100010101101110110010101001111111010000110110111000000110001
880,1,0,0,0,1,1,0,0,0,1,1,0,0,0,1,0,0,0,0,0,0,1,1,1,0,0,1,1,1,1,1,0,0,0,1,0,1,0,0,0,0,0,0,0,0,0,1,0,0,0,1,0,0,0,1,0,0,1,0,0,100011000110001000000111001111100010100000000010001000100100
881,0,1,0,0,1,1,0,1,0,1,1,1,0,0,0,1,1,0,0,0,0,0,0,1,1,0,1,0,0,1,0,0,1,1,1,1,1,0,1,0,1,1,0,1,0,0,1,1,0,1,1,0,0,1,1,1,0,1,0,1,010011010111000110000001101001001111101011010011011001110101
882,1,1,0,0,1,1,0,1,0,1,0,1,0,1,0,1,1,0,0,1,0,0,0,0,0,1,1,1,1,1,1,0,1,0,0,0,1,0,0,1,1,0,1,1,0,0,1,0,0,1,1,1,1,0,0,0,1,0,1,1,110011010101010110010000011111101000100110110010011110001011
883,1,1,1,1,1,1,1,1,0,0,0,1,0,1,0,0,1,0,0,0,1,0,0,0,1,1,0,0,1,1,0,0,0,0,0,0,0,0,0,1,1,0,0,1,0,1,1,0,0,1,0,1,1,0,0,0,1,0,0,0,111111110001010010001000110011000000000110010110010110001000
884,1,0,1,0,1,0,1,0,0,1,1,1,1,1,0,1,1,1,1,0,1,1,0,0,1,0,1,1,1,1,1,1,0,1,0,0,1,0,1,0,0,0,0,1,1,0,0,1,1,0,1,0,0,0,0,0,0,0,0,1,101010100111110111101100101111110100101000011001101000000001
885,1,0,0,0,0,0,1,1,0,1,1,1,0,0,0,1,1,1,0,0,0,1,1,1,0,0,1,0,1,1,0,0,1,0,1,0,0,1,1,0,1,0,0,1,1,1,1,0,0,0,1,1,0,1,0,0,1,1,0,0,100000110111000111000111001011001010011010011110001101001100
886,1,0,0,1,1,1,0,0,0,0,0,1,1,1,1,1,1,0,1,0,0,0,0,0,1,1,0,1,0,0,0,1,0,0,1,1,0,0,0,0,0,1,0,0,0,1,0,1,0,1,1,1,1,0,1,0,1,1,0,1,100111000001111110100000110100010011000001000101011110101101
887,1,1,1,1,1,0,0,0,1,1,0,1,0,1,0,1,0,0,0,0,0,0,1,0,0,0,0,0,1,0,0,0,0,1,1,0,0,0,1,1,1,0,0,1,0,0,0,1,1,0,0,1,0,1,0,0,0,0,1,1,111110001101010100000010000010000110001110010001100101000011
888,1,1,0,1,1,1,0,0,1,0,1,1,0,1,1,1,1,0,1,0,0,0,1,0,1,0,1,0,0,0,1,0,0,1,1,0,0,0,0,0,0,1,1,0,0,1,1,1,0,1,1,1,1,1,0,0,0,0,0,0,110111001011011110100010101000100110000001100111011111000000
889,1,1,1,1,1,1,1,0,1,0,0,1,1,1,0,1,1,0,0,0,1,0,0,0,1,0,0,0,1,0,0,0,0,0,0,0,1,0,1,1,0,1,0,1,1,0,0,1,0,1,0,0,1,1,0,0,1,1,0,0,111111101001110110001000100010000000101101011001010011001100
890,0,1,1,0,1,1,0,0,1,0,1,1,1,0,0,0,1,0,0,0,0,0,1,0,1,1,1,1,1,1,1,0,1,0,1,1,1,0,1,0,1,1,1,0,0,1,0,1,0,0,1,1,0,1,0,0,0,1,0,1,011011001011100010000010111111101011101011100101001101000101
891,0,1,1,0,0,0,0,0,1,1,1,1,0,1,0,0,0,0,0,0,0,1,0,0,0,1,0,1,1,0,0,1,0,0,1,1,0,0,1,0,0,1,1,0,1,1,1,0,1,1,0,0,1,1,0,1,0,1,1,1,011000001111010000000100010110010011001001101110110011010111
892,1,0,0,0,0,1,0,1,1,0,1,1,0,0,1,1,1,0,0,0,0,1,1,1,1,0,1,1,1,1,1,0,0,1,1,0,0,0,1,0,1,0,0,1,0,0,1,1,1,1,0,0,1,0,0,1,1,0,0,1,100001011011001110000111101111100110001010010011110010011001
893,0,1,1,1,1,1,0,1,1,1,1,1,0,0,0,1,1,0,1,0,1,0,0,0,1,0,1,1,1,1,1,0,0,0,0,1,1,0,1,1,1,0,0,1,0,0,0,1,1,1,0,1,0,1,0,1,0,0,1,1,011111011111000110101000101111100001101110010001110101010011
894,1,1,1,0,0,1,0,0,1,0,1,1,1,0,0,0,1,0,1,0,0,0,0,0,0,0,0,1,0,1,1,0,1,0,0,0,0,0,1,1,1,1,1,1,1,0,1,0,1,0,0,1,0,0,0,0,1,1,0,1,111001001011100010100000000101101000001111111010100100001101
895,1,1,1,0,1,1,1,1,1,1,1,0,0,1,1,0,1,0,0,1,0,1,0,0,0,0,0,0,1,0,1,1,1,0,1,0,0,1,0,0,1,1,0,0,0,0,1,0,0,1,0,0,0,0,1,0,0,0,0,1,111011111110011010010100000010111010010011000010010000100001
896,0,0,0,0,1,1,0,0,0,0,1,0,1,0,0,0,0,0,0,0,1,1,1,0,1,0,1,0,0,1,0,0,0,0,0,0,0,0,0,0,0,0,0,0,1,1,0,1,1,1,0,1,0,0,1,1,0,1,0,0,000011000010100000001110101001000000000000001101110100110100
897,0,1,0,1,1,1,0,1,1,1,1,1,0,1,0,1,0,0,0,1,0,0,0,0,1,0,0,0,1,1,1,0,1,0,1,1,1,0,0,1,1,0,1,0,1,0,0,0,0,0,0,0,1,1,0,0,0,1,0,0,010111011111010100010000100011101011100110101000000011000100
898,1,1,1,0,1,0,1,1,0,1,0,0,0,1,0,1,1,0,0,0,1,1,1,0,1,1,0,1,1,0,0,1,0,1,0,0,0,0,1,0,0,0,1,0,1,0,1,1,0,1,1,1,0,0,0,0,1,1,1,1,111010110100010110001110110110010100001000101011011100001111
899,1,1,1,0,0,1,0,1,1,1,0,0,1,1,1,1,1,0,0,0,0,0,1,0,0,1,1,0,0,1,0,1,1,1,1,0,0,1,0,0,1,0,1,1,0,1,1,0,1,0,1,1,0,0,0,0,0,0,0,0,111001011100111110000010011001011110010010110110101100000000
900,1,0,0,1,1,1,0,1,1,1,0,0,1,0,0,0,0,0,1,1,0,1,0,0,0,0,1,1,1,1,1,0,1,0,0,0,1,1,1,0,1,0,1,0,1,0,0,1,0,1,0,1,1,0,1,0,1,0,0,1,100111011100100000110100001111101000111010101001010110101001
901,0,1,1,1,1,1,1,1,0,0,0,1,1,1,0,0,1,0,1,0,0,1,1,0,0,1,0,1,1,0,0,0,1,1,1,1,1,0,1,0,1,1,0,1,1,1,1,0,0,1,1,0,1,1,0,1,0,0,0,1,011111110001110010100110010110001111101011011110011011010001
902,0,1,1,0,0,1,1,0,1,1,1,0,0,1,0,0,0,0,0,1,1,1,0,1,1,0,0,1,1,0,0,0,1,0,0,1,1,0,1,1,0,1,1,1,0,1,1,1,0,0,0,0,0,0,0,0,0,1,0,0,011001101110010000011101100110001001101101110111000000000100
903,1,0,1,1,1,1,0,1,1,0,1,1,1,0,0,1,1,0,1,1,0,0,0,0,1,0,0,0,0,1,0,1,0,0,0,1,1,1,1,1,1,1,1,0,0,0,1,0,0,1,1,0,1,0,0,1,1,0,1,0,101111011011100110110000100001010001111111100010011010011010
904,1,0,1,1,1,0,0,1,0,1,0,0,1,0,0,1,0,0,1,0,0,1,0,0,0,0,1,1,0,0,0,0,1,0,1,1,0,0,0,0,0,0,0,0,0,0,1,1,1,0,1,1,1,0,0,1,1,0,0,1,101110010100100100100100001100001011000000000011101110011001
905,1,1,1,1,1,0,1,1,0,0,1,1,0,1,0,1,1,1,0,0,0,0,0,0,0,0,0,0,1,1,1,0,0,1,1,0,0,1,1,0,1,1,0,0,0,1,0,1,0,1,0,1,1,0,0,1,0,0,1,0,111110110011010111000000000011100110011011000101010110010010
906,1,1,0,1,1,1,1,0,0,1,1,1,1,1,0,0,1,1,0,0,1,1,0,0,1,1,1,0,0,0,1,0,0,0,0,0,1,0,0,1,0,1,0,0,1,1,0,0,0,0,1,0,1,0,0,0,0,1,0,0,110111100111110011001100111000100000100101001100001010000100
907,0,1,1,1,0,1,1,0,0,1,1,0,1,1,1,1,1,0,0,0,0,1,1,0,1,1,1,1,1,1,1,1,0,1,0,1,1,1,1,1,0,1,1,0,0,0,0,1,1,1,0,0,0,0,1,0,0,0,0,1,011101100110111110000110111111110101111101100001110000100001
908,0,0,1,1,0,0,1,0,1,1,0,0,0,1,0,0,0,0,0,0,0,1,0,0,0,1,0,1,1,0,1,1,0,0,0,0,1,0,0,1,0,1,1,1,1,1,1,1,0,1,0,1,1,1,0,0,0,1,0,1,001100101100010000000100010110110000100101111111010111000101
909,0,0,0,1,0,1,1,0,0,1,0,0,0,0,0,0,0,0,0,0,1,0,0,1,1,1,0,0,0,1,1,0,0,0,0,1,0,0,0,1,0,0,0,0,0,0,1,1,0,0,0,1,0,1,1,0,1,0,0,1,000101100100000000001001110001100001000100000011000101101001
910,1,1,1,0,1,0,0,0,0,1,0,1,0,1,0,1,1,0,0,0,0,0,0,1,1,0,0,1,0,0,1,0,0,1,1,0,0,1,0,0,1,0,1,1,0,1,0,0,0,0,1,0,0,1,0,0,0,0,0,0,111010000101010110000001100100100110010010110100001001000000
911,1,1,1,1,0,0,1,1,1,1,1,0,1,1,0,0,1,0,0,1,0,0,0,1,1,0,1,0,1,1,1,0,1,1,0,0,0,0,1,0,0,0,0,1,0,1,1,1,1,0,1,0,0,1,1,0,0,1,1,0,111100111110110010010001101011101100001000010111101001100110
912,1,1,1,0,1,1,1,1,1,1,1,0,1,0,0,1,1,0,0,0,1,0,0,0,1,1,1,0,1,0,1,0,1,1,1,0,0,0,0,1,0,1,0,1,0,0,1,0,0,1,1,1,1,0,0,0,1,0,1,1,111011111110100110001000111010101110000101010010011110001011
913,1,1,1,1,1,1,1,1,0,1,1,0,0,1,0,0,1,0,1,0,0,0,1,0,0,1,1,0,0,1,0,0,0,1,0,0,1,1,1,0,0,1,0,0,0,0,1,1,1,1,0,0,0,0,1,0,1,1,0,0,111111110110010010100010011001000100111001000011110000101100
914,1,1,0,1,1,1,0,1,1,0,1,1,0,0,0,0,0,0,0,0,0,0,1,0,0,1,1,0,1,0,1,1,0,0,0,1,1,1,0,1,1,1,1,0,1,1,0,1,0,1,0,0,0,1,1,0,0,1,0,1,110111011011000000000010011010110001110111101101010001100101
915,1,0,0,1,0,1,0,1,0,0,1,1,1,0,1,1,1,0,0,0,0,1,0,0,1,1,0,1,0,1,1,0,0,1,1,1,0,1,0,1,1,0,0,1,1,0,0,1,1,0,1,1,0,1,1,0,1,0,0,1,100101010011101110000100110101100111010110011001101101101001
916,1,1,1,1,0,0,1,0,1,0,1,1,0,0,0,1,0,0,0,1,0,1,0,0,0,0,0,0,0,1,1,1,0,0,0,0,1,1,0,0,0,0,1,0,1,1,1,0,1,1,1,1,1,1,0,1,1,0,0,0,111100101011000100010100000001110000110000101110111111011000
917,1,1,0,1,1,1,0,0,1,1,1,0,1,1,0,0,1,0,0,0,0,0,0,1,0,1,0,1,1,0,0,1,0,0,0,0,1,0,1,1,0,1,0,0,1,0,1,0,1,1,1,1,0,0,1,0,0,0,0,1,110111001110110010000001010110010000101101001010111100100001
918,0,0,1,1,1,1,1,0,1,0,0,0,0,0,1,0,1,1,0,1,0,1,1,1,1,0,0,0,1,1,1,1,0,0,1,0,0,1,1,0,0,0,0,0,0,1,1,1,0,0,0,0,1,0,0,1,0,0,0,0,001111101000001011010111100011110010011000000111000010010000
919,0,1,1,1,0,1,1,0,1,0,1,1,0,0,0,1,0,0,1,1,1,0,0,0,0,1,1,1,1,0,0,0,0,1,0,1,1,0,1,0,1,0,0,0,1,0,1,0,0,1,1,0,0,0,0,0,0,1,0,1,011101101011000100111000011110000101101010001010011000000101
920,1,0,1,1,0,0,0,1,1,1,0,1,1,1,1,1,1,0,1,0,0,0,0,1,1,1,1,0,1,1,1,0,1,1,1,0,0,1,0,1,0,0,1,0,0,1,0,1,0,1,0,0,1,1,0,1,0,0,1,0,101100011101111110100001111011101110010100100101010011010010
921,1,0,0,1,1,1,0,1,1,0,1,1,0,0,1,1,1,1,0,0,0,0,1,0,0,0,0,0,1,1,0,1,0,1,1,1,0,1,0,0,1,0,0,1,0,0,1,0,0,1,1,1,1,0,0,1,0,1,0,0,100111011011001111000010000011010111010010010010011110010100
922,1,1,0,1,1,0,1,0,0,1,0,1,0,0,1,1,1,0,0,0,0,0,1,0,1,0,0,1,0,1,0,0,0,0,0,0,0,0,0,1,0,1,0,1,1,1,1,1,1,1,0,0,0,1,0,1,1,0,1,1,110110100101001110000010100101000000000101011111110001011011
923,0,0,1,1,1,0,1,1,0,1,0,0,0,1,0,0,1,1,0,0,0,0,0,0,1,0,1,1,0,1,1,0,0,0,1,0,0,0,0,0,1,0,0,1,1,1,0,1,1,0,0,0,1,0,0,0,0,0,0,0,001110110100010011000000101101100010000010011101100010000000
924,1,0,0,1,0,1,0,1,0,1,0,1,1,1,1,0,1,1,0,0,0,1,0,0,1,0,1,0,1,0,0,0,0,0,1,0,0,1,0,0,0,0,0,1,0,0,1,0,1,1,0,1,1,0,1,0,0,0,0,1,100101010101111011000100101010000010010000010010110110100001
925,0,1,1,0,1,1,0,1,0,0,1,1,0,0,0,1,0,0,1,0,1,1,0,1,1,0,0,0,1,1,1,1,0,0,0,1,0,1,1,0,0,1,0,0,0,0,1,1,0,1,1,1,0,0,1,0,0,0,0,1,011011010011000100101101100011110001011001000011011100100001
926,0,0,1,1,0,1,0,0,0,1,1,0,0,0,1,1,0,1,1,1,0,1,1,1,1,1,0,0,1,1,1,0,1,0,0,1,0,0,1,1,1,1,1,1,0,1,0,0,0,0,0,0,1,0,0,0,0,1,1,0,001101000110001101110111110011101001001111110100000010000110
927,1,0,1,1,1,1,1,1,1,0,1,0,0,1,1,0,1,0,0,0,0,0,0,0,0,1,1,0,0,1,0,0,1,0,0,0,0,0,0,1,0,1,0,0,0,1,0,0,0,0,1,1,1,0,0,0,0,1,0,1,101111111010011010000000011001001000000101000100001110000101
928,0,1,1,0,1,1,1,1,0,1,1,0,1,1,0,1,1,0,0,0,0,0,0,1,0,0,0,1,0,0,0,0,0,1,0,0,1,0,0,1,0,1,1,0,1,1,1,0,0,0,0,1,0,1,0,0,1,1,0,1,011011110110110110000001000100000100100101101110000101001101
929,1,0,0,1,1,1,1,0,0,1,1,0,0,0,0,1,1,0,0,0,1,1,0,0,0,0,0,0,0,0,1,0,1,1,0,1,1,1,0,1,0,0,0,0,0,0,1,1,1,0,1,1,0,0,1,0,1,0,0,0,100111100110000110001100000000101101110100000011101100101000
930,1,1,1,1,1,1,1,1,0,1,1,0,0,0,0,1,1,0,0,0,0,1,0,0,0,0,1,1,1,1,1,1,1,0,0,0,1,0,1,1,0,0,1,0,1,1,1,0,0,0,1,1,0,0,0,0,0,1,0,0,111111110110000110000100001111111000101100101110001100000100
931,1,1,1,1,1,0,0,1,0,0,1,1,1,0,0,1,1,0,0,0,0,0,0,1,1,1,0,0,0,0,0,1,0,1,0,1,1,0,0,0,0,1,0,1,0,0,1,1,0,0,1,0,0,1,1,0,0,0,0,0,111110010011100110000001110000010101100001010011001001100000
932,1,0,0,1,0,1,0,1,1,0,1,0,1,1,0,1,1,0,0,0,0,0,1,1,1,0,1,1,1,0,1,1,1,0,0,0,1,0,1,1,0,1,1,0,0,1,0,1,0,0,0,1,0,0,1,1,0,1,1,1,100101011010110110000011101110111000101101100101000100110111
933,1,1,1,1,1,1,1,1,0,0,1,0,1,0,0,0,0,1,1,0,0,1,1,1,0,1,1,1,1,0,1,0,0,0,0,0,1,0,1,0,1,1,0,1,0,1,0,0,0,1,1,0,1,1,0,0,0,0,0,1,111111110010100001100111011110100000101011010100011011000001
934,1,0,0,0,1,0,0,1,0,1,1,0,1,0,0,1,1,1,0,1,0,0,0,1,1,0,0,1,1,0,1,0,0,0,0,0,0,0,0,0,0,1,1,1,1,0,1,1,1,1,1,1,0,1,0,1,0,1,0,0,100010010110100111010001100110100000000001111011111101010100
935,1,1,1,1,1,1,1,0,0,1,0,1,0,0,1,0,0,0,1,0,0,0,0,1,1,0,1,1,0,1,0,0,0,0,1,0,1,1,0,1,1,1,0,0,1,0,1,0,1,0,0,0,0,0,0,0,1,0,0,0,111111100101001000100001101101000010110111001010100000001000
936,1,0,0,0,1,1,0,1,0,0,0,1,1,0,1,1,0,0,0,1,1,1,0,0,0,1,0,1,0,0,0,0,0,0,0,0,0,1,1,0,1,1,0,1,1,0,0,1,0,0,0,1,0,1,0,1,0,0,0,0,100011010001101100011100010100000000011011011001000101010000
937,0,1,1,1,1,1,0,1,1,1,1,0,1,1,0,1,0,1,1,0,1,1,0,1,0,0,0,0,0,0,1,0,0,1,0,1,1,0,1,1,0,0,1,0,0,1,0,1,1,1,1,1,0,1,1,1,0,1,0,0,011111011110110101101101000000100101101100100101111101110100
938,0,1,1,1,0,0,1,0,1,0,0,1,1,0,0,0,1,1,0,1,0,1,0,0,0,0,1,0,1,1,1,0,1,0,1,1,1,1,0,1,1,0,0,1,0,0,0,1,0,1,0,0,1,1,0,0,1,1,0,1,011100101001100011010100001011101011110110010001010011001101
939,0,1,1,1,1,1,0,0,0,0,1,1,0,0,1,1,0,1,1,0,0,0,0,1,0,0,0,1,1,0,1,1,0,0,1,1,0,1,1,0,0,0,0,0,0,0,1,1,0,1,1,0,0,0,1,1,0,0,0,1,011111000011001101100001000110110011011000000011011000110001
940,1,1,0,0,0,1,0,1,1,0,0,1,1,1,1,0,1,0,1,1,0,0,0,0,1,0,1,1,0,1,0,1,0,0,1,1,1,1,0,1,0,0,0,0,0,1,1,0,1,1,1,0,1,0,1,1,0,0,1,0,110001011001111010110000101101010011110100000110111010110010
941,1,0,1,1,0,0,0,1,0,1,1,1,1,1,1,1,0,1,0,0,1,0,0,0,1,0,0,1,0,1,1,1,1,0,1,0,1,1,1,1,0,1,1,0,0,1,1,0,0,1,1,1,1,0,0,0,0,0,0,0,101100010111111101001000100101111010111101100110011110000000
942,1,1,1,0,0,1,1,1,1,1,1,0,0,1,0,0,1,0,1,0,0,0,0,0,1,0,1,0,1,1,0,1,0,1,0,1,0,0,1,0,0,0,1,0,0,1,0,0,0,0,1,0,0,0,1,0,1,1,1,1,111001111110010010100000101011010101001000100100001000101111
943,1,0,0,1,1,0,0,0,0,0,1,1,1,0,0,1,1,0,0,1,0,1,0,1,1,1,1,1,1,1,1,0,0,1,1,0,1,0,1,0,1,1,0,1,1,1,0,1,0,1,0,0,0,0,0,0,0,1,0,0,100110000011100110010101111111100110101011011101010000000100
944,0,0,1,1,0,1,1,1,1,1,1,1,0,1,1,0,0,1,0,0,0,0,0,1,0,0,1,1,0,0,0,0,0,0,0,0,1,0,1,0,0,0,0,0,1,1,1,1,0,1,1,0,1,0,0,0,0,1,0,0,001101111111011001000001001100000000101000001111011010000100
945,0,1,1,1,1,1,0,1,0,1,0,0,0,1,0,0,1,1,0,0,1,1,1,1,0,0,1,0,0,1,1,0,0,0,1,1,1,1,1,1,0,1,0,1,0,1,1,0,1,1,1,1,1,0,0,1,1,0,1,0,011111010100010011001111001001100011111101010110111110011010
946,0,0,1,1,1,1,1,1,1,0,0,0,0,0,0,0,1,0,1,0,0,1,0,1,0,0,0,1,0,0,0,0,0,0,0,0,0,0,1,0,1,1,0,1,1,0,0,0,1,0,0,0,1,1,0,1,0,0,1,0,001111111000000010100101000100000000001011011000100011010010
947,1,1,1,0,0,0,0,0,1,1,1,1,0,0,0,1,1,0,0,0,1,0,1,0,0,1,1,0,1,0,0,1,0,1,1,1,1,1,0,1,0,1,0,0,0,1,0,1,0,1,1,0,1,1,1,1,0,0,0,0,111000001111000110001010011010010111110101000101011011110000
948,1,0,1,0,0,1,0,1,1,0,1,1,1,1,0,0,1,0,0,0,0,0,0,0,0,1,1,0,1,0,1,1,0,0,1,0,0,1,0,0,1,1,0,0,0,0,0,1,0,0,0,0,0,1,1,1,1,0,0,0,101001011011110010000000011010110010010011000001000001111000
949,1,1,0,1,1,1,0,0,1,0,1,1,0,1,1,1,0,1,0,0,1,0,0,0,0,0,1,1,0,0,1,0,1,0,1,0,0,0,0,0,0,1,0,0,0,0,0,0,0,1,1,1,0,1,1,0,0,1,0,1,110111001011011101001000001100101010000001000000011101100101
950,1,1,1,1,0,1,0,1,1,0,1,0,0,0,1,0,1,1,1,0,1,0,0,1,0,0,0,1,0,1,1,0,0,1,1,0,0,0,1,0,0,0,1,1,0,0,0,1,1,1,0,0,0,1,1,0,0,1,0,0,111101011010001011101001000101100110001000110001110001100100
951,0,1,1,0,1,1,0,1,1,1,1,1,0,0,0,1,1,1,0,0,0,1,0,0,1,0,1,1,0,0,1,1,0,0,0,0,1,0,1,1,1,0,0,1,1,1,0,1,0,1,0,1,0,1,0,0,1,0,1,1,011011011111000111000100101100110000101110011101010101001011
952,1,0,1,1,1,0,0,0,1,1,0,1,1,0,0,0,1,0,0,1,1,1,0,0,0,0,0,1,0,0,1,0,0,1,1,1,1,1,1,1,1,1,1,0,0,0,1,0,0,1,0,0,0,0,0,0,0,0,0,1,101110001101100010011100000100100111111111100010010000000001
953,1,0,0,0,0,1,0,0,0,0,1,1,0,0,0,0,1,0,1,0,0,0,1,0,1,0,1,0,1,1,0,0,1,0,1,0,0,0,1,1,1,0,0,1,0,0,1,1,1,1,0,0,0,0,0,0,1,1,0,1,100001000011000010100010101011001010001110010011110000001101
954,1,1,0,1,1,1,0,1,1,1,1,0,0,1,1,0,1,1,0,0,1,0,0,0,0,1,0,1,0,0,0,0,0,0,1,0,1,0,1,1,0,1,1,1,0,0,0,1,1,0,0,1,1,0,0,1,1,0,0,1,110111011110011011001000010100000010101101110001100110011001
955,1,1,1,1,0,1,1,0,1,1,1,0,1,0,1,1,1,0,1,0,0,0,0,1,0,0,1,1,1,1,1,1,1,0,1,0,1,0,1,0,0,1,1,1,1,1,0,0,0,1,1,0,1,0,0,1,0,0,0,0,111101101110101110100001001111111010101001111100011010010000
956,0,1,1,1,1,0,0,0,1,1,1,1,0,0,1,0,1,0,1,1,0,1,0,0,0,1,0,0,0,0,1,0,1,0,0,0,1,1,1,1,1,1,0,0,1,0,0,0,0,1,1,0,1,0,0,0,0,0,1,1,011110001111001010110100010000101000111111001000011010000011
957,1,1,1,0,1,1,1,0,0,0,1,0,0,0,0,1,1,0,1,1,1,1,1,0,0,0,1,1,1,1,1,0,1,0,1,1,0,1,0,0,1,0,1,0,1,0,0,1,0,1,1,1,1,1,1,0,1,1,1,1,111011100010000110111110001111101011010010101001011111101111
958,1,0,1,0,0,1,0,1,1,1,1,1,1,0,0,1,1,0,1,0,0,0,0,1,0,0,0,1,1,1,0,1,0,0,1,0,1,0,1,0,0,1,1,0,0,1,1,0,1,1,1,0,0,1,0,0,1,1,0,1,101001011111100110100001000111010010101001100110111001001101
959,1,1,1,0,1,1,0,1,1,1,1,1,1,1,0,1,0,1,0,0,1,1,0,1,1,0,0,1,1,1,0,0,0,0,0,1,0,0,1,1,1,0,0,0,1,0,0,1,0,0,0,0,0,0,0,0,0,1,0,0,111011011111110101001101100111000001001110001001000000000100
960,1,1,1,0,0,1,0,1,0,1,0,0,0,1,0,1,1,0,1,1,0,1,1,0,0,1,1,1,1,1,0,0,1,0,0,0,0,0,0,1,0,1,0,0,0,1,1,0,0,1,0,1,1,1,1,1,0,1,0,1,111001010100010110110110011111001000000101000110010111110101
961,0,1,1,1,0,0,1,0,0,0,1,0,1,1,0,0,0,0,1,0,0,0,0,0,1,1,1,1,1,0,0,0,0,0,0,0,0,0,0,1,0,0,1,0,1,0,1,1,1,0,0,0,1,1,0,0,0,1,1,0,011100100010110000100000111110000000000100101011100011000110
962,1,0,1,1,1,0,0,1,1,0,1,1,0,0,0,1,1,0,1,1,0,0,0,0,0,1,1,1,1,1,0,0,0,0,0,1,0,1,0,1,0,1,0,0,1,0,0,1,1,1,0,1,0,0,1,1,1,0,1,0,101110011011000110110000011111000001010101001001110100111010
963,0,1,0,0,1,0,0,1,1,1,1,0,1,1,1,1,1,1,0,1,0,0,1,1,0,0,0,0,1,0,0,1,1,1,0,0,1,1,0,1,0,0,0,0,1,0,0,1,0,1,1,0,1,0,1,0,0,1,0,1,010010011110111111010011000010011100110100001001011010100101
964,1,0,0,1,0,0,1,1,1,1,1,0,1,1,0,1,0,0,0,0,0,1,0,0,1,0,0,0,1,1,1,0,0,0,1,1,0,1,1,1,0,0,0,0,1,1,1,1,1,0,0,1,1,0,1,1,0,1,0,0,100100111110110100000100100011100011011100001111100110110100
965,1,1,0,0,1,1,1,1,0,1,1,0,1,1,0,1,1,1,0,1,0,0,0,1,0,0,0,1,0,0,1,0,0,1,0,1,0,1,1,1,0,0,1,1,0,1,1,1,0,0,1,0,0,1,1,0,0,1,1,1,110011110110110111010001000100100101011100110111001001100111
966,0,1,0,0,0,0,0,1,0,1,1,0,0,0,0,0,0,0,0,1,0,0,1,0,0,0,1,0,1,0,1,0,0,0,0,1,0,1,0,0,0,1,1,1,0,1,0,1,1,0,0,0,0,1,0,0,0,0,0,0,010000010110000000010010001010100001010001110101100001000000
967,0,0,1,0,1,1,1,0,1,0,1,1,1,1,1,0,1,0,0,0,0,0,0,1,0,1,0,0,1,1,1,0,1,0,1,1,0,0,0,1,0,0,0,1,1,1,1,1,0,1,1,1,1,1,0,0,0,1,1,0,001011101011111010000001010011101011000100011111011111000110
968,1,0,1,1,0,1,1,1,0,0,1,0,1,0,0,0,1,1,0,0,1,0,0,0,1,0,0,1,0,0,1,0,0,0,0,0,0,1,1,1,0,0,0,1,0,0,1,1,1,1,1,0,0,0,1,0,0,1,0,0,101101110010100011001000100100100000011100010011111000100100
969,1,1,1,0,1,1,1,1,1,0,1,1,0,0,1,0,1,1,0,0,0,1,0,0,0,0,1,0,1,1,0,0,0,0,0,0,1,0,0,1,1,0,0,0,0,1,1,0,0,1,1,1,0,1,0,0,0,1,0,0,111011111011001011000100001011000000100110000110011101000100
970,0,1,1,1,1,1,1,0,1,0,0,1,0,0,0,1,1,0,1,1,0,0,0,0,1,0,1,1,1,1,0,0,1,1,1,1,0,1,1,1,1,0,0,1,0,0,0,1,0,1,0,1,0,0,0,0,1,1,0,0,011111101001000110110000101111001111011110010001010100001100
971,1,1,0,1,1,1,1,0,0,1,0,0,1,1,0,1,0,1,1,0,0,0,1,0,1,1,1,1,0,0,1,1,0,0,1,0,1,0,0,0,1,0,0,1,1,0,0,1,0,1,0,0,1,1,1,0,0,0,1,1,110111100100110101100010111100110010100010011001010011100011
972,1,0,1,1,1,1,0,0,0,1,0,1,0,1,0,1,0,0,0,0,0,1,0,1,0,0,1,0,0,0,0,1,1,0,1,1,0,0,1,1,0,0,1,0,1,1,1,1,0,1,1,1,1,1,0,0,0,1,1,1,101111000101010100000101001000011011001100101111011111000111
973,1,0,0,1,0,1,1,0,1,0,0,1,1,1,1,0,1,0,0,0,1,0,0,0,0,0,1,0,0,0,0,0,0,0,1,1,1,1,1,0,1,0,1,0,1,0,1,1,0,1,0,1,1,0,0,1,0,1,0,0,100101101001111010001000001000000011111010101011010110010100
974,1,0,1,1,0,1,0,1,0,1,1,1,0,0,1,1,1,0,0,0,0,0,0,1,0,1,0,0,1,1,1,1,0,0,1,0,1,0,1,0,0,1,0,0,0,0,1,1,0,0,1,0,1,1,0,0,0,1,0,1,101101010111001110000001010011110010101001000011001011000101
975,1,1,1,1,1,1,1,1,0,1,1,1,0,1,1,0,1,0,0,1,0,1,0,1,0,1,0,1,0,0,1,0,1,1,0,1,0,0,1,1,0,0,1,1,1,1,1,1,0,1,1,0,0,0,0,1,0,0,0,0,111111110111011010010101010100101101001100111111011000010000
976,0,1,1,1,1,1,0,0,1,1,0,1,1,0,1,0,1,0,1,0,1,1,0,1,0,1,0,0,0,1,0,1,0,0,1,0,0,1,0,0,0,1,1,0,0,0,1,1,0,1,1,1,0,0,0,1,0,1,1,1,011111001101101010101101010001010010010001100011011100010111
977,0,1,0,1,1,1,0,0,0,0,1,0,0,0,0,0,1,0,1,0,0,1,0,1,0,0,1,1,1,1,1,1,1,0,1,1,0,0,1,0,0,1,1,0,1,1,0,0,0,1,0,0,1,0,1,1,0,1,0,1,010111000010000010100101001111111011001001101100010010110101
978,1,0,1,1,1,1,1,1,1,0,1,1,1,1,0,0,1,0,1,1,0,0,0,1,1,1,0,1,0,1,1,0,0,0,0,0,1,0,0,0,0,0,1,0,1,0,1,1,0,1,0,1,0,1,0,0,0,1,0,0,101111111011110010110001110101100000100000101011010101000100
979,1,1,0,1,0,0,1,0,0,1,0,1,0,1,0,1,0,0,0,0,1,1,1,0,0,1,1,0,1,1,0,1,0,0,0,1,1,1,1,1,0,1,0,1,0,1,0,0,1,1,0,0,1,0,0,1,1,0,0,0,110100100101010100001110011011010001111101010100110010011000
980,0,0,1,1,0,0,0,1,0,0,1,1,1,0,0,1,1,1,1,1,1,0,0,0,1,0,0,0,0,0,1,1,1,0,0,0,1,0,1,0,1,1,0,1,1,1,0,0,1,0,0,0,1,0,0,0,1,1,0,1,001100010011100111111000100000111000101011011100100010001101
981,1,0,0,1,0,0,0,1,0,0,0,1,1,1,1,1,1,0,1,0,0,0,0,0,0,0,0,0,1,0,1,0,0,0,1,0,1,0,1,0,0,0,0,0,1,0,1,1,0,0,1,0,1,1,0,0,1,1,0,1,100100010001111110100000000010100010101000001011001011001101
982,1,1,0,1,1,1,0,1,0,0,1,0,0,0,0,1,0,0,0,0,1,1,0,0,1,0,0,0,0,1,0,0,0,0,1,1,0,0,1,0,1,0,1,0,0,0,0,0,0,1,0,0,1,1,0,1,1,1,0,1,110111010010000100001100100001000011001010100000010011011101
983,0,1,1,1,1,1,1,1,1,1,0,0,1,0,0,0,0,1,0,0,0,0,0,0,1,1,0,1,0,1,0,0,0,1,0,1,1,0,1,1,0,0,0,1,1,0,0,0,0,1,1,1,0,0,0,0,0,1,0,0,011111111100100001000000110101000101101100011000011100000100
984,1,1,0,0,1,1,1,1,1,1,1,0,1,0,1,1,1,0,0,0,1,0,1,0,1,1,0,1,1,1,1,1,0,0,1,1,0,1,0,1,0,0,1,0,0,1,0,1,0,1,1,1,1,1,1,1,1,1,0,1,110011111110101110001010110111110011010100100101011111111101
985,1,0,1,0,0,1,0,1,1,0,1,0,0,0,0,0,1,0,0,1,1,0,1,0,1,0,1,0,0,1,0,0,0,0,1,1,0,1,0,1,0,1,1,1,1,1,0,1,1,1,0,1,1,1,1,0,0,1,1,1,101001011010000010011010101001000011010101111101110111100111
986,0,1,1,1,0,1,0,1,0,0,1,0,1,1,0,1,0,0,0,0,1,1,0,1,0,1,0,0,0,0,1,0,1,0,1,0,0,1,0,1,0,1,0,1,0,0,1,0,0,1,1,1,1,1,0,0,0,0,1,1,011101010010110100001101010000101010010101010010011111000011
987,0,1,1,1,1,1,0,0,0,1,1,1,0,1,0,1,1,1,0,0,1,1,1,0,1,1,1,0,0,0,0,0,0,1,0,0,1,0,0,0,0,0,0,1,1,1,0,1,0,1,0,1,0,0,0,0,0,1,1,0,011111000111010111001110111000000100100000011101010100000110
988,1,1,0,1,0,1,1,1,1,0,1,1,0,1,0,1,1,0,0,0,0,0,1,0,1,1,0,0,1,0,0,1,0,1,0,1,0,0,1,1,0,0,0,0,0,0,0,1,0,0,1,0,0,1,0,0,0,1,0,1,110101111011010110000010110010010101001100000001001001000101
989,0,1,1,1,1,1,1,1,0,0,1,0,1,0,0,1,1,1,0,1,0,1,0,0,0,1,0,1,1,1,1,0,0,1,0,1,1,0,0,0,0,0,1,1,0,1,0,1,1,1,0,0,1,0,0,1,0,0,0,1,011111110010100111010100010111100101100000110101110010010001
990,1,1,1,0,0,0,1,1,0,1,1,0,0,0,1,1,0,1,1,0,0,1,0,0,0,1,1,1,1,1,1,0,0,1,1,1,0,1,1,0,1,0,0,0,0,1,1,1,0,1,0,0,0,0,0,1,0,1,0,0,111000110110001101100100011111100111011010000111010000010100
991,1,0,0,0,1,1,1,1,0,1,1,0,1,0,0,1,1,0,0,1,0,1,0,0,0,0,1,1,1,0,1,0,0,1,0,0,1,0,1,0,0,0,0,1,0,0,1,1,1,0,0,0,1,0,0,0,1,0,0,1,100011110110100110010100001110100100101000010011100010001001
992,1,0,1,1,1,0,1,1,1,1,1,0,1,1,1,1,0,1,0,1,1,1,0,0,1,0,1,1,0,1,1,1,0,1,1,0,0,1,1,1,1,0,1,0,1,0,1,0,0,0,1,1,1,0,0,0,0,1,0,0,101110111110111101011100101101110110011110101010001110000100
993,1,1,0,1,0,0,0,1,1,0,1,0,1,0,1,0,1,0,0,1,0,1,0,0,1,0,1,0,0,0,0,0,0,0,1,0,0,1,1,1,0,1,0,1,0,1,1,1,1,0,0,0,1,0,0,0,0,0,1,0,110100011010101010010100101000000010011101010111100010000010
994,1,1,1,0,1,1,0,1,0,1,1,0,0,1,0,1,1,1,0,1,0,0,1,1,0,1,0,1,0,0,1,1,0,0,1,1,0,0,1,0,1,1,0,0,0,0,0,1,0,1,0,0,0,1,0,0,1,0,0,1,111011010110010111010011010100110011001011000001010001001001
995,0,1,0,0,1,1,0,1,1,1,0,0,0,1,0,1,1,0,1,1,0,0,0,0,0,0,0,0,1,0,0,1,0,0,0,0,1,0,0,0,1,1,1,0,1,1,1,1,0,0,1,0,0,0,1,0,0,0,0,0,010011011100010110110000000010010000100011101111001000100000
996,0,0,1,1,0,1,0,0,0,1,1,1,1,0,0,0,0,1,1,0,1,0,1,0,0,0,1,0,0,1,1,1,0,0,1,1,0,1,1,0,0,0,0,0,0,0,1,1,0,0,0,0,0,1,0,0,0,1,0,0,001101000111100001101010001001110011011000000011000001000100
997,1,1,1,1,1,1,1,0,0,1,1,1,1,0,0,1,1,1,0,0,1,1,1,0,0,0,0,1,0,1,1,1,0,0,1,0,1,1,0,1,1,0,0,0,0,1,0,1,0,1,0,0,1,1,0,0,0,1,1,0,111111100111100111001110000101110010110110000101010011000110
998,1,1,1,1,0,1,0,0,1,0,1,1,0,1,1,1,1,1,1,1,1,1,0,0,0,1,1,0,1,1,0,0,1,0,1,0,0,0,1,1,1,1,0,1,1,0,0,0,1,0,1,1,0,1,0,0,0,1,0,1,111101001011011111111100011011001010001111011000101101000101
999,1,1,0,1,0,1,0,0,0,1,1,1,1,0,1,1,1,1,0,0,0,0,1,0,0,1,0,1,1,0,1,1,0,0,0,0,0,0,0,1,1,0,0,0,1,0,0,0,0,0,0,0,0,1,1,1,0,1,0,1,110101000111101111000010010110110000000110001000000001110101
1000,0,0,1,1,1,1,1,1,1,0,0,1,0,1,0,1,0,0,0,0,0,0,0,0,0,1,1,0,1,1,1,0,0,0,1,1,1,0,0,1,0,1,0,0,0,0,0,1,1,0,0,0,0,0,1,0,1,0,0,0,001111111001010100000000011011100011100101000001100000101000
1001,0,1,1,1,0,1,0,1,1,1,1,1,0,0,0,0,1,0,0,1,0,0,1,0,0,0,0,1,1,0,1,0,0,0,0,1,1,0,1,1,1,1,1,0,1,0,1,1,1,1,1,1,0,1,0,0,0,0,1,1,011101011111000010010010000110100001101111101011111101000011
1002,1,1,1,1,1,1,1,1,0,1,0,0,1,0,0,0,1,0,1,0,0,0,0,0,0,0,1,1,0,1,0,0,0,0,1,0,1,1,1,0,0,0,0,1,1,1,1,1,0,1,1,1,1,1,0,0,0,0,0,0,111111110100100010100000001101000010111000011111011111000000
1003,0,0,1,1,1,0,1,1,1,0,1,0,0,1,0,1,1,1,0,0,0,1,0,0,0,1,0,0,0,1,1,0,0,0,1,0,1,0,1,0,0,0,0,1,0,1,1,1,0,0,1,1,1,1,1,1,0,1,0,1,001110111010010111000100010001100010101000010111001111110101
1004,0,1,1,0,1,1,1,1,0,1,0,0,0,0,0,1,0,0,0,1,0,0,0,0,0,0,1,0,1,1,1,1,0,0,0,0,0,0,0,1,0,1,0,0,0,1,1,1,0,1,1,1,0,0,0,1,0,0,1,0,011011110100000100010000001011110000000101000111011100010010
1005,1,0,1,0,1,1,0,0,1,1,1,0,0,1,1,0,1,0,0,0,0,0,0,0,0,1,1,1,1,1,1,0,0,0,0,0,0,1,0,1,0,1,1,0,0,0,0,1,0,1,1,0,0,1,0,1,0,0,0,1,101011001110011010000000011111100000010101100001011001010001
1006,1,0,1,1,1,0,0,1,1,1,1,1,1,1,0,1,0,0,1,0,0,0,0,1,1,1,1,0,1,0,1,1,1,0,0,1,0,0,1,0,1,0,1,0,1,0,1,0,0,0,1,0,0,1,0,0,1,1,1,1,101110011111110100100001111010111001001010101010001001001111
1007,1,1,0,0,1,1,1,0,0,1,1,0,0,1,0,1,0,0,1,0,0,0,0,0,0,0,1,1,0,1,1,0,1,0,0,0,1,1,0,1,1,1,0,0,0,1,1,1,0,0,0,1,0,0,0,1,1,1,0,1,110011100110010100100000001101101000110111000111000100011101
1008,1,1,1,1,0,1,1,1,1,0,0,0,1,0,0,0,1,0,0,0,0,0,0,0,0,1,1,0,1,1,0,1,0,0,0,1,1,0,0,1,0,1,1,1,1,1,1,0,0,1,1,1,1,1,1,0,0,0,0,0,111101111000100010000000011011010001100101111110011111100000
1009,1,1,0,0,1,1,0,1,1,1,0,0,1,0,0,0,1,0,0,0,0,0,1,1,0,0,1,0,0,1,1,0,0,1,1,1,1,0,1,0,1,0,0,0,1,1,0,1,1,0,0,0,0,0,0,1,1,0,0,1,110011011100100010000011001001100111101010001101100000011001
1010,1,0,1,1,1,1,0,1,1,1,0,1,1,0,0,1,1,0,0,0,0,0,0,0,1,1,1,1,1,0,1,0,0,1,1,1,0,1,1,1,1,1,0,1,0,0,1,1,0,0,1,0,0,0,0,0,0,1,0,0,101111011101100110000000111110100111011111010011001000000100
1011,1,0,0,0,1,0,1,0,1,1,1,1,0,1,0,0,1,0,0,0,0,0,1,1,1,0,1,0,1,0,1,0,1,0,1,1,0,1,1,0,0,0,1,1,0,0,1,1,0,1,0,0,1,0,0,1,0,0,0,0,100010101111010010000011101010101011011000110011010010010000
1012,1,1,1,1,0,1,1,0,1,0,0,0,1,0,0,1,0,0,1,0,0,0,1,0,0,1,1,0,0,1,0,1,1,0,0,1,1,1,1,1,0,1,0,1,0,0,0,0,0,0,1,0,1,0,1,0,0,0,0,1,111101101000100100100010011001011001111101010000001010100001
1013,1,0,1,1,1,1,1,1,1,0,1,0,0,1,0,1,0,1,0,0,0,1,0,0,1,0,1,1,0,0,1,1,0,1,1,1,0,0,1,0,1,1,1,1,0,0,1,0,0,0,1,1,1,1,1,0,1,1,1,0,101111111010010101000100101100110111001011110010001111101110
1014,1,0,0,1,1,0,1,0,0,0,1,1,1,0,0,0,1,0,0,0,1,1,0,0,1,1,0,0,1,0,0,0,0,0,0,0,0,1,0,1,0,1,0,0,0,0,1,0,0,0,0,0,1,1,0,1,1,0,0,1,100110100011100010001100110010000000010101000010000011011001
1015,1,1,1,0,0,1,1,1,1,1,1,1,0,0,0,1,1,0,0,0,0,0,0,1,0,0,0,1,0,1,1,0,0,1,0,0,0,0,1,0,0,0,0,1,0,0,1,1,1,0,0,1,0,1,1,0,0,0,0,1,111001111111000110000001000101100100001000010011100101100001
1016,1,1,1,1,1,1,0,1,1,1,1,1,0,1,0,1,0,0,0,1,0,1,0,1,0,1,1,0,0,1,0,0,1,0,1,1,0,0,0,0,1,0,0,1,0,0,0,1,0,0,0,1,1,1,0,1,0,0,1,1,111111011111010100010101011001001011000010010001000111010011
1017,0,1,1,1,1,1,1,1,0,0,1,1,1,1,1,0,1,0,0,0,1,0,0,0,0,0,0,0,1,0,0,0,0,1,0,0,0,0,1,0,0,0,1,1,0,1,0,1,1,0,1,0,0,0,1,0,1,0,1,1,011111110011111010001000000010000100001000110101101000101011
1018,1,1,0,1,0,1,1,1,1,0,0,0,1,1,0,0,0,1,0,1,0,1,0,1,0,1,1,1,1,0,1,1,0,0,1,0,0,0,0,0,1,0,0,1,0,1,0,1,0,0,0,1,1,1,0,0,0,0,1,0,110101111000110001010101011110110010000010010101000111000010
1019,1,0,1,0,1,1,1,0,0,0,1,0,1,1,1,1,0,0,0,0,0,0,0,1,0,1,1,1,0,0,1,0,0,1,1,0,1,0,1,0,1,0,1,0,0,0,1,0,0,0,0,0,1,1,0,1,0,1,0,0,101011100010111100000001011100100110101010100010000011010100
1020,1,0,1,1,0,1,0,1,0,1,1,1,1,0,1,0,0,1,1,1,0,0,0,0,0,1,1,0,0,1,1,0,1,1,0,0,1,1,0,0,0,0,1,1,1,0,1,1,0,0,1,0,0,0,1,1,1,0,0,1,101101010111101001110000011001101100110000111011001000111001
1021,0,0,1,1,1,1,1,1,0,1,0,1,1,0,1,1,1,0,1,0,0,1,1,0,0,1,1,1,1,0,1,0,0,1,1,1,0,1,1,0,0,0,0,0,1,1,0,1,1,1,0,0,1,0,0,0,0,1,0,0,001111110101101110100110011110100111011000001101110010000100
1022,0,0,1,1,1,0,1,1,1,1,1,1,0,0,0,0,1,0,0,0,0,0,0,0,0,1,0,0,1,1,1,0,1,0,1,0,0,1,0,1,0,0,0,1,1,1,1,1,0,1,0,1,0,1,0,1,0,0,0,1,001110111111000010000000010011101010010100011111010101010001
1023,1,0,0,1,0,0,0,1,0,1,1,0,0,0,1,1,0,0,0,0,1,1,1,0,0,0,0,0,1,1,1,0,0,0,0,0,0,0,1,1,1,0,1,0,0,0,1,1,1,1,0,0,0,0,1,1,0,0,0,0,100100010110001100001110000011100000001110100011110000110000
