fault_id,fault,fault_type,source,location,is_branch,detected,detecting_vector_count,first_detecting_vector,total_po_mismatches,PO_388,PO_389,PO_390,PO_391,PO_418,PO_419,PO_420,PO_421,PO_422,PO_423,PO_446,PO_447,PO_448,PO_449,PO_450,PO_767,PO_768,PO_850,PO_863,PO_864,PO_865,PO_866,PO_874,PO_878,PO_879,PO_880
1,1->269/SA1,SA1,1,269,True,True,64,7.0,64,0,0,0,0,64,0,0,0,0,0,0,0,0,0,0,0,0,0,0,0,0,0,0,0,0,0
2,1->270/SA1,SA1,1,270,True,True,56,3.0,56,0,0,0,0,0,51,0,0,0,0,5,0,0,0,0,0,0,0,0,0,0,0,0,0,0,0
3,1->276/SA1,SA1,1,276,True,True,120,1.0,203,0,0,0,0,0,0,0,0,0,0,0,120,0,0,0,0,0,2,3,3,2,26,10,15,10,12
4,1->279/SA1,SA1,1,279,True,True,32,7.0,54,0,0,0,0,0,0,0,0,0,0,0,0,0,0,0,0,0,3,6,3,3,14,6,7,5,7
5,1->280/SA1,SA1,1,280,True,True,19,17.0,23,0,0,0,0,0,0,0,0,0,0,0,0,14,8,0,0,0,1,0,0,0,0,0,0,0,0
6,1->483/SA1,SA1,1,483,True,True,319,1.0,549,0,0,0,0,0,0,0,0,0,0,0,0,0,0,0,0,0,78,134,104,92,18,68,12,15,28
7,1/SA0,SA0,1,1,False,True,400,11.0,837,0,0,0,0,50,47,0,0,0,0,8,131,14,7,0,0,0,68,119,92,95,45,66,19,32,44
8,1/SA1,SA1,1,1,False,True,390,1.0,849,0,0,0,0,64,51,0,0,0,0,5,120,14,8,0,0,0,71,119,95,87,53,68,28,27,39
9,101->303/SA1,SA1,101,303,True,True,253,9.0,253,0,0,0,0,0,0,0,0,0,0,0,0,0,0,0,253,0,0,0,0,0,0,0,0,0,0
10,101->304/SA0,SA0,101,304,True,True,249,2.0,249,0,0,0,0,0,0,0,0,0,0,0,0,0,0,0,249,0,0,0,0,0,0,0,0,0,0
11,101->334/SA1,SA1,101,334,True,True,134,6.0,134,0,0,0,0,0,0,0,0,0,0,0,0,0,0,0,0,0,0,0,0,0,0,134,0,0,0
12,101->506/SA1,SA1,101,506,True,True,10,33.0,12,0,0,0,0,0,0,0,0,0,0,0,0,0,0,0,0,0,0,0,0,0,2,0,1,2,7
13,101/SA0,SA0,101,101,False,True,481,1.0,594,0,0,0,0,0,0,0,0,0,0,0,0,0,0,0,481,0,0,0,0,0,2,103,0,2,6
14,101/SA1,SA1,101,101,False,True,543,6.0,689,0,0,0,0,0,0,0,0,0,0,0,0,0,0,0,543,0,0,0,0,0,2,134,1,2,7
15,106->303/SA1,SA1,106,303,True,True,249,2.0,249,0,0,0,0,0,0,0,0,0,0,0,0,0,0,0,249,0,0,0,0,0,0,0,0,0,0
16,106->304/SA0,SA0,106,304,True,True,253,9.0,253,0,0,0,0,0,0,0,0,0,0,0,0,0,0,0,253,0,0,0,0,0,0,0,0,0,0
17,106->335/SA1,SA1,106,335,True,True,121,10.0,121,0,0,0,0,0,0,0,0,0,0,0,0,0,0,0,0,0,0,121,0,0,0,0,0,0,0
18,106->508/SA1,SA1,106,508,True,True,14,49.0,14,0,0,0,0,0,0,0,0,0,0,0,0,0,0,0,0,0,0,0,0,0,0,13,0,0,1
19,106/SA0,SA0,106,106,False,True,485,1.0,614,0,0,0,0,0,0,0,0,0,0,0,0,0,0,0,485,0,0,113,0,0,0,12,0,1,3
20,106/SA1,SA1,106,106,False,True,539,2.0,674,0,0,0,0,0,0,0,0,0,0,0,0,0,0,0,539,0,0,121,0,0,0,13,0,0,1
21,111->305/SA1,SA1,111,305,True,True,265,3.0,265,0,0,0,0,0,0,0,0,0,0,0,0,0,0,0,265,0,0,0,0,0,0,0,0,0,0
22,111->306/SA0,SA0,111,306,True,True,262,11.0,262,0,0,0,0,0,0,0,0,0,0,0,0,0,0,0,262,0,0,0,0,0,0,0,0,0,0
23,111->336/SA1,SA1,111,336,True,True,91,6.0,91,0,0,0,0,0,0,0,0,0,0,0,0,0,0,0,0,0,0,0,91,0,0,0,0,0,0
24,111->511/SA1,SA1,111,511,True,True,11,106.0,13,0,0,0,0,0,0,0,0,0,0,0,0,0,0,0,0,0,0,6,0,0,1,2,2,0,2
25,111/SA0,SA0,111,111,False,True,499,1.0,601,0,0,0,0,0,0,0,0,0,0,0,0,0,0,0,499,0,0,9,85,0,0,4,0,1,3
26,111/SA1,SA1,111,111,False,True,525,3.0,629,0,0,0,0,0,0,0,0,0,0,0,0,0,0,0,525,0,0,6,91,0,1,2,2,0,2
27,116->305/SA1,SA1,116,305,True,True,262,11.0,262,0,0,0,0,0,0,0,0,0,0,0,0,0,0,0,262,0,0,0,0,0,0,0,0,0,0
28,116->306/SA0,SA0,116,306,True,True,265,3.0,265,0,0,0,0,0,0,0,0,0,0,0,0,0,0,0,265,0,0,0,0,0,0,0,0,0,0
29,116->338/SA1,SA1,116,338,True,True,81,12.0,81,0,0,0,0,0,0,0,0,0,0,0,0,0,0,0,0,0,0,0,0,81,0,0,0,0,0
30,116->513/SA1,SA1,116,513,True,True,11,49.0,11,0,0,0,0,0,0,0,0,0,0,0,0,0,0,0,0,0,0,0,10,0,1,0,0,0,0
31,116/SA0,SA0,116,116,False,True,502,1.0,606,0,0,0,0,0,0,0,0,0,0,0,0,0,0,0,502,0,0,3,8,90,0,1,0,1,1
32,116/SA1,SA1,116,116,False,True,522,6.0,614,0,0,0,0,0,0,0,0,0,0,0,0,0,0,0,522,0,0,0,10,81,1,0,0,0,0
33,121->307/SA1,SA1,121,307,True,True,274,2.0,274,0,0,0,0,0,0,0,0,0,0,0,0,0,0,0,274,0,0,0,0,0,0,0,0,0,0
34,121->308/SA0,SA0,121,308,True,True,255,3.0,255,0,0,0,0,0,0,0,0,0,0,0,0,0,0,0,255,0,0,0,0,0,0,0,0,0,0
35,121->340/SA1,SA1,121,340,True,True,98,1.0,98,0,0,0,0,0,0,0,0,0,0,0,0,0,0,0,0,0,98,0,0,0,0,0,0,0,0
36,121->515/SA1,SA1,121,515,True,True,12,16.0,13,0,0,0,0,0,0,0,0,0,0,0,0,0,0,0,0,0,0,0,3,8,0,1,1,0,0
37,121/SA0,SA0,121,121,False,True,503,3.0,597,0,0,0,0,0,0,0,0,0,0,0,0,0,0,0,503,0,82,1,3,8,0,0,0,0,0
38,121/SA1,SA1,121,121,False,True,521,1.0,632,0,0,0,0,0,0,0,0,0,0,0,0,0,0,0,521,0,98,0,3,8,0,1,1,0,0
39,126->307/SA1,SA1,126,307,True,True,255,3.0,255,0,0,0,0,0,0,0,0,0,0,0,0,0,0,0,255,0,0,0,0,0,0,0,0,0,0
40,126->308/SA0,SA0,126,308,True,True,274,2.0,274,0,0,0,0,0,0,0,0,0,0,0,0,0,0,0,274,0,0,0,0,0,0,0,0,0,0
41,126->517/SA1,SA1,126,517,True,True,10,33.0,10,0,0,0,0,0,0,0,0,0,0,0,0,0,0,0,0,0,7,0,0,2,0,0,1,0,0
42,126/SA0,SA0,126,126,False,True,522,2.0,531,0,0,0,0,0,0,0,0,0,0,0,0,0,0,0,522,0,7,1,1,0,0,0,0,0,0
43,126/SA1,SA1,126,126,False,True,502,1.0,512,0,0,0,0,0,0,0,0,0,0,0,0,0,0,0,502,0,7,0,0,2,0,0,1,0,0
44,13->269/SA1,SA1,13,269,True,True,66,9.0,66,0,0,0,0,66,0,0,0,0,0,0,0,0,0,0,0,0,0,0,0,0,0,0,0,0,0
45,13->270/SA1,SA1,13,270,True,True,56,9.0,56,0,0,0,0,0,49,0,0,0,0,7,0,0,0,0,0,0,0,0,0,0,0,0,0,0,0
46,13->280/SA1,SA1,13,280,True,True,18,57.0,21,0,0,0,0,0,0,0,0,0,0,0,0,12,8,0,0,0,0,0,0,0,0,0,1,0,0
47,13/SA0,SA0,13,13,False,True,90,12.0,126,0,0,0,0,50,47,0,0,0,0,8,0,14,7,0,0,0,0,0,0,0,0,0,0,0,0
48,13/SA1,SA1,13,13,False,True,105,9.0,143,0,0,0,0,66,49,0,0,0,0,7,0,12,8,0,0,0,0,0,0,0,0,0,1,0,0
49,130->498/SA1,SA1,130,498,True,True,255,2.0,255,0,0,0,0,0,0,0,0,0,0,0,0,0,0,0,255,0,0,0,0,0,0,0,0,0,0
50,130->499/SA0,SA0,130,499,True,True,263,6.0,263,0,0,0,0,0,0,0,0,0,0,0,0,0,0,0,263,0,0,0,0,0,0,0,0,0,0
51,130->518/SA1,SA1,130,518,True,True,259,2.0,259,0,0,0,0,0,0,0,0,0,0,0,0,0,0,0,0,259,0,0,0,0,0,0,0,0,0
52,130->519/SA0,SA0,130,519,True,True,256,5.0,256,0,0,0,0,0,0,0,0,0,0,0,0,0,0,0,0,256,0,0,0,0,0,0,0,0,0
53,130/SA0,SA0,130,130,False,True,509,5.0,1018,0,0,0,0,0,0,0,0,0,0,0,0,0,0,0,509,509,0,0,0,0,0,0,0,0,0
54,130/SA1,SA1,130,130,False,True,515,1.0,1030,0,0,0,0,0,0,0,0,0,0,0,0,0,0,0,515,515,0,0,0,0,0,0,0,0,0
55,135->500/SA1,SA1,135,500,True,True,236,6.0,236,0,0,0,0,0,0,0,0,0,0,0,0,0,0,0,236,0,0,0,0,0,0,0,0,0,0
56,135->501/SA0,SA0,135,501,True,True,241,1.0,241,0,0,0,0,0,0,0,0,0,0,0,0,0,0,0,241,0,0,0,0,0,0,0,0,0,0
57,135/SA0,SA0,135,135,False,True,525,1.0,525,0,0,0,0,0,0,0,0,0,0,0,0,0,0,0,525,0,0,0,0,0,0,0,0,0,0
58,135/SA1,SA1,135,135,False,True,499,6.0,499,0,0,0,0,0,0,0,0,0,0,0,0,0,0,0,499,0,0,0,0,0,0,0,0,0,0
59,138->309/SA1,SA1,138,309,True,True,184,6.0,220,0,0,0,0,0,0,0,0,0,0,0,0,0,0,0,0,0,0,0,0,0,123,0,97,0,0
60,138->316/SA1,SA1,138,316,True,True,173,3.0,204,0,0,0,0,0,0,0,0,0,0,0,0,0,0,0,0,0,0,0,0,0,55,0,37,112,0
61,138->317/SA1,SA1,138,317,True,True,144,3.0,173,0,0,0,0,0,0,0,0,0,0,0,0,0,0,0,0,0,0,0,0,0,29,0,12,32,100
62,138->318/SA1,SA1,138,318,True,True,156,7.0,182,0,0,0,0,0,0,0,0,0,0,0,0,0,0,0,0,0,0,0,0,0,13,102,6,19,42
63,138/SA0,SA0,138,138,False,True,369,1.0,689,0,0,0,0,0,0,0,0,0,0,0,0,0,0,0,0,0,0,0,0,0,218,104,129,131,107
64,138/SA1,SA1,138,138,False,True,390,3.0,684,0,0,0,0,0,0,0,0,0,0,0,0,0,0,0,0,0,0,0,0,0,220,102,119,125,118
65,143->475/SA1,SA1,143,475,True,True,20,70.0,27,0,0,0,0,0,0,0,0,0,0,0,0,0,0,0,0,0,0,0,0,0,14,0,13,0,0
66,143->510/SA1,SA1,143,510,True,True,148,5.0,188,0,0,0,0,0,0,0,0,0,0,0,0,0,0,0,0,0,0,109,0,0,9,34,4,9,23
67,143/SA0,SA0,143,143,False,True,155,2.0,204,0,0,0,0,0,0,0,0,0,0,0,0,0,0,0,0,0,0,104,0,0,15,41,16,10,18
68,143/SA1,SA1,143,143,False,True,163,5.0,215,0,0,0,0,0,0,0,0,0,0,0,0,0,0,0,0,0,0,109,0,0,23,34,17,9,23
69,146->477/SA1,SA1,146,477,True,True,5,33.0,7,0,0,0,0,0,0,0,0,0,0,0,0,0,0,0,0,0,0,0,0,0,2,0,1,4,0
70,146->512/SA1,SA1,146,512,True,True,111,2.0,135,0,0,0,0,0,0,0,0,0,0,0,0,0,0,0,0,0,0,19,82,0,7,17,0,3,7
71,146/SA0,SA0,146,146,False,True,125,13.0,149,0,0,0,0,0,0,0,0,0,0,0,0,0,0,0,0,0,0,29,87,0,3,16,2,6,6
72,146/SA1,SA1,146,146,False,True,115,2.0,142,0,0,0,0,0,0,0,0,0,0,0,0,0,0,0,0,0,0,19,82,0,9,17,1,7,7
73,149->479/SA1,SA1,149,479,True,True,15,23.0,18,0,0,0,0,0,0,0,0,0,0,0,0,0,0,0,0,0,0,0,0,0,5,0,0,1,12
74,149->514/SA1,SA1,149,514,True,True,114,18.0,143,0,0,0,0,0,0,0,0,0,0,0,0,0,0,0,0,0,0,21,19,82,2,9,2,3,5
75,149/SA0,SA0,149,149,False,True,125,4.0,150,0,0,0,0,0,0,0,0,0,0,0,0,0,0,0,0,0,0,8,26,78,8,12,2,2,14
76,149/SA1,SA1,149,149,False,True,126,18.0,161,0,0,0,0,0,0,0,0,0,0,0,0,0,0,0,0,0,0,21,19,82,7,9,2,4,17
77,152/SA0,SA0,152,152,False,True,134,2.0,154,0,0,0,0,0,0,0,0,0,0,0,0,0,0,0,0,0,0,0,0,0,17,104,5,10,18
78,152/SA1,SA1,152,152,False,True,118,11.0,149,0,0,0,0,0,0,0,0,0,0,0,0,0,0,0,0,0,0,0,0,0,20,90,9,10,20
79,153->481/SA1,SA1,153,481,True,True,13,70.0,19,0,0,0,0,0,0,0,0,0,0,0,0,0,0,0,0,0,0,0,0,0,3,10,1,1,4
80,153->516/SA1,SA1,153,516,True,True,104,3.0,119,0,0,0,0,0,0,0,0,0,0,0,0,0,0,0,0,0,80,9,6,16,2,4,0,0,2
81,153/SA0,SA0,153,153,False,True,116,1.0,147,0,0,0,0,0,0,0,0,0,0,0,0,0,0,0,0,0,81,8,11,25,3,10,2,3,4
82,153/SA1,SA1,153,153,False,True,116,3.0,138,0,0,0,0,0,0,0,0,0,0,0,0,0,0,0,0,0,80,9,6,16,6,13,1,1,6
83,156->319/SA1,SA1,156,319,True,True,12,15.0,23,0,0,0,0,0,0,0,0,0,0,0,0,0,0,0,0,0,0,2,1,1,6,2,6,1,4
84,156->442/SA1,SA1,156,442,True,True,11,15.0,22,0,0,0,0,0,0,0,0,0,0,0,0,0,0,0,0,0,3,3,2,2,5,2,1,1,3
85,156/SA0,SA0,156,156,False,True,18,28.0,44,0,0,0,0,0,0,0,0,0,0,0,0,0,0,0,0,0,3,4,5,2,12,4,6,4,4
86,156/SA1,SA1,156,156,False,True,18,15.0,35,0,0,0,0,0,0,0,0,0,0,0,0,0,0,0,0,0,3,5,2,2,10,1,6,0,6
87,159->324/SA1,SA1,159,324,True,True,242,8.0,242,0,0,0,0,0,0,0,0,0,0,0,0,0,0,0,0,242,0,0,0,0,0,0,0,0,0
88,159->325/SA0,SA0,159,325,True,True,295,1.0,295,0,0,0,0,0,0,0,0,0,0,0,0,0,0,0,0,295,0,0,0,0,0,0,0,0,0
89,159->522/SA1,SA1,159,522,True,False,0,,0,0,0,0,0,0,0,0,0,0,0,0,0,0,0,0,0,0,0,0,0,0,0,0,0,0,0
90,159->590/SA1,SA1,159,590,True,True,95,2.0,107,0,0,0,0,0,0,0,0,0,0,0,0,0,0,0,0,0,0,0,0,0,82,0,25,0,0
91,159->593/SA0,SA0,159,593,True,True,232,3.0,263,0,0,0,0,0,0,0,0,0,0,0,0,0,0,0,0,0,0,0,0,0,72,0,191,0,0
92,159/SA0,SA0,159,159,False,True,516,1.0,883,0,0,0,0,0,0,0,0,0,0,0,0,0,0,0,0,516,0,0,0,0,152,0,215,0,0
93,159/SA1,SA1,159,159,False,True,508,2.0,865,0,0,0,0,0,0,0,0,0,0,0,0,0,0,0,0,508,0,0,0,0,154,0,203,0,0
94,165->324/SA1,SA1,165,324,True,True,295,1.0,295,0,0,0,0,0,0,0,0,0,0,0,0,0,0,0,0,295,0,0,0,0,0,0,0,0,0
95,165->325/SA0,SA0,165,325,True,True,242,8.0,242,0,0,0,0,0,0,0,0,0,0,0,0,0,0,0,0,242,0,0,0,0,0,0,0,0,0
96,165->523/SA1,SA1,165,523,True,False,0,,0,0,0,0,0,0,0,0,0,0,0,0,0,0,0,0,0,0,0,0,0,0,0,0,0,0,0
97,165->597/SA1,SA1,165,597,True,True,77,1.0,97,0,0,0,0,0,0,0,0,0,0,0,0,0,0,0,0,0,0,0,0,0,46,0,15,36,0
98,165->600/SA0,SA0,165,600,True,True,208,9.0,234,0,0,0,0,0,0,0,0,0,0,0,0,0,0,0,0,0,0,0,0,0,42,0,18,174,0
99,165/SA0,SA0,165,165,False,True,463,4.0,757,0,0,0,0,0,0,0,0,0,0,0,0,0,0,0,0,463,0,0,0,0,76,0,23,195,0
100,165/SA1,SA1,165,165,False,True,561,1.0,927,0,0,0,0,0,0,0,0,0,0,0,0,0,0,0,0,561,0,0,0,0,95,0,29,242,0
101,17->269/SA1,SA1,17,269,True,True,65,22.0,65,0,0,0,0,65,0,0,0,0,0,0,0,0,0,0,0,0,0,0,0,0,0,0,0,0,0
102,17->270/SA1,SA1,17,270,True,True,63,23.0,63,0,0,0,0,0,53,0,0,0,0,10,0,0,0,0,0,0,0,0,0,0,0,0,0,0,0
103,17->279/SA1,SA1,17,279,True,True,50,22.0,102,0,0,0,0,0,0,0,0,0,0,0,0,0,0,0,0,0,13,12,12,10,17,10,7,6,15
104,17->317/SA1,SA1,17,317,True,True,125,2.0,141,0,0,0,0,0,0,0,0,0,0,0,0,0,0,0,0,0,0,0,0,0,28,0,12,15,86
105,17->322/SA0,SA0,17,322,True,True,2,395.0,7,0,0,0,0,0,0,0,0,0,0,0,0,0,0,0,0,0,0,1,1,1,2,1,1,0,0
106,17->323/SA1,SA1,17,323,True,True,9,62.0,15,0,0,0,0,0,0,0,0,0,0,0,0,0,0,0,0,0,1,1,1,1,5,2,2,2,0
107,17->432/SA1,SA1,17,432,True,True,6,20.0,12,0,0,0,0,0,0,0,0,0,0,0,0,0,0,0,0,0,0,0,0,0,4,2,3,1,2
108,17->443/SA1,SA1,17,443,True,True,28,108.0,41,0,0,0,0,0,0,0,0,0,0,0,0,0,0,0,0,0,8,14,6,9,2,1,0,1,0
109,17/SA0,SA0,17,17,False,True,231,9.0,412,0,0,0,0,50,47,0,0,0,0,8,0,0,0,0,0,0,12,21,17,13,61,16,20,38,109
110,17/SA1,SA1,17,17,False,True,231,2.0,427,0,0,0,0,65,53,0,0,0,0,10,0,0,0,0,0,0,25,27,20,20,51,13,24,25,94
111,171->326/SA1,SA1,171,326,True,True,250,1.0,250,0,0,0,0,0,0,0,0,0,0,0,0,0,0,0,0,250,0,0,0,0,0,0,0,0,0
112,171->327/SA0,SA0,171,327,True,True,241,2.0,241,0,0,0,0,0,0,0,0,0,0,0,0,0,0,0,0,241,0,0,0,0,0,0,0,0,0
113,171->524/SA1,SA1,171,524,True,False,0,,0,0,0,0,0,0,0,0,0,0,0,0,0,0,0,0,0,0,0,0,0,0,0,0,0,0,0
114,171->606/SA1,SA1,171,606,True,True,62,25.0,86,0,0,0,0,0,0,0,0,0,0,0,0,0,0,0,0,0,0,0,0,0,23,0,13,16,34
115,171->609/SA0,SA0,171,609,True,True,210,2.0,250,0,0,0,0,0,0,0,0,0,0,0,0,0,0,0,0,0,0,0,0,0,27,0,14,27,182
116,171/SA0,SA0,171,171,False,True,519,2.0,843,0,0,0,0,0,0,0,0,0,0,0,0,0,0,0,0,519,0,0,0,0,58,0,21,39,206
117,171/SA1,SA1,171,171,False,True,505,1.0,825,0,0,0,0,0,0,0,0,0,0,0,0,0,0,0,0,505,0,0,0,0,41,0,24,31,224
118,177->326/SA1,SA1,177,326,True,True,241,2.0,241,0,0,0,0,0,0,0,0,0,0,0,0,0,0,0,0,241,0,0,0,0,0,0,0,0,0
119,177->327/SA0,SA0,177,327,True,True,250,1.0,250,0,0,0,0,0,0,0,0,0,0,0,0,0,0,0,0,250,0,0,0,0,0,0,0,0,0
120,177->525/SA1,SA1,177,525,True,True,1,520.0,1,0,0,0,0,0,0,0,0,0,0,0,0,0,0,0,0,0,0,0,0,0,0,1,0,0,0
121,177->616/SA1,SA1,177,616,True,True,54,2.0,67,0,0,0,0,0,0,0,0,0,0,0,0,0,0,0,0,0,0,0,0,0,9,29,4,9,16
122,177->619/SA0,SA0,177,619,True,True,202,3.0,244,0,0,0,0,0,0,0,0,0,0,0,0,0,0,0,0,0,0,0,0,0,16,173,10,16,29
123,177/SA0,SA0,177,177,False,True,528,1.0,835,0,0,0,0,0,0,0,0,0,0,0,0,0,0,0,0,528,0,0,0,0,28,197,14,24,44
124,177/SA1,SA1,177,177,False,True,496,2.0,808,0,0,0,0,0,0,0,0,0,0,0,0,0,0,0,0,496,0,0,0,0,24,211,12,22,43
125,183->328/SA1,SA1,183,328,True,True,259,3.0,259,0,0,0,0,0,0,0,0,0,0,0,0,0,0,0,0,259,0,0,0,0,0,0,0,0,0
126,183->329/SA0,SA0,183,329,True,True,251,4.0,251,0,0,0,0,0,0,0,0,0,0,0,0,0,0,0,0,251,0,0,0,0,0,0,0,0,0
127,183->526/SA1,SA1,183,526,True,True,1,520.0,1,0,0,0,0,0,0,0,0,0,0,0,0,0,0,0,0,0,0,1,0,0,0,0,0,0,0
128,183->625/SA1,SA1,183,625,True,True,51,2.0,68,0,0,0,0,0,0,0,0,0,0,0,0,0,0,0,0,0,0,33,0,0,7,13,2,6,7
129,183->628/SA0,SA0,183,628,True,True,214,15.0,234,0,0,0,0,0,0,0,0,0,0,0,0,0,0,0,0,0,0,193,0,0,9,19,0,5,8
130,183/SA0,SA0,183,183,False,True,528,4.0,841,0,0,0,0,0,0,0,0,0,0,0,0,0,0,0,0,528,0,230,0,0,13,38,3,11,18
131,183/SA1,SA1,183,183,False,True,496,1.0,797,0,0,0,0,0,0,0,0,0,0,0,0,0,0,0,0,496,0,210,0,0,13,37,5,12,24
132,189->328/SA1,SA1,189,328,True,True,251,4.0,251,0,0,0,0,0,0,0,0,0,0,0,0,0,0,0,0,251,0,0,0,0,0,0,0,0,0
133,189->329/SA0,SA0,189,329,True,True,259,3.0,259,0,0,0,0,0,0,0,0,0,0,0,0,0,0,0,0,259,0,0,0,0,0,0,0,0,0
134,189->527/SA1,SA1,189,527,True,True,1,520.0,1,0,0,0,0,0,0,0,0,0,0,0,0,0,0,0,0,0,0,0,1,0,0,0,0,0,0
135,189->632/SA1,SA1,189,632,True,True,46,31.0,64,0,0,0,0,0,0,0,0,0,0,0,0,0,0,0,0,0,0,16,26,0,2,8,3,4,5
136,189->635/SA0,SA0,189,635,True,True,174,15.0,203,0,0,0,0,0,0,0,0,0,0,0,0,0,0,0,0,0,0,19,145,0,8,14,3,6,8
137,189/SA0,SA0,189,189,False,True,536,3.0,798,0,0,0,0,0,0,0,0,0,0,0,0,0,0,0,0,536,0,37,170,0,9,21,3,8,14
138,189/SA1,SA1,189,189,False,True,488,1.0,707,0,0,0,0,0,0,0,0,0,0,0,0,0,0,0,0,488,0,27,153,0,6,15,3,6,9
139,195->330/SA1,SA1,195,330,True,True,244,6.0,244,0,0,0,0,0,0,0,0,0,0,0,0,0,0,0,0,244,0,0,0,0,0,0,0,0,0
140,195->331/SA0,SA0,195,331,True,True,260,4.0,260,0,0,0,0,0,0,0,0,0,0,0,0,0,0,0,0,260,0,0,0,0,0,0,0,0,0
141,195->528/SA1,SA1,195,528,True,False,0,,0,0,0,0,0,0,0,0,0,0,0,0,0,0,0,0,0,0,0,0,0,0,0,0,0,0,0
142,195->641/SA1,SA1,195,641,True,True,40,3.0,53,0,0,0,0,0,0,0,0,0,0,0,0,0,0,0,0,0,0,5,7,29,2,5,0,2,3
143,195->644/SA0,SA0,195,644,True,True,164,11.0,189,0,0,0,0,0,0,0,0,0,0,0,0,0,0,0,0,0,0,17,15,143,2,7,0,2,3
144,195/SA0,SA0,195,195,False,True,533,1.0,763,0,0,0,0,0,0,0,0,0,0,0,0,0,0,0,0,533,0,20,27,158,5,11,2,3,4
145,195/SA1,SA1,195,195,False,True,491,3.0,712,0,0,0,0,0,0,0,0,0,0,0,0,0,0,0,0,491,0,21,24,151,4,9,1,4,7
146,201->330/SA1,SA1,201,330,True,True,260,4.0,260,0,0,0,0,0,0,0,0,0,0,0,0,0,0,0,0,260,0,0,0,0,0,0,0,0,0
147,201->331/SA0,SA0,201,331,True,True,244,6.0,244,0,0,0,0,0,0,0,0,0,0,0,0,0,0,0,0,244,0,0,0,0,0,0,0,0,0
148,201->529/SA1,SA1,201,529,True,False,0,,0,0,0,0,0,0,0,0,0,0,0,0,0,0,0,0,0,0,0,0,0,0,0,0,0,0,0
149,201->651/SA1,SA1,201,651,True,True,35,144.0,48,0,0,0,0,0,0,0,0,0,0,0,0,0,0,0,0,0,17,3,9,10,1,3,1,2,2
150,201->654/SA0,SA0,201,654,True,True,157,10.0,192,0,0,0,0,0,0,0,0,0,0,0,0,0,0,0,0,0,131,11,14,26,3,4,0,1,2
151,201/SA0,SA0,201,201,False,True,517,1.0,761,0,0,0,0,0,0,0,0,0,0,0,0,0,0,0,0,517,152,18,21,38,3,6,0,2,4
152,201/SA1,SA1,201,201,False,True,507,3.0,743,0,0,0,0,0,0,0,0,0,0,0,0,0,0,0,0,507,139,15,19,40,4,9,2,3,5
153,207->520/SA1,SA1,207,520,True,True,266,5.0,266,0,0,0,0,0,0,0,0,0,0,0,0,0,0,0,0,266,0,0,0,0,0,0,0,0,0
154,207->521/SA0,SA0,207,521,True,True,221,2.0,221,0,0,0,0,0,0,0,0,0,0,0,0,0,0,0,0,221,0,0,0,0,0,0,0,0,0
155,207/SA0,SA0,207,207,False,True,489,2.0,489,0,0,0,0,0,0,0,0,0,0,0,0,0,0,0,0,489,0,0,0,0,0,0,0,0,0
156,207/SA1,SA1,207,207,False,True,535,1.0,535,0,0,0,0,0,0,0,0,0,0,0,0,0,0,0,0,535,0,0,0,0,0,0,0,0,0
157,210->332/SA1,SA1,210,332,True,True,124,7.0,124,0,0,0,0,0,0,0,0,0,0,0,0,0,0,0,0,0,0,0,0,0,0,0,0,124,0
158,210->333/SA1,SA1,210,333,True,True,128,7.0,128,0,0,0,0,0,0,0,0,0,0,0,0,0,0,0,0,0,0,0,0,0,0,0,0,0,128
159,210->334/SA1,SA1,210,334,True,True,109,31.0,109,0,0,0,0,0,0,0,0,0,0,0,0,0,0,0,0,0,0,0,0,0,0,109,0,0,0
160,210->335/SA1,SA1,210,335,True,True,117,19.0,117,0,0,0,0,0,0,0,0,0,0,0,0,0,0,0,0,0,0,117,0,0,0,0,0,0,0
161,210->336/SA1,SA1,210,336,True,True,87,19.0,87,0,0,0,0,0,0,0,0,0,0,0,0,0,0,0,0,0,0,0,87,0,0,0,0,0,0
162,210->338/SA1,SA1,210,338,True,True,95,22.0,95,0,0,0,0,0,0,0,0,0,0,0,0,0,0,0,0,0,0,0,0,95,0,0,0,0,0
163,210->340/SA1,SA1,210,340,True,True,99,3.0,99,0,0,0,0,0,0,0,0,0,0,0,0,0,0,0,0,0,99,0,0,0,0,0,0,0,0
164,210->417/SA1,SA1,210,417,True,True,142,31.0,142,0,0,0,0,0,0,0,0,0,0,0,0,0,0,0,0,0,0,0,0,0,0,0,142,0,0
165,210/SA0,SA0,210,210,False,True,367,1.0,837,0,0,0,0,0,0,0,0,0,0,0,0,0,0,0,0,0,82,113,85,90,0,103,118,116,130
166,210/SA1,SA1,210,210,False,True,394,3.0,901,0,0,0,0,0,0,0,0,0,0,0,0,0,0,0,0,0,99,117,87,95,0,109,142,124,128
167,219->794/SA1,SA1,219,794,True,True,110,14.0,110,0,0,0,0,0,0,0,0,0,0,0,0,0,0,0,0,0,110,0,0,0,0,0,0,0,0
168,219->808/SA1,SA1,219,808,True,True,113,7.0,113,0,0,0,0,0,0,0,0,0,0,0,0,0,0,0,0,0,0,113,0,0,0,0,0,0,0
169,219->809/SA1,SA1,219,809,True,True,80,6.0,80,0,0,0,0,0,0,0,0,0,0,0,0,0,0,0,0,0,0,0,80,0,0,0,0,0,0
170,219->810/SA1,SA1,219,810,True,True,83,12.0,83,0,0,0,0,0,0,0,0,0,0,0,0,0,0,0,0,0,0,0,0,83,0,0,0,0,0
171,219->836/SA1,SA1,219,836,True,True,119,7.0,119,0,0,0,0,0,0,0,0,0,0,0,0,0,0,0,0,0,0,0,0,0,0,119,0,0,0
172,219->851/SA1,SA1,219,851,True,True,102,7.0,102,0,0,0,0,0,0,0,0,0,0,0,0,0,0,0,0,0,0,0,0,0,0,0,102,0,0
173,219->852/SA1,SA1,219,852,True,True,92,18.0,92,0,0,0,0,0,0,0,0,0,0,0,0,0,0,0,0,0,0,0,0,0,0,0,0,92,0
174,219->853/SA1,SA1,219,853,True,True,99,38.0,99,0,0,0,0,0,0,0,0,0,0,0,0,0,0,0,0,0,0,0,0,0,0,0,0,0,99
175,219/SA0,SA0,219,219,False,True,341,1.0,718,0,0,0,0,0,0,0,0,0,0,0,0,0,0,0,0,0,89,99,80,74,0,102,91,82,101
176,219/SA1,SA1,219,219,False,True,381,6.0,798,0,0,0,0,0,0,0,0,0,0,0,0,0,0,0,0,0,110,113,80,83,0,119,102,92,99
177,228->736/SA1,SA1,228,736,True,True,125,7.0,125,0,0,0,0,0,0,0,0,0,0,0,0,0,0,0,0,0,0,0,0,0,0,0,125,0,0
178,228->739/SA1,SA1,228,739,True,True,113,9.0,113,0,0,0,0,0,0,0,0,0,0,0,0,0,0,0,0,0,0,0,0,0,0,0,0,113,0
179,228->742/SA1,SA1,228,742,True,True,116,31.0,116,0,0,0,0,0,0,0,0,0,0,0,0,0,0,0,0,0,0,0,0,0,0,0,0,0,116
180,228->745/SA1,SA1,228,745,True,True,132,7.0,132,0,0,0,0,0,0,0,0,0,0,0,0,0,0,0,0,0,0,0,0,0,0,132,0,0,0
181,228->748/SA1,SA1,228,748,True,True,116,7.0,116,0,0,0,0,0,0,0,0,0,0,0,0,0,0,0,0,0,0,116,0,0,0,0,0,0,0
182,228->751/SA1,SA1,228,751,True,True,86,15.0,86,0,0,0,0,0,0,0,0,0,0,0,0,0,0,0,0,0,0,0,86,0,0,0,0,0,0
183,228->754/SA1,SA1,228,754,True,True,104,18.0,104,0,0,0,0,0,0,0,0,0,0,0,0,0,0,0,0,0,0,0,0,104,0,0,0,0,0
184,228->759/SA1,SA1,228,759,True,True,103,12.0,103,0,0,0,0,0,0,0,0,0,0,0,0,0,0,0,0,0,103,0,0,0,0,0,0,0,0
185,228/SA0,SA0,228,228,False,True,304,5.0,729,0,0,0,0,0,0,0,0,0,0,0,0,0,0,0,0,0,72,104,82,88,0,95,87,104,97
186,228/SA1,SA1,228,228,False,True,350,7.0,895,0,0,0,0,0,0,0,0,0,0,0,0,0,0,0,0,0,103,116,86,104,0,132,125,113,116
187,237->737/SA1,SA1,237,737,True,True,18,12.0,18,0,0,0,0,0,0,0,0,0,0,0,0,0,0,0,0,0,0,0,0,0,0,0,18,0,0
188,237->740/SA1,SA1,237,740,True,True,18,13.0,18,0,0,0,0,0,0,0,0,0,0,0,0,0,0,0,0,0,0,0,0,0,0,0,0,18,0
189,237->743/SA1,SA1,237,743,True,True,16,12.0,16,0,0,0,0,0,0,0,0,0,0,0,0,0,0,0,0,0,0,0,0,0,0,0,0,0,16
190,237->746/SA1,SA1,237,746,True,True,21,38.0,21,0,0,0,0,0,0,0,0,0,0,0,0,0,0,0,0,0,0,0,0,0,0,21,0,0,0
191,237->749/SA1,SA1,237,749,True,True,31,49.0,31,0,0,0,0,0,0,0,0,0,0,0,0,0,0,0,0,0,0,31,0,0,0,0,0,0,0
192,237->752/SA1,SA1,237,752,True,True,23,38.0,23,0,0,0,0,0,0,0,0,0,0,0,0,0,0,0,0,0,0,0,23,0,0,0,0,0,0
193,237->755/SA1,SA1,237,755,True,True,15,31.0,15,0,0,0,0,0,0,0,0,0,0,0,0,0,0,0,0,0,0,0,0,15,0,0,0,0,0
194,237->760/SA1,SA1,237,760,True,True,21,1.0,21,0,0,0,0,0,0,0,0,0,0,0,0,0,0,0,0,0,21,0,0,0,0,0,0,0,0
195,237/SA0,SA0,237,237,False,True,117,9.0,160,0,0,0,0,0,0,0,0,0,0,0,0,0,0,0,0,0,14,21,21,11,0,30,20,14,29
196,237/SA1,SA1,237,237,False,True,118,1.0,163,0,0,0,0,0,0,0,0,0,0,0,0,0,0,0,0,0,21,31,23,15,0,21,18,18,16
197,246->596/SA1,SA1,246,596,True,True,51,9.0,51,0,0,0,0,0,0,0,0,0,0,0,0,0,0,0,0,0,0,0,0,0,0,0,51,0,0
198,246->605/SA1,SA1,246,605,True,True,44,13.0,44,0,0,0,0,0,0,0,0,0,0,0,0,0,0,0,0,0,0,0,0,0,0,0,0,44,0
199,246->615/SA1,SA1,246,615,True,True,37,12.0,37,0,0,0,0,0,0,0,0,0,0,0,0,0,0,0,0,0,0,0,0,0,0,0,0,0,37
200,246->624/SA1,SA1,246,624,True,True,43,31.0,43,0,0,0,0,0,0,0,0,0,0,0,0,0,0,0,0,0,0,0,0,0,0,43,0,0,0
201,246->631/SA1,SA1,246,631,True,True,63,7.0,63,0,0,0,0,0,0,0,0,0,0,0,0,0,0,0,0,0,0,63,0,0,0,0,0,0,0
202,246->640/SA1,SA1,246,640,True,True,45,31.0,45,0,0,0,0,0,0,0,0,0,0,0,0,0,0,0,0,0,0,0,45,0,0,0,0,0,0
203,246->650/SA1,SA1,246,650,True,True,45,31.0,45,0,0,0,0,0,0,0,0,0,0,0,0,0,0,0,0,0,0,0,0,45,0,0,0,0,0
204,246->659/SA1,SA1,246,659,True,True,46,1.0,46,0,0,0,0,0,0,0,0,0,0,0,0,0,0,0,0,0,46,0,0,0,0,0,0,0,0
205,246/SA0,SA0,246,246,False,True,182,15.0,311,0,0,0,0,0,0,0,0,0,0,0,0,0,0,0,0,0,43,49,29,32,0,42,41,37,38
206,246/SA1,SA1,246,246,False,True,199,1.0,374,0,0,0,0,0,0,0,0,0,0,0,0,0,0,0,0,0,46,63,45,45,0,43,51,44,37
207,255->337/SA1,SA1,255,337,True,True,94,12.0,94,0,0,0,0,0,0,0,0,0,0,0,0,0,0,0,0,0,0,0,94,0,0,0,0,0,0
208,255->339/SA1,SA1,255,339,True,True,91,19.0,91,0,0,0,0,0,0,0,0,0,0,0,0,0,0,0,0,0,0,0,0,91,0,0,0,0,0
209,255->341/SA1,SA1,255,341,True,True,89,1.0,89,0,0,0,0,0,0,0,0,0,0,0,0,0,0,0,0,0,89,0,0,0,0,0,0,0,0
210,255/SA0,SA0,255,255,False,True,206,7.0,269,0,0,0,0,0,0,0,0,0,0,0,0,0,0,0,0,0,98,0,88,83,0,0,0,0,0
211,255/SA1,SA1,255,255,False,True,207,1.0,274,0,0,0,0,0,0,0,0,0,0,0,0,0,0,0,0,0,89,0,94,91,0,0,0,0,0
212,259/SA0,SA0,259,259,False,True,88,7.0,88,0,0,0,0,0,0,0,0,0,0,0,0,0,0,0,0,0,0,0,88,0,0,0,0,0,0
213,259/SA1,SA1,259,259,False,True,85,6.0,85,0,0,0,0,0,0,0,0,0,0,0,0,0,0,0,0,0,0,0,85,0,0,0,0,0,0
214,26->270/SA1,SA1,26,270,True,True,53,16.0,53,0,0,0,0,0,47,0,0,0,0,6,0,0,0,0,0,0,0,0,0,0,0,0,0,0,0
215,26->276/SA1,SA1,26,276,True,True,150,16.0,305,0,0,0,0,0,0,0,0,0,0,0,150,0,0,0,0,0,13,15,15,13,31,17,18,15,18
216,26/SA0,SA0,26,26,False,True,156,12.0,293,0,0,0,0,0,47,0,0,0,0,8,131,0,0,0,0,0,6,14,12,7,23,10,14,8,13
217,26/SA1,SA1,26,26,False,True,171,16.0,358,0,0,0,0,0,47,0,0,0,0,6,150,0,0,0,0,0,13,15,15,13,31,17,18,15,18
218,260/SA0,SA0,260,260,False,True,83,7.0,83,0,0,0,0,0,0,0,0,0,0,0,0,0,0,0,0,0,0,0,0,83,0,0,0,0,0
219,260/SA1,SA1,260,260,False,True,81,22.0,81,0,0,0,0,0,0,0,0,0,0,0,0,0,0,0,0,0,0,0,0,81,0,0,0,0,0
220,261->732/SA1,SA1,261,732,True,True,43,25.0,43,0,0,0,0,0,0,0,0,0,0,0,0,0,0,0,0,0,0,0,0,43,0,0,0,0,0
221,261->733/SA1,SA1,261,733,True,True,30,27.0,30,0,0,0,0,0,0,0,0,0,0,0,0,0,0,0,0,0,0,0,30,0,0,0,0,0,0
222,261->734/SA1,SA1,261,734,True,True,31,27.0,41,0,0,0,0,0,0,0,0,0,0,0,0,0,0,0,0,0,0,19,0,0,2,13,1,3,3
223,261->757/SA0,SA0,261,757,True,True,58,11.0,58,0,0,0,0,0,0,0,0,0,0,0,0,0,0,0,0,0,58,0,0,0,0,0,0,0,0
224,261->758/SA1,SA1,261,758,True,True,31,43.0,31,0,0,0,0,0,0,0,0,0,0,0,0,0,0,0,0,0,31,0,0,0,0,0,0,0,0
225,261/SA0,SA0,261,261,False,True,129,11.0,175,0,0,0,0,0,0,0,0,0,0,0,0,0,0,0,0,0,87,13,19,39,4,8,0,2,3
226,261/SA1,SA1,261,261,False,True,139,1.0,197,0,0,0,0,0,0,0,0,0,0,0,0,0,0,0,0,0,83,19,30,43,2,13,1,3,3
227,267/SA0,SA0,267,267,False,True,98,7.0,98,0,0,0,0,0,0,0,0,0,0,0,0,0,0,0,0,0,98,0,0,0,0,0,0,0,0
228,267/SA1,SA1,267,267,False,True,92,3.0,92,0,0,0,0,0,0,0,0,0,0,0,0,0,0,0,0,0,92,0,0,0,0,0,0,0,0
229,268/SA0,SA0,268,268,False,True,123,1.0,128,0,0,0,0,0,0,0,0,0,0,0,0,0,0,0,0,0,1,2,0,0,3,1,121,0,0
230,268/SA1,SA1,268,268,False,True,119,9.0,124,0,0,0,0,0,0,0,0,0,0,0,0,0,0,0,0,0,1,2,1,1,2,2,114,1,0
231,269/SA0,SA0,269,269,False,True,974,1.0,974,0,0,0,0,974,0,0,0,0,0,0,0,0,0,0,0,0,0,0,0,0,0,0,0,0,0
232,269/SA1,SA1,269,269,False,True,50,16.0,50,0,0,0,0,50,0,0,0,0,0,0,0,0,0,0,0,0,0,0,0,0,0,0,0,0,0
233,270->344/SA0,SA0,270,344,True,True,854,1.0,854,0,0,0,0,0,854,0,0,0,0,0,0,0,0,0,0,0,0,0,0,0,0,0,0,0,0
234,270->392/SA0,SA0,270,392,True,True,115,3.0,115,0,0,0,0,0,0,0,0,0,0,115,0,0,0,0,0,0,0,0,0,0,0,0,0,0,0
235,270/SA0,SA0,270,270,False,True,969,1.0,969,0,0,0,0,0,854,0,0,0,0,115,0,0,0,0,0,0,0,0,0,0,0,0,0,0,0
236,270/SA1,SA1,270,270,False,True,55,12.0,55,0,0,0,0,0,47,0,0,0,0,8,0,0,0,0,0,0,0,0,0,0,0,0,0,0,0
237,273->344/SA0,SA0,273,344,True,True,8,44.0,8,0,0,0,0,0,8,0,0,0,0,0,0,0,0,0,0,0,0,0,0,0,0,0,0,0,0
238,273/SA0,SA0,273,273,False,True,8,44.0,16,0,0,0,0,0,8,0,0,0,0,8,0,0,0,0,0,0,0,0,0,0,0,0,0,0,0
239,273/SA1,SA1,273,273,False,True,47,12.0,94,0,0,0,0,0,47,0,0,0,0,47,0,0,0,0,0,0,0,0,0,0,0,0,0,0,0
240,276/SA0,SA0,276,276,False,True,131,12.0,238,0,0,0,0,0,0,0,0,0,0,0,131,0,0,0,0,0,6,14,12,7,23,10,14,8,13
241,276/SA1,SA1,276,276,False,True,893,1.0,1653,0,0,0,0,0,0,0,0,0,0,0,893,0,0,0,0,0,38,49,52,44,194,87,95,102,99
242,279/SA0,SA0,279,279,False,True,656,4.0,1366,0,0,0,0,0,0,0,0,0,0,0,0,0,0,0,0,0,96,142,103,104,302,148,138,193,140
243,279/SA1,SA1,279,279,False,True,38,16.0,75,0,0,0,0,0,0,0,0,0,0,0,0,0,0,0,0,0,6,8,8,7,13,10,5,11,7
244,280->348/SA0,SA0,280,348,True,True,15,13.0,35,0,0,0,0,0,0,0,0,0,0,0,0,0,0,0,0,0,8,4,3,4,0,4,4,6,2
245,280->349/SA0,SA0,280,349,True,True,218,6.0,218,0,0,0,0,0,0,0,0,0,0,0,0,218,0,0,0,0,0,0,0,0,0,0,0,0,0
246,280->350/SA0,SA0,280,350,True,True,123,2.0,123,0,0,0,0,0,0,0,0,0,0,0,0,0,123,0,0,0,0,0,0,0,0,0,0,0,0
247,280/SA0,SA0,280,280,False,True,291,2.0,376,0,0,0,0,0,0,0,0,0,0,0,0,218,123,0,0,0,8,4,3,4,0,4,4,6,2
248,280/SA1,SA1,280,280,False,True,16,111.0,21,0,0,0,0,0,0,0,0,0,0,0,0,14,7,0,0,0,0,0,0,0,0,0,0,0,0
249,284/SA0,SA0,284,284,False,True,6,111.0,9,0,0,0,0,0,0,0,0,0,0,0,0,0,0,0,0,0,1,1,2,1,0,1,1,1,1
250,284/SA1,SA1,284,284,False,False,0,,0,0,0,0,0,0,0,0,0,0,0,0,0,0,0,0,0,0,0,0,0,0,0,0,0,0,0
251,285/SA0,SA0,285,285,False,True,50,16.0,50,0,0,0,0,0,0,0,0,0,0,0,0,50,0,0,0,0,0,0,0,0,0,0,0,0,0
252,285/SA1,SA1,285,285,False,True,14,111.0,14,0,0,0,0,0,0,0,0,0,0,0,0,14,0,0,0,0,0,0,0,0,0,0,0,0,0
253,286/SA0,SA0,286,286,False,True,57,16.0,57,0,0,0,0,0,0,0,0,0,0,0,0,0,57,0,0,0,0,0,0,0,0,0,0,0,0
254,286/SA1,SA1,286,286,False,True,7,251.0,7,0,0,0,0,0,0,0,0,0,0,0,0,0,7,0,0,0,0,0,0,0,0,0,0,0,0
255,287->432/SA1,SA1,287,432,True,True,14,15.0,31,0,0,0,0,0,0,0,0,0,0,0,0,0,0,0,0,0,0,0,0,0,9,5,7,6,4
256,287->437/SA1,SA1,287,437,True,True,17,28.0,35,0,0,0,0,0,0,0,0,0,0,0,0,0,0,0,0,0,4,10,6,7,3,3,1,0,1
257,287/SA0,SA0,287,287,False,True,6,57.0,10,0,0,0,0,0,0,0,0,0,0,0,0,0,0,0,0,0,1,2,1,1,2,2,0,1,0
258,287/SA1,SA1,287,287,False,True,24,15.0,62,0,0,0,0,0,0,0,0,0,0,0,0,0,0,0,0,0,4,10,6,7,11,6,7,6,5
259,29->273/SA1,SA1,29,273,True,True,5,155.0,10,0,0,0,0,0,5,0,0,0,0,5,0,0,0,0,0,0,0,0,0,0,0,0,0,0,0
260,29->285/SA1,SA1,29,285,True,True,14,22.0,14,0,0,0,0,0,0,0,0,0,0,0,0,14,0,0,0,0,0,0,0,0,0,0,0,0,0
261,29->287/SA1,SA1,29,287,True,True,3,28.0,9,0,0,0,0,0,0,0,0,0,0,0,0,0,0,0,0,0,1,1,2,1,2,0,0,1,1
262,29->290/SA1,SA1,29,290,True,True,124,2.0,124,124,0,0,0,0,0,0,0,0,0,0,0,0,0,0,0,0,0,0,0,0,0,0,0,0,0
263,29->291/SA1,SA1,29,291,True,True,120,8.0,120,0,120,0,0,0,0,0,0,0,0,0,0,0,0,0,0,0,0,0,0,0,0,0,0,0,0
264,29->292/SA1,SA1,29,292,True,True,131,4.0,131,0,0,131,0,0,0,0,0,0,0,0,0,0,0,0,0,0,0,0,0,0,0,0,0,0,0
265,29/SA0,SA0,29,29,False,True,255,3.0,414,122,129,123,0,0,8,0,0,0,0,8,0,14,0,0,0,0,1,2,1,1,2,2,0,1,0
266,29/SA1,SA1,29,29,False,True,262,2.0,408,124,120,131,0,0,5,0,0,0,0,5,0,14,0,0,0,0,1,1,2,1,2,0,0,1,1
267,290/SA0,SA0,290,290,False,True,122,3.0,122,122,0,0,0,0,0,0,0,0,0,0,0,0,0,0,0,0,0,0,0,0,0,0,0,0,0
268,290/SA1,SA1,290,290,False,True,902,1.0,902,902,0,0,0,0,0,0,0,0,0,0,0,0,0,0,0,0,0,0,0,0,0,0,0,0,0
269,291/SA0,SA0,291,291,False,True,129,6.0,129,0,129,0,0,0,0,0,0,0,0,0,0,0,0,0,0,0,0,0,0,0,0,0,0,0,0
270,291/SA1,SA1,291,291,False,True,895,1.0,895,0,895,0,0,0,0,0,0,0,0,0,0,0,0,0,0,0,0,0,0,0,0,0,0,0,0
271,292/SA0,SA0,292,292,False,True,123,3.0,123,0,0,123,0,0,0,0,0,0,0,0,0,0,0,0,0,0,0,0,0,0,0,0,0,0,0
272,292/SA1,SA1,292,292,False,True,901,1.0,901,0,0,901,0,0,0,0,0,0,0,0,0,0,0,0,0,0,0,0,0,0,0,0,0,0,0
273,293/SA0,SA0,293,293,False,True,134,2.0,134,0,0,0,0,0,0,134,0,0,0,0,0,0,0,0,0,0,0,0,0,0,0,0,0,0,0
274,293/SA1,SA1,293,293,False,True,890,1.0,890,0,0,0,0,0,0,890,0,0,0,0,0,0,0,0,0,0,0,0,0,0,0,0,0,0,0
275,294/SA0,SA0,294,294,False,True,6,181.0,16,0,0,0,0,0,0,0,0,0,0,0,0,0,0,0,0,0,2,3,0,2,1,3,1,2,2
276,295/SA0,SA0,295,295,False,True,127,6.0,127,0,0,0,0,0,0,0,127,0,0,0,0,0,0,0,0,0,0,0,0,0,0,0,0,0,0
277,295/SA1,SA1,295,295,False,True,897,1.0,897,0,0,0,0,0,0,0,897,0,0,0,0,0,0,0,0,0,0,0,0,0,0,0,0,0,0
278,296/SA0,SA0,296,296,False,True,133,3.0,133,0,0,0,0,0,0,0,0,133,0,0,0,0,0,0,0,0,0,0,0,0,0,0,0,0,0
279,296/SA1,SA1,296,296,False,True,891,1.0,891,0,0,0,0,0,0,0,0,891,0,0,0,0,0,0,0,0,0,0,0,0,0,0,0,0,0
280,297/SA0,SA0,297,297,False,True,244,5.0,244,0,0,0,244,0,0,0,0,0,0,0,0,0,0,0,0,0,0,0,0,0,0,0,0,0,0
281,297/SA1,SA1,297,297,False,True,780,1.0,780,0,0,0,780,0,0,0,0,0,0,0,0,0,0,0,0,0,0,0,0,0,0,0,0,0,0
282,298->355/SA1,SA1,298,355,True,True,139,1.0,139,0,0,0,0,0,0,0,0,0,0,0,0,0,0,139,0,0,0,0,0,0,0,0,0,0,0
283,298->356/SA1,SA1,298,356,True,True,132,6.0,132,0,0,0,0,0,0,0,0,0,132,0,0,0,0,0,0,0,0,0,0,0,0,0,0,0,0
284,298/SA0,SA0,298,298,False,True,568,3.0,770,0,0,0,0,0,0,0,0,0,370,0,0,0,0,400,0,0,0,0,0,0,0,0,0,0,0
285,298/SA1,SA1,298,298,False,True,209,1.0,271,0,0,0,0,0,0,0,0,0,132,0,0,0,0,139,0,0,0,0,0,0,0,0,0,0,0
286,301/SA0,SA0,301,301,False,True,513,3.0,513,0,0,0,0,0,0,0,0,0,0,0,0,0,0,0,513,0,0,0,0,0,0,0,0,0,0
287,301/SA1,SA1,301,301,False,True,249,2.0,249,0,0,0,0,0,0,0,0,0,0,0,0,0,0,0,249,0,0,0,0,0,0,0,0,0,0
288,302/SA1,SA1,302,302,False,True,262,1.0,262,0,0,0,0,0,0,0,0,0,0,0,0,0,0,0,262,0,0,0,0,0,0,0,0,0,0
289,303/SA0,SA0,303,303,False,True,502,2.0,502,0,0,0,0,0,0,0,0,0,0,0,0,0,0,0,502,0,0,0,0,0,0,0,0,0,0
290,303/SA1,SA1,303,303,False,True,232,1.0,232,0,0,0,0,0,0,0,0,0,0,0,0,0,0,0,232,0,0,0,0,0,0,0,0,0,0
291,304/SA1,SA1,304,304,False,True,290,6.0,290,0,0,0,0,0,0,0,0,0,0,0,0,0,0,0,290,0,0,0,0,0,0,0,0,0,0
292,305/SA0,SA0,305,305,False,True,527,3.0,527,0,0,0,0,0,0,0,0,0,0,0,0,0,0,0,527,0,0,0,0,0,0,0,0,0,0
293,305/SA1,SA1,305,305,False,True,237,1.0,237,0,0,0,0,0,0,0,0,0,0,0,0,0,0,0,237,0,0,0,0,0,0,0,0,0,0
294,306/SA1,SA1,306,306,False,True,260,6.0,260,0,0,0,0,0,0,0,0,0,0,0,0,0,0,0,260,0,0,0,0,0,0,0,0,0,0
295,307/SA0,SA0,307,307,False,True,529,2.0,529,0,0,0,0,0,0,0,0,0,0,0,0,0,0,0,529,0,0,0,0,0,0,0,0,0,0
296,307/SA1,SA1,307,307,False,True,248,5.0,248,0,0,0,0,0,0,0,0,0,0,0,0,0,0,0,248,0,0,0,0,0,0,0,0,0,0
297,308/SA1,SA1,308,308,False,True,247,1.0,247,0,0,0,0,0,0,0,0,0,0,0,0,0,0,0,247,0,0,0,0,0,0,0,0,0,0
298,309/SA0,SA0,309,309,False,True,186,1.0,226,0,0,0,0,0,0,0,0,0,0,0,0,0,0,0,0,0,0,0,0,0,132,0,94,0,0
299,309/SA1,SA1,309,309,False,True,584,3.0,696,0,0,0,0,0,0,0,0,0,0,0,0,0,0,0,0,0,0,0,0,0,378,0,318,0,0
300,310->476/SA1,SA1,310,476,True,True,4,145.0,4,0,0,0,0,0,0,0,0,0,0,0,0,0,0,0,0,0,0,0,0,0,1,0,3,0,0
301,310->478/SA1,SA1,310,478,True,True,1,33.0,1,0,0,0,0,0,0,0,0,0,0,0,0,0,0,0,0,0,0,0,0,0,1,0,0,0,0
302,310->480/SA1,SA1,310,480,True,True,1,33.0,2,0,0,0,0,0,0,0,0,0,0,0,0,0,0,0,0,0,0,0,0,0,1,0,0,1,0
303,310->482/SA1,SA1,310,482,True,True,1,145.0,2,0,0,0,0,0,0,0,0,0,0,0,0,0,0,0,0,0,0,0,0,0,1,1,0,0,0
304,316/SA0,SA0,316,316,False,True,153,1.0,183,0,0,0,0,0,0,0,0,0,0,0,0,0,0,0,0,0,0,0,0,0,63,0,14,106,0
305,316/SA1,SA1,316,316,False,True,501,3.0,596,0,0,0,0,0,0,0,0,0,0,0,0,0,0,0,0,0,0,0,0,0,180,0,75,341,0
306,317/SA0,SA0,317,317,False,True,138,9.0,164,0,0,0,0,0,0,0,0,0,0,0,0,0,0,0,0,0,0,0,0,0,38,0,13,22,91
307,317/SA1,SA1,317,317,False,True,445,2.0,518,0,0,0,0,0,0,0,0,0,0,0,0,0,0,0,0,0,0,0,0,0,84,0,38,80,316
308,318/SA1,SA1,318,318,False,True,437,3.0,534,0,0,0,0,0,0,0,0,0,0,0,0,0,0,0,0,0,0,0,0,0,52,314,22,47,99
309,319->427/SA1,SA1,319,427,True,True,12,28.0,20,0,0,0,0,0,0,0,0,0,0,0,0,0,0,0,0,0,0,0,0,0,8,2,4,3,3
310,319->443/SA1,SA1,319,443,True,True,4,28.0,10,0,0,0,0,0,0,0,0,0,0,0,0,0,0,0,0,0,2,2,3,1,0,1,0,1,0
311,319/SA0,SA0,319,319,False,True,36,15.0,72,0,0,0,0,0,0,0,0,0,0,0,0,0,0,0,0,0,3,9,9,4,13,5,11,5,13
312,319/SA1,SA1,319,319,False,True,13,28.0,30,0,0,0,0,0,0,0,0,0,0,0,0,0,0,0,0,0,2,2,3,1,8,3,4,4,3
313,322/SA0,SA0,322,322,False,True,7,20.0,18,0,0,0,0,0,0,0,0,0,0,0,0,0,0,0,0,0,5,2,2,2,3,0,2,2,0
314,322/SA1,SA1,322,322,False,True,11,62.0,22,0,0,0,0,0,0,0,0,0,0,0,0,0,0,0,0,0,1,2,2,2,7,3,3,2,0
315,323/SA0,SA0,323,323,False,True,5,28.0,10,0,0,0,0,0,0,0,0,0,0,0,0,0,0,0,0,0,1,1,0,1,3,0,0,3,1
316,324/SA0,SA0,324,324,False,True,537,1.0,537,0,0,0,0,0,0,0,0,0,0,0,0,0,0,0,0,537,0,0,0,0,0,0,0,0,0
317,324/SA1,SA1,324,324,False,True,221,4.0,221,0,0,0,0,0,0,0,0,0,0,0,0,0,0,0,0,221,0,0,0,0,0,0,0,0,0
318,325/SA1,SA1,325,325,False,True,266,2.0,266,0,0,0,0,0,0,0,0,0,0,0,0,0,0,0,0,266,0,0,0,0,0,0,0,0,0
319,326/SA0,SA0,326,326,False,True,491,1.0,491,0,0,0,0,0,0,0,0,0,0,0,0,0,0,0,0,491,0,0,0,0,0,0,0,0,0
320,326/SA1,SA1,326,326,False,True,278,3.0,278,0,0,0,0,0,0,0,0,0,0,0,0,0,0,0,0,278,0,0,0,0,0,0,0,0,0
321,327/SA1,SA1,327,327,False,True,255,4.0,255,0,0,0,0,0,0,0,0,0,0,0,0,0,0,0,0,255,0,0,0,0,0,0,0,0,0
322,328/SA0,SA0,328,328,False,True,510,3.0,510,0,0,0,0,0,0,0,0,0,0,0,0,0,0,0,0,510,0,0,0,0,0,0,0,0,0
323,328/SA1,SA1,328,328,False,True,277,9.0,277,0,0,0,0,0,0,0,0,0,0,0,0,0,0,0,0,277,0,0,0,0,0,0,0,0,0
324,329/SA1,SA1,329,329,False,True,237,1.0,237,0,0,0,0,0,0,0,0,0,0,0,0,0,0,0,0,237,0,0,0,0,0,0,0,0,0
325,330/SA0,SA0,330,330,False,True,504,4.0,504,0,0,0,0,0,0,0,0,0,0,0,0,0,0,0,0,504,0,0,0,0,0,0,0,0,0
326,330/SA1,SA1,330,330,False,True,273,1.0,273,0,0,0,0,0,0,0,0,0,0,0,0,0,0,0,0,273,0,0,0,0,0,0,0,0,0
327,331/SA1,SA1,331,331,False,True,247,3.0,247,0,0,0,0,0,0,0,0,0,0,0,0,0,0,0,0,247,0,0,0,0,0,0,0,0,0
328,332/SA0,SA0,332,332,False,True,116,11.0,116,0,0,0,0,0,0,0,0,0,0,0,0,0,0,0,0,0,0,0,0,0,0,0,0,116,0
329,332/SA1,SA1,332,332,False,True,401,3.0,401,0,0,0,0,0,0,0,0,0,0,0,0,0,0,0,0,0,0,0,0,0,0,0,0,401,0
330,333/SA0,SA0,333,333,False,True,130,4.0,130,0,0,0,0,0,0,0,0,0,0,0,0,0,0,0,0,0,0,0,0,0,0,0,0,0,130
331,333/SA1,SA1,333,333,False,True,373,6.0,373,0,0,0,0,0,0,0,0,0,0,0,0,0,0,0,0,0,0,0,0,0,0,0,0,0,373
332,334/SA0,SA0,334,334,False,True,103,4.0,103,0,0,0,0,0,0,0,0,0,0,0,0,0,0,0,0,0,0,0,0,0,0,103,0,0,0
333,334/SA1,SA1,334,334,False,True,378,6.0,378,0,0,0,0,0,0,0,0,0,0,0,0,0,0,0,0,0,0,0,0,0,0,378,0,0,0
334,335/SA0,SA0,335,335,False,True,113,5.0,113,0,0,0,0,0,0,0,0,0,0,0,0,0,0,0,0,0,0,113,0,0,0,0,0,0,0
335,335/SA1,SA1,335,335,False,True,375,7.0,375,0,0,0,0,0,0,0,0,0,0,0,0,0,0,0,0,0,0,375,0,0,0,0,0,0,0
336,336/SA0,SA0,336,336,False,True,85,11.0,85,0,0,0,0,0,0,0,0,0,0,0,0,0,0,0,0,0,0,0,85,0,0,0,0,0,0
337,336/SA1,SA1,336,336,False,True,279,6.0,279,0,0,0,0,0,0,0,0,0,0,0,0,0,0,0,0,0,0,0,279,0,0,0,0,0,0
338,338/SA0,SA0,338,338,False,True,90,4.0,90,0,0,0,0,0,0,0,0,0,0,0,0,0,0,0,0,0,0,0,0,90,0,0,0,0,0
339,338/SA1,SA1,338,338,False,True,273,12.0,273,0,0,0,0,0,0,0,0,0,0,0,0,0,0,0,0,0,0,0,0,273,0,0,0,0,0
340,340/SA0,SA0,340,340,False,True,82,18.0,82,0,0,0,0,0,0,0,0,0,0,0,0,0,0,0,0,0,82,0,0,0,0,0,0,0,0
341,340/SA1,SA1,340,340,False,True,281,1.0,281,0,0,0,0,0,0,0,0,0,0,0,0,0,0,0,0,0,281,0,0,0,0,0,0,0,0
342,343/SA0,SA0,343,343,False,True,47,12.0,47,0,0,0,0,0,0,0,0,0,0,47,0,0,0,0,0,0,0,0,0,0,0,0,0,0,0
343,343/SA1,SA1,343,343,False,True,8,44.0,8,0,0,0,0,0,0,0,0,0,0,8,0,0,0,0,0,0,0,0,0,0,0,0,0,0,0
344,344/SA0,SA0,344,344,False,True,977,1.0,977,0,0,0,0,0,977,0,0,0,0,0,0,0,0,0,0,0,0,0,0,0,0,0,0,0,0
345,344/SA1,SA1,344,344,False,True,47,12.0,47,0,0,0,0,0,47,0,0,0,0,0,0,0,0,0,0,0,0,0,0,0,0,0,0,0,0
346,345/SA0,SA0,345,345,False,True,373,2.0,760,0,0,0,0,0,0,0,0,0,0,0,0,0,0,0,0,0,38,49,52,44,194,87,95,102,99
347,345/SA1,SA1,345,345,False,True,53,15.0,107,0,0,0,0,0,0,0,0,0,0,0,0,0,0,0,0,0,6,14,12,7,23,10,14,8,13
348,346/SA0,SA0,346,346,False,True,893,1.0,893,0,0,0,0,0,0,0,0,0,0,0,893,0,0,0,0,0,0,0,0,0,0,0,0,0,0
349,346/SA1,SA1,346,346,False,True,131,12.0,131,0,0,0,0,0,0,0,0,0,0,0,131,0,0,0,0,0,0,0,0,0,0,0,0,0,0
350,348/SA1,SA1,348,348,False,True,178,7.0,359,0,0,0,0,0,0,0,0,0,0,0,0,0,0,0,0,0,49,51,35,37,0,62,39,41,45
351,349/SA0,SA0,349,349,False,True,1010,1.0,1010,0,0,0,0,0,0,0,0,0,0,0,0,1010,0,0,0,0,0,0,0,0,0,0,0,0,0
352,350/SA0,SA0,350,350,False,True,1017,1.0,1017,0,0,0,0,0,0,0,0,0,0,0,0,0,1017,0,0,0,0,0,0,0,0,0,0,0,0
353,355/SA0,SA0,355,355,False,True,624,1.0,624,0,0,0,0,0,0,0,0,0,0,0,0,0,0,624,0,0,0,0,0,0,0,0,0,0,0
354,355/SA1,SA1,355,355,False,True,400,3.0,400,0,0,0,0,0,0,0,0,0,0,0,0,0,0,400,0,0,0,0,0,0,0,0,0,0,0
355,356/SA0,SA0,356,356,False,True,370,5.0,370,0,0,0,0,0,0,0,0,0,370,0,0,0,0,0,0,0,0,0,0,0,0,0,0,0,0
356,356/SA1,SA1,356,356,False,True,654,1.0,654,0,0,0,0,0,0,0,0,0,654,0,0,0,0,0,0,0,0,0,0,0,0,0,0,0,0
357,357->406/SA1,SA1,357,406,True,True,256,3.0,256,0,0,0,0,0,0,0,0,0,0,0,0,0,0,0,256,0,0,0,0,0,0,0,0,0,0
358,357/SA0,SA0,357,357,False,True,511,1.0,511,0,0,0,0,0,0,0,0,0,0,0,0,0,0,0,511,0,0,0,0,0,0,0,0,0,0
359,36->273/SA1,SA1,36,273,True,True,7,53.0,14,0,0,0,0,0,7,0,0,0,0,7,0,0,0,0,0,0,0,0,0,0,0,0,0,0,0
360,36->291/SA1,SA1,36,291,True,True,146,14.0,146,0,146,0,0,0,0,0,0,0,0,0,0,0,0,0,0,0,0,0,0,0,0,0,0,0,0
361,36->292/SA1,SA1,36,292,True,True,130,14.0,130,0,0,130,0,0,0,0,0,0,0,0,0,0,0,0,0,0,0,0,0,0,0,0,0,0,0
362,36->295/SA1,SA1,36,295,True,True,140,2.0,140,0,0,0,0,0,0,0,140,0,0,0,0,0,0,0,0,0,0,0,0,0,0,0,0,0,0
363,36->296/SA1,SA1,36,296,True,True,128,2.0,128,0,0,0,0,0,0,0,0,128,0,0,0,0,0,0,0,0,0,0,0,0,0,0,0,0,0
364,36/SA0,SA0,36,36,False,True,281,3.0,528,0,129,123,0,0,8,0,127,133,0,8,0,0,0,0,0,0,0,0,0,0,0,0,0,0,0
365,36/SA1,SA1,36,36,False,True,300,2.0,558,0,146,130,0,0,7,0,140,128,0,7,0,0,0,0,0,0,0,0,0,0,0,0,0,0,0
366,360->406/SA1,SA1,360,406,True,True,245,2.0,245,0,0,0,0,0,0,0,0,0,0,0,0,0,0,0,245,0,0,0,0,0,0,0,0,0,0
367,360/SA0,SA0,360,360,False,True,522,1.0,522,0,0,0,0,0,0,0,0,0,0,0,0,0,0,0,522,0,0,0,0,0,0,0,0,0,0
368,363->409/SA1,SA1,363,409,True,True,259,4.0,259,0,0,0,0,0,0,0,0,0,0,0,0,0,0,0,259,0,0,0,0,0,0,0,0,0,0
369,363/SA0,SA0,363,363,False,True,497,1.0,497,0,0,0,0,0,0,0,0,0,0,0,0,0,0,0,497,0,0,0,0,0,0,0,0,0,0
370,366->409/SA1,SA1,366,409,True,True,261,2.0,261,0,0,0,0,0,0,0,0,0,0,0,0,0,0,0,261,0,0,0,0,0,0,0,0,0,0
371,366/SA0,SA0,366,366,False,True,495,1.0,495,0,0,0,0,0,0,0,0,0,0,0,0,0,0,0,495,0,0,0,0,0,0,0,0,0,0
372,369->417/SA1,SA1,369,417,True,True,114,9.0,114,0,0,0,0,0,0,0,0,0,0,0,0,0,0,0,0,0,0,0,0,0,0,0,114,0,0
373,369->488/SA0,SA0,369,488,True,True,2,146.0,2,0,0,0,0,0,0,0,0,0,0,0,0,0,0,0,0,0,0,2,0,0,0,0,0,0,0
374,369->489/SA0,SA0,369,489,True,False,0,,0,0,0,0,0,0,0,0,0,0,0,0,0,0,0,0,0,0,0,0,0,0,0,0,0,0,0
375,369->490/SA0,SA0,369,490,True,False,0,,0,0,0,0,0,0,0,0,0,0,0,0,0,0,0,0,0,0,0,0,0,0,0,0,0,0,0
376,369->491/SA0,SA0,369,491,True,True,1,33.0,1,0,0,0,0,0,0,0,0,0,0,0,0,0,0,0,0,0,1,0,0,0,0,0,0,0,0
377,369/SA0,SA0,369,369,False,True,121,1.0,121,0,0,0,0,0,0,0,0,0,0,0,0,0,0,0,0,0,1,2,0,0,0,0,118,0,0
378,369/SA1,SA1,369,369,False,True,118,9.0,121,0,0,0,0,0,0,0,0,0,0,0,0,0,0,0,0,0,1,2,1,1,0,1,114,1,0
379,375/SA1,SA1,375,375,False,True,12,20.0,28,0,0,0,0,0,0,0,0,0,0,0,0,0,0,0,0,0,6,3,2,3,6,0,2,5,1
380,376->413/SA1,SA1,376,413,True,True,279,3.0,279,0,0,0,0,0,0,0,0,0,0,0,0,0,0,0,0,279,0,0,0,0,0,0,0,0,0
381,376/SA0,SA0,376,376,False,True,487,2.0,487,0,0,0,0,0,0,0,0,0,0,0,0,0,0,0,0,487,0,0,0,0,0,0,0,0,0
382,379->413/SA1,SA1,379,413,True,True,233,2.0,233,0,0,0,0,0,0,0,0,0,0,0,0,0,0,0,0,233,0,0,0,0,0,0,0,0,0
383,379/SA0,SA0,379,379,False,True,533,3.0,533,0,0,0,0,0,0,0,0,0,0,0,0,0,0,0,0,533,0,0,0,0,0,0,0,0,0
384,382->416/SA1,SA1,382,416,True,True,270,3.0,270,0,0,0,0,0,0,0,0,0,0,0,0,0,0,0,0,270,0,0,0,0,0,0,0,0,0
385,382/SA0,SA0,382,382,False,True,514,1.0,514,0,0,0,0,0,0,0,0,0,0,0,0,0,0,0,0,514,0,0,0,0,0,0,0,0,0
386,385->416/SA1,SA1,385,416,True,True,264,6.0,264,0,0,0,0,0,0,0,0,0,0,0,0,0,0,0,0,264,0,0,0,0,0,0,0,0,0
387,385/SA0,SA0,385,385,False,True,520,1.0,520,0,0,0,0,0,0,0,0,0,0,0,0,0,0,0,0,520,0,0,0,0,0,0,0,0,0
388,388/SA0,SA0,388,388,False,False,0,,0,0,0,0,0,0,0,0,0,0,0,0,0,0,0,0,0,0,0,0,0,0,0,0,0,0,0
389,388/SA1,SA1,388,388,False,False,0,,0,0,0,0,0,0,0,0,0,0,0,0,0,0,0,0,0,0,0,0,0,0,0,0,0,0,0
390,389/SA0,SA0,389,389,False,False,0,,0,0,0,0,0,0,0,0,0,0,0,0,0,0,0,0,0,0,0,0,0,0,0,0,0,0,0
391,389/SA1,SA1,389,389,False,False,0,,0,0,0,0,0,0,0,0,0,0,0,0,0,0,0,0,0,0,0,0,0,0,0,0,0,0,0
392,390/SA0,SA0,390,390,False,False,0,,0,0,0,0,0,0,0,0,0,0,0,0,0,0,0,0,0,0,0,0,0,0,0,0,0,0,0
393,390/SA1,SA1,390,390,False,False,0,,0,0,0,0,0,0,0,0,0,0,0,0,0,0,0,0,0,0,0,0,0,0,0,0,0,0,0
394,391/SA0,SA0,391,391,False,False,0,,0,0,0,0,0,0,0,0,0,0,0,0,0,0,0,0,0,0,0,0,0,0,0,0,0,0,0
395,391/SA1,SA1,391,391,False,False,0,,0,0,0,0,0,0,0,0,0,0,0,0,0,0,0,0,0,0,0,0,0,0,0,0,0,0,0
396,392/SA0,SA0,392,392,False,True,1016,1.0,1016,0,0,0,0,0,0,0,0,0,0,1016,0,0,0,0,0,0,0,0,0,0,0,0,0,0,0
397,393->427/SA1,SA1,393,427,True,True,224,2.0,397,0,0,0,0,0,0,0,0,0,0,0,0,0,0,0,0,0,0,0,0,0,133,53,67,72,72
398,393->432/SA1,SA1,393,432,True,True,18,76.0,46,0,0,0,0,0,0,0,0,0,0,0,0,0,0,0,0,0,0,0,0,0,14,8,9,9,6
399,393->437/SA1,SA1,393,437,True,True,22,6.0,46,0,0,0,0,0,0,0,0,0,0,0,0,0,0,0,0,0,7,9,10,8,2,3,0,3,4
400,393->442/SA1,SA1,393,442,True,True,89,10.0,181,0,0,0,0,0,0,0,0,0,0,0,0,0,0,0,0,0,10,19,15,12,44,15,20,23,23
401,393->443/SA1,SA1,393,443,True,True,79,49.0,136,0,0,0,0,0,0,0,0,0,0,0,0,0,0,0,0,0,21,24,29,25,5,16,4,5,7
402,400/SA1,SA1,400,400,False,True,393,1.0,847,0,0,0,0,0,0,0,0,0,0,0,0,0,0,0,0,0,99,115,87,89,0,131,110,105,111
403,404/SA0,SA0,404,404,False,True,257,11.0,257,0,0,0,0,0,0,0,0,0,0,0,0,0,0,0,257,0,0,0,0,0,0,0,0,0,0
404,404/SA1,SA1,404,404,False,True,245,2.0,245,0,0,0,0,0,0,0,0,0,0,0,0,0,0,0,245,0,0,0,0,0,0,0,0,0,0
405,405/SA1,SA1,405,405,False,True,256,3.0,256,0,0,0,0,0,0,0,0,0,0,0,0,0,0,0,256,0,0,0,0,0,0,0,0,0,0
406,406/SA0,SA0,406,406,False,True,266,1.0,266,0,0,0,0,0,0,0,0,0,0,0,0,0,0,0,266,0,0,0,0,0,0,0,0,0,0
407,406/SA1,SA1,406,406,False,True,501,2.0,501,0,0,0,0,0,0,0,0,0,0,0,0,0,0,0,501,0,0,0,0,0,0,0,0,0,0
408,407/SA0,SA0,407,407,False,True,268,3.0,268,0,0,0,0,0,0,0,0,0,0,0,0,0,0,0,268,0,0,0,0,0,0,0,0,0,0
409,407/SA1,SA1,407,407,False,True,261,2.0,261,0,0,0,0,0,0,0,0,0,0,0,0,0,0,0,261,0,0,0,0,0,0,0,0,0,0
410,408/SA1,SA1,408,408,False,True,259,4.0,259,0,0,0,0,0,0,0,0,0,0,0,0,0,0,0,259,0,0,0,0,0,0,0,0,0,0
411,409/SA0,SA0,409,409,False,True,236,1.0,236,0,0,0,0,0,0,0,0,0,0,0,0,0,0,0,236,0,0,0,0,0,0,0,0,0,0
412,409/SA1,SA1,409,409,False,True,520,2.0,520,0,0,0,0,0,0,0,0,0,0,0,0,0,0,0,520,0,0,0,0,0,0,0,0,0,0
413,410/SA0,SA0,410,410,False,True,751,2.0,1566,0,0,0,0,0,0,0,0,0,0,0,0,0,0,0,0,0,113,168,114,119,350,165,157,214,166
414,411/SA0,SA0,411,411,False,True,258,1.0,258,0,0,0,0,0,0,0,0,0,0,0,0,0,0,0,0,258,0,0,0,0,0,0,0,0,0
415,411/SA1,SA1,411,411,False,True,233,2.0,233,0,0,0,0,0,0,0,0,0,0,0,0,0,0,0,0,233,0,0,0,0,0,0,0,0,0
416,412/SA1,SA1,412,412,False,True,279,3.0,279,0,0,0,0,0,0,0,0,0,0,0,0,0,0,0,0,279,0,0,0,0,0,0,0,0,0
417,413/SA0,SA0,413,413,False,True,254,4.0,254,0,0,0,0,0,0,0,0,0,0,0,0,0,0,0,0,254,0,0,0,0,0,0,0,0,0
418,413/SA1,SA1,413,413,False,True,512,2.0,512,0,0,0,0,0,0,0,0,0,0,0,0,0,0,0,0,512,0,0,0,0,0,0,0,0,0
419,414/SA0,SA0,414,414,False,True,240,4.0,240,0,0,0,0,0,0,0,0,0,0,0,0,0,0,0,0,240,0,0,0,0,0,0,0,0,0
420,414/SA1,SA1,414,414,False,True,264,6.0,264,0,0,0,0,0,0,0,0,0,0,0,0,0,0,0,0,264,0,0,0,0,0,0,0,0,0
421,415/SA1,SA1,415,415,False,True,270,3.0,270,0,0,0,0,0,0,0,0,0,0,0,0,0,0,0,0,270,0,0,0,0,0,0,0,0,0
422,416/SA0,SA0,416,416,False,True,250,1.0,250,0,0,0,0,0,0,0,0,0,0,0,0,0,0,0,0,250,0,0,0,0,0,0,0,0,0
423,416/SA1,SA1,416,416,False,True,534,3.0,534,0,0,0,0,0,0,0,0,0,0,0,0,0,0,0,0,534,0,0,0,0,0,0,0,0,0
424,417/SA0,SA0,417,417,False,True,118,1.0,118,0,0,0,0,0,0,0,0,0,0,0,0,0,0,0,0,0,0,0,0,0,0,0,118,0,0
425,417/SA1,SA1,417,417,False,True,374,7.0,374,0,0,0,0,0,0,0,0,0,0,0,0,0,0,0,0,0,0,0,0,0,0,0,374,0,0
426,418/SA0,SA0,418,418,False,False,0,,0,0,0,0,0,0,0,0,0,0,0,0,0,0,0,0,0,0,0,0,0,0,0,0,0,0,0
427,418/SA1,SA1,418,418,False,False,0,,0,0,0,0,0,0,0,0,0,0,0,0,0,0,0,0,0,0,0,0,0,0,0,0,0,0,0
428,419/SA0,SA0,419,419,False,False,0,,0,0,0,0,0,0,0,0,0,0,0,0,0,0,0,0,0,0,0,0,0,0,0,0,0,0,0
429,419/SA1,SA1,419,419,False,False,0,,0,0,0,0,0,0,0,0,0,0,0,0,0,0,0,0,0,0,0,0,0,0,0,0,0,0,0
430,42->273/SA1,SA1,42,273,True,True,8,33.0,16,0,0,0,0,0,8,0,0,0,0,8,0,0,0,0,0,0,0,0,0,0,0,0,0,0,0
431,42->284/SA1,SA1,42,284,True,True,1,481.0,1,0,0,0,0,0,0,0,0,0,0,0,0,0,0,0,0,0,0,0,0,0,0,0,0,0,1
432,42->290/SA1,SA1,42,290,True,True,136,6.0,136,136,0,0,0,0,0,0,0,0,0,0,0,0,0,0,0,0,0,0,0,0,0,0,0,0,0
433,42->292/SA1,SA1,42,292,True,True,121,6.0,121,0,0,121,0,0,0,0,0,0,0,0,0,0,0,0,0,0,0,0,0,0,0,0,0,0,0
434,42->294/SA1,SA1,42,294,True,True,5,49.0,12,0,0,0,0,0,0,0,0,0,0,0,0,0,0,0,0,0,1,2,0,1,2,2,0,2,2
435,42->296/SA1,SA1,42,296,True,True,126,6.0,126,0,0,0,0,0,0,0,0,126,0,0,0,0,0,0,0,0,0,0,0,0,0,0,0,0,0
436,42->322/SA0,SA0,42,322,True,True,9,62.0,15,0,0,0,0,0,0,0,0,0,0,0,0,0,0,0,0,0,1,1,1,1,5,2,2,2,0
437,42->323/SA1,SA1,42,323,True,True,2,395.0,7,0,0,0,0,0,0,0,0,0,0,0,0,0,0,0,0,0,0,1,1,1,2,1,1,0,0
438,42/SA0,SA0,42,42,False,True,260,3.0,430,122,0,123,0,0,8,0,0,133,0,8,0,0,0,0,0,0,4,4,1,3,8,5,3,6,2
439,42/SA1,SA1,42,42,False,True,254,6.0,437,136,0,121,0,0,8,0,0,126,0,8,0,0,0,0,0,0,6,5,3,4,7,3,3,4,3
440,420/SA0,SA0,420,420,False,False,0,,0,0,0,0,0,0,0,0,0,0,0,0,0,0,0,0,0,0,0,0,0,0,0,0,0,0,0
441,420/SA1,SA1,420,420,False,False,0,,0,0,0,0,0,0,0,0,0,0,0,0,0,0,0,0,0,0,0,0,0,0,0,0,0,0,0
442,421/SA0,SA0,421,421,False,False,0,,0,0,0,0,0,0,0,0,0,0,0,0,0,0,0,0,0,0,0,0,0,0,0,0,0,0,0
443,421/SA1,SA1,421,421,False,False,0,,0,0,0,0,0,0,0,0,0,0,0,0,0,0,0,0,0,0,0,0,0,0,0,0,0,0,0
444,422/SA0,SA0,422,422,False,False,0,,0,0,0,0,0,0,0,0,0,0,0,0,0,0,0,0,0,0,0,0,0,0,0,0,0,0,0
445,422/SA1,SA1,422,422,False,False,0,,0,0,0,0,0,0,0,0,0,0,0,0,0,0,0,0,0,0,0,0,0,0,0,0,0,0,0
446,423/SA0,SA0,423,423,False,False,0,,0,0,0,0,0,0,0,0,0,0,0,0,0,0,0,0,0,0,0,0,0,0,0,0,0,0,0
447,423/SA1,SA1,423,423,False,False,0,,0,0,0,0,0,0,0,0,0,0,0,0,0,0,0,0,0,0,0,0,0,0,0,0,0,0,0
448,427->475/SA1,SA1,427,475,True,True,295,3.0,352,0,0,0,0,0,0,0,0,0,0,0,0,0,0,0,0,0,0,0,0,0,189,0,163,0,0
449,427->477/SA1,SA1,427,477,True,True,252,5.0,304,0,0,0,0,0,0,0,0,0,0,0,0,0,0,0,0,0,0,0,0,0,97,0,37,170,0
450,427->479/SA1,SA1,427,479,True,True,225,2.0,262,0,0,0,0,0,0,0,0,0,0,0,0,0,0,0,0,0,0,0,0,0,41,0,18,38,165
451,427->481/SA1,SA1,427,481,True,True,209,6.0,256,0,0,0,0,0,0,0,0,0,0,0,0,0,0,0,0,0,0,0,0,0,22,149,11,25,49
452,427/SA0,SA0,427,427,False,True,27,44.0,45,0,0,0,0,0,0,0,0,0,0,0,0,0,0,0,0,0,0,0,0,0,11,7,10,5,12
453,427/SA1,SA1,427,427,False,True,592,2.0,1052,0,0,0,0,0,0,0,0,0,0,0,0,0,0,0,0,0,0,0,0,0,348,149,181,191,183
454,432->476/SA1,SA1,432,476,True,True,297,3.0,356,0,0,0,0,0,0,0,0,0,0,0,0,0,0,0,0,0,0,0,0,0,165,0,191,0,0
455,432->478/SA1,SA1,432,478,True,True,255,3.0,309,0,0,0,0,0,0,0,0,0,0,0,0,0,0,0,0,0,0,0,0,0,87,0,49,173,0
456,432->480/SA1,SA1,432,480,True,True,221,2.0,258,0,0,0,0,0,0,0,0,0,0,0,0,0,0,0,0,0,0,0,0,0,41,0,28,36,153
457,432->482/SA1,SA1,432,482,True,True,212,3.0,262,0,0,0,0,0,0,0,0,0,0,0,0,0,0,0,0,0,0,0,0,0,22,158,15,22,45
458,432/SA0,SA0,432,432,False,True,2,128.0,3,0,0,0,0,0,0,0,0,0,0,0,0,0,0,0,0,0,0,0,0,0,2,1,0,0,0
459,432/SA1,SA1,432,432,False,True,389,2.0,939,0,0,0,0,0,0,0,0,0,0,0,0,0,0,0,0,0,0,0,0,0,310,158,168,157,146
460,437->488/SA0,SA0,437,488,True,True,189,5.0,235,0,0,0,0,0,0,0,0,0,0,0,0,0,0,0,0,0,0,143,0,0,9,40,6,12,25
461,437->489/SA0,SA0,437,489,True,True,157,2.0,181,0,0,0,0,0,0,0,0,0,0,0,0,0,0,0,0,0,0,30,111,0,7,19,1,5,8
462,437->490/SA0,SA0,437,490,True,True,155,16.0,196,0,0,0,0,0,0,0,0,0,0,0,0,0,0,0,0,0,0,25,36,107,2,13,4,4,5
463,437->491/SA0,SA0,437,491,True,True,128,3.0,155,0,0,0,0,0,0,0,0,0,0,0,0,0,0,0,0,0,92,12,15,24,1,7,1,1,2
464,437/SA0,SA0,437,437,False,True,302,2.0,583,0,0,0,0,0,0,0,0,0,0,0,0,0,0,0,0,0,92,130,105,99,17,68,11,21,40
465,437/SA1,SA1,437,437,False,True,4,57.0,7,0,0,0,0,0,0,0,0,0,0,0,0,0,0,0,0,0,1,2,1,1,0,1,0,1,0
466,443/SA0,SA0,443,443,False,True,276,11.0,453,0,0,0,0,0,0,0,0,0,0,0,0,0,0,0,0,0,64,110,88,87,16,45,5,14,24
467,443/SA1,SA1,443,443,False,True,18,15.0,36,0,0,0,0,0,0,0,0,0,0,0,0,0,0,0,0,0,3,9,9,4,2,3,1,2,3
468,446/SA0,SA0,446,446,False,False,0,,0,0,0,0,0,0,0,0,0,0,0,0,0,0,0,0,0,0,0,0,0,0,0,0,0,0,0
469,446/SA1,SA1,446,446,False,False,0,,0,0,0,0,0,0,0,0,0,0,0,0,0,0,0,0,0,0,0,0,0,0,0,0,0,0,0
470,447/SA0,SA0,447,447,False,False,0,,0,0,0,0,0,0,0,0,0,0,0,0,0,0,0,0,0,0,0,0,0,0,0,0,0,0,0
471,447/SA1,SA1,447,447,False,False,0,,0,0,0,0,0,0,0,0,0,0,0,0,0,0,0,0,0,0,0,0,0,0,0,0,0,0,0
472,448/SA0,SA0,448,448,False,False,0,,0,0,0,0,0,0,0,0,0,0,0,0,0,0,0,0,0,0,0,0,0,0,0,0,0,0,0
473,448/SA1,SA1,448,448,False,False,0,,0,0,0,0,0,0,0,0,0,0,0,0,0,0,0,0,0,0,0,0,0,0,0,0,0,0,0
474,449/SA0,SA0,449,449,False,False,0,,0,0,0,0,0,0,0,0,0,0,0,0,0,0,0,0,0,0,0,0,0,0,0,0,0,0,0
475,449/SA1,SA1,449,449,False,False,0,,0,0,0,0,0,0,0,0,0,0,0,0,0,0,0,0,0,0,0,0,0,0,0,0,0,0,0
476,450/SA0,SA0,450,450,False,False,0,,0,0,0,0,0,0,0,0,0,0,0,0,0,0,0,0,0,0,0,0,0,0,0,0,0,0,0
477,450/SA1,SA1,450,450,False,False,0,,0,0,0,0,0,0,0,0,0,0,0,0,0,0,0,0,0,0,0,0,0,0,0,0,0,0,0
478,451->522/SA1,SA1,451,522,True,True,110,7.0,110,0,0,0,0,0,0,0,0,0,0,0,0,0,0,0,0,0,0,0,0,0,0,0,110,0,0
479,451->523/SA1,SA1,451,523,True,True,105,9.0,105,0,0,0,0,0,0,0,0,0,0,0,0,0,0,0,0,0,0,0,0,0,0,0,0,105,0
480,451->524/SA1,SA1,451,524,True,True,111,12.0,111,0,0,0,0,0,0,0,0,0,0,0,0,0,0,0,0,0,0,0,0,0,0,0,0,0,111
481,451->525/SA1,SA1,451,525,True,True,131,7.0,131,0,0,0,0,0,0,0,0,0,0,0,0,0,0,0,0,0,0,0,0,0,0,131,0,0,0
482,451->526/SA1,SA1,451,526,True,True,115,15.0,115,0,0,0,0,0,0,0,0,0,0,0,0,0,0,0,0,0,0,115,0,0,0,0,0,0,0
483,451->527/SA1,SA1,451,527,True,True,87,15.0,87,0,0,0,0,0,0,0,0,0,0,0,0,0,0,0,0,0,0,0,87,0,0,0,0,0,0
484,451->528/SA1,SA1,451,528,True,True,89,18.0,89,0,0,0,0,0,0,0,0,0,0,0,0,0,0,0,0,0,0,0,0,89,0,0,0,0,0
485,451->529/SA1,SA1,451,529,True,True,99,1.0,99,0,0,0,0,0,0,0,0,0,0,0,0,0,0,0,0,0,99,0,0,0,0,0,0,0,0
486,460->498/SA1,SA1,460,498,True,True,263,6.0,263,0,0,0,0,0,0,0,0,0,0,0,0,0,0,0,263,0,0,0,0,0,0,0,0,0,0
487,460->499/SA0,SA0,460,499,True,True,255,2.0,255,0,0,0,0,0,0,0,0,0,0,0,0,0,0,0,255,0,0,0,0,0,0,0,0,0,0
488,460/SA1,SA1,460,460,False,True,523,1.0,523,0,0,0,0,0,0,0,0,0,0,0,0,0,0,0,523,0,0,0,0,0,0,0,0,0,0
489,463->500/SA1,SA1,463,500,True,True,241,1.0,241,0,0,0,0,0,0,0,0,0,0,0,0,0,0,0,241,0,0,0,0,0,0,0,0,0,0
490,463->501/SA0,SA0,463,501,True,True,236,6.0,236,0,0,0,0,0,0,0,0,0,0,0,0,0,0,0,236,0,0,0,0,0,0,0,0,0,0
491,463/SA1,SA1,463,463,False,True,504,1.0,504,0,0,0,0,0,0,0,0,0,0,0,0,0,0,0,504,0,0,0,0,0,0,0,0,0,0
492,466->502/SA1,SA1,466,502,True,True,266,4.0,314,0,0,0,0,0,0,0,0,0,0,0,0,0,0,0,0,0,0,0,0,0,178,0,136,0,0
493,466->504/SA1,SA1,466,504,True,True,250,3.0,294,0,0,0,0,0,0,0,0,0,0,0,0,0,0,0,0,0,0,0,0,0,84,0,31,179,0
494,466->506/SA1,SA1,466,506,True,True,203,2.0,241,0,0,0,0,0,0,0,0,0,0,0,0,0,0,0,0,0,0,0,0,0,49,0,20,39,133
495,466->508/SA1,SA1,466,508,True,True,204,3.0,243,0,0,0,0,0,0,0,0,0,0,0,0,0,0,0,0,0,0,0,0,0,28,141,6,19,49
496,466->511/SA1,SA1,466,511,True,True,178,5.0,212,0,0,0,0,0,0,0,0,0,0,0,0,0,0,0,0,0,0,137,0,0,12,29,2,12,20
497,466->513/SA1,SA1,466,513,True,True,152,2.0,182,0,0,0,0,0,0,0,0,0,0,0,0,0,0,0,0,0,0,37,100,0,8,20,1,7,9
498,466->515/SA1,SA1,466,515,True,True,161,18.0,205,0,0,0,0,0,0,0,0,0,0,0,0,0,0,0,0,0,0,27,35,113,3,16,2,4,5
499,466->517/SA1,SA1,466,517,True,True,156,8.0,192,0,0,0,0,0,0,0,0,0,0,0,0,0,0,0,0,0,113,11,17,35,4,8,0,1,3
500,466/SA0,SA0,466,466,False,True,49,16.0,97,0,0,0,0,0,0,0,0,0,0,0,0,0,0,0,0,0,7,10,10,9,20,13,8,13,7
501,475/SA0,SA0,475,475,False,True,12,44.0,15,0,0,0,0,0,0,0,0,0,0,0,0,0,0,0,0,0,0,0,0,0,6,0,9,0,0
502,476/SA0,SA0,476,476,False,False,0,,0,0,0,0,0,0,0,0,0,0,0,0,0,0,0,0,0,0,0,0,0,0,0,0,0,0,0
503,477/SA0,SA0,477,477,False,True,7,44.0,9,0,0,0,0,0,0,0,0,0,0,0,0,0,0,0,0,0,0,0,0,0,2,0,2,5,0
504,478/SA0,SA0,478,478,False,True,1,748.0,1,0,0,0,0,0,0,0,0,0,0,0,0,0,0,0,0,0,0,0,0,0,1,0,0,0,0
505,479/SA0,SA0,479,479,False,True,14,44.0,14,0,0,0,0,0,0,0,0,0,0,0,0,0,0,0,0,0,0,0,0,0,3,0,0,0,11
506,480/SA0,SA0,480,480,False,False,0,,0,0,0,0,0,0,0,0,0,0,0,0,0,0,0,0,0,0,0,0,0,0,0,0,0,0,0
507,481/SA0,SA0,481,481,False,True,7,137.0,13,0,0,0,0,0,0,0,0,0,0,0,0,0,0,0,0,0,0,0,0,0,1,7,1,2,2
508,482/SA0,SA0,482,482,False,True,1,128.0,1,0,0,0,0,0,0,0,0,0,0,0,0,0,0,0,0,0,0,0,0,0,0,1,0,0,0
509,483->510/SA1,SA1,483,510,True,True,129,11.0,148,0,0,0,0,0,0,0,0,0,0,0,0,0,0,0,0,0,0,96,0,0,8,24,2,8,10
510,483->512/SA1,SA1,483,512,True,True,123,22.0,143,0,0,0,0,0,0,0,0,0,0,0,0,0,0,0,0,0,0,32,77,0,6,16,1,4,7
511,483->514/SA1,SA1,483,514,True,True,126,20.0,146,0,0,0,0,0,0,0,0,0,0,0,0,0,0,0,0,0,0,17,28,86,2,9,1,1,2
512,483->516/SA1,SA1,483,516,True,True,92,20.0,119,0,0,0,0,0,0,0,0,0,0,0,0,0,0,0,0,0,64,10,15,21,1,4,1,2,1
513,483/SA0,SA0,483,483,False,True,337,1.0,585,0,0,0,0,0,0,0,0,0,0,0,0,0,0,0,0,0,81,143,113,96,20,71,13,17,31
514,488/SA0,SA0,488,488,False,True,404,5.0,486,0,0,0,0,0,0,0,0,0,0,0,0,0,0,0,0,0,0,304,0,0,22,79,9,22,50
515,488/SA1,SA1,488,488,False,True,2,57.0,2,0,0,0,0,0,0,0,0,0,0,0,0,0,0,0,0,0,0,1,0,0,0,1,0,0,0
516,489/SA0,SA0,489,489,False,True,327,2.0,389,0,0,0,0,0,0,0,0,0,0,0,0,0,0,0,0,0,0,76,217,0,17,43,2,13,21
517,489/SA1,SA1,489,489,False,True,2,229.0,2,0,0,0,0,0,0,0,0,0,0,0,0,0,0,0,0,0,0,0,1,0,0,1,0,0,0
518,490/SA0,SA0,490,490,False,True,326,16.0,396,0,0,0,0,0,0,0,0,0,0,0,0,0,0,0,0,0,0,53,67,222,7,26,5,6,10
519,490/SA1,SA1,490,490,False,True,1,947.0,1,0,0,0,0,0,0,0,0,0,0,0,0,0,0,0,0,0,0,0,0,1,0,0,0,0,0
520,491/SA0,SA0,491,491,False,True,305,3.0,369,0,0,0,0,0,0,0,0,0,0,0,0,0,0,0,0,0,220,28,31,63,4,16,1,2,4
521,491/SA1,SA1,491,491,False,True,1,947.0,1,0,0,0,0,0,0,0,0,0,0,0,0,0,0,0,0,0,1,0,0,0,0,0,0,0,0
522,492->518/SA1,SA1,492,518,True,True,256,5.0,256,0,0,0,0,0,0,0,0,0,0,0,0,0,0,0,0,256,0,0,0,0,0,0,0,0,0
523,492->519/SA0,SA0,492,519,True,True,259,2.0,259,0,0,0,0,0,0,0,0,0,0,0,0,0,0,0,0,259,0,0,0,0,0,0,0,0,0
524,492/SA1,SA1,492,492,False,True,512,1.0,512,0,0,0,0,0,0,0,0,0,0,0,0,0,0,0,0,512,0,0,0,0,0,0,0,0,0
525,495->520/SA1,SA1,495,520,True,True,221,2.0,221,0,0,0,0,0,0,0,0,0,0,0,0,0,0,0,0,221,0,0,0,0,0,0,0,0,0
526,495->521/SA0,SA0,495,521,True,True,266,5.0,266,0,0,0,0,0,0,0,0,0,0,0,0,0,0,0,0,266,0,0,0,0,0,0,0,0,0
527,495/SA1,SA1,495,495,False,True,490,1.0,490,0,0,0,0,0,0,0,0,0,0,0,0,0,0,0,0,490,0,0,0,0,0,0,0,0,0
528,498/SA0,SA0,498,498,False,True,518,2.0,518,0,0,0,0,0,0,0,0,0,0,0,0,0,0,0,518,0,0,0,0,0,0,0,0,0,0
529,498/SA1,SA1,498,498,False,True,246,5.0,246,0,0,0,0,0,0,0,0,0,0,0,0,0,0,0,246,0,0,0,0,0,0,0,0,0,0
530,499/SA1,SA1,499,499,False,True,260,1.0,260,0,0,0,0,0,0,0,0,0,0,0,0,0,0,0,260,0,0,0,0,0,0,0,0,0,0
531,500/SA0,SA0,500,500,False,True,477,1.0,477,0,0,0,0,0,0,0,0,0,0,0,0,0,0,0,477,0,0,0,0,0,0,0,0,0,0
532,500/SA1,SA1,500,500,False,True,284,2.0,284,0,0,0,0,0,0,0,0,0,0,0,0,0,0,0,284,0,0,0,0,0,0,0,0,0,0
533,501/SA1,SA1,501,501,False,True,263,8.0,263,0,0,0,0,0,0,0,0,0,0,0,0,0,0,0,263,0,0,0,0,0,0,0,0,0,0
534,502/SA0,SA0,502,502,False,True,17,33.0,19,0,0,0,0,0,0,0,0,0,0,0,0,0,0,0,0,0,0,0,0,0,12,0,7,0,0
535,503/SA1,SA1,503,503,False,True,12,44.0,15,0,0,0,0,0,0,0,0,0,0,0,0,0,0,0,0,0,0,0,0,0,6,0,9,0,0
536,504/SA0,SA0,504,504,False,True,12,16.0,13,0,0,0,0,0,0,0,0,0,0,0,0,0,0,0,0,0,0,0,0,0,4,0,0,9,0
537,505/SA1,SA1,505,505,False,True,8,44.0,10,0,0,0,0,0,0,0,0,0,0,0,0,0,0,0,0,0,0,0,0,0,3,0,2,5,0
538,506/SA0,SA0,506,506,False,True,9,81.0,10,0,0,0,0,0,0,0,0,0,0,0,0,0,0,0,0,0,0,0,0,0,2,0,0,2,6
539,507/SA1,SA1,507,507,False,True,14,44.0,14,0,0,0,0,0,0,0,0,0,0,0,0,0,0,0,0,0,0,0,0,0,3,0,0,0,11
540,508/SA0,SA0,508,508,False,True,14,33.0,16,0,0,0,0,0,0,0,0,0,0,0,0,0,0,0,0,0,0,0,0,0,0,12,0,1,3
541,509/SA1,SA1,509,509,False,True,8,128.0,14,0,0,0,0,0,0,0,0,0,0,0,0,0,0,0,0,0,0,0,0,0,1,8,1,2,2
542,51->276/SA1,SA1,51,276,True,True,111,9.0,245,0,0,0,0,0,0,0,0,0,0,0,111,0,0,0,0,0,9,14,12,13,22,19,14,12,19
543,51->279/SA1,SA1,51,279,True,True,42,25.0,85,0,0,0,0,0,0,0,0,0,0,0,0,0,0,0,0,0,5,11,10,5,17,12,5,11,9
544,51->316/SA1,SA1,51,316,True,True,147,9.0,177,0,0,0,0,0,0,0,0,0,0,0,0,0,0,0,0,0,0,0,0,0,61,0,18,98,0
545,51/SA0,SA0,51,51,False,True,277,1.0,530,0,0,0,0,0,0,0,0,0,0,0,131,0,0,0,0,0,14,24,20,14,110,23,36,138,20
546,51/SA1,SA1,51,51,False,True,241,9.0,463,0,0,0,0,0,0,0,0,0,0,0,111,0,0,0,0,0,14,20,19,16,94,24,32,111,22
547,510/SA0,SA0,510,510,False,True,147,2.0,192,0,0,0,0,0,0,0,0,0,0,0,0,0,0,0,0,0,0,104,0,0,10,41,9,10,18
548,511/SA0,SA0,511,511,False,True,13,49.0,17,0,0,0,0,0,0,0,0,0,0,0,0,0,0,0,0,0,0,9,0,0,0,4,0,1,3
549,512/SA0,SA0,512,512,False,True,122,13.0,140,0,0,0,0,0,0,0,0,0,0,0,0,0,0,0,0,0,0,29,87,0,1,16,0,1,6
550,513/SA0,SA0,513,513,False,True,10,33.0,14,0,0,0,0,0,0,0,0,0,0,0,0,0,0,0,0,0,0,3,8,0,0,1,0,1,1
551,514/SA0,SA0,514,514,False,True,112,4.0,136,0,0,0,0,0,0,0,0,0,0,0,0,0,0,0,0,0,0,8,26,78,5,12,2,2,3
552,515/SA0,SA0,515,515,False,True,10,197.0,12,0,0,0,0,0,0,0,0,0,0,0,0,0,0,0,0,0,0,1,3,8,0,0,0,0,0
553,516/SA0,SA0,516,516,False,True,112,1.0,137,0,0,0,0,0,0,0,0,0,0,0,0,0,0,0,0,0,81,8,11,25,1,6,0,2,3
554,517/SA0,SA0,517,517,False,True,8,16.0,9,0,0,0,0,0,0,0,0,0,0,0,0,0,0,0,0,0,7,1,1,0,0,0,0,0,0
555,518/SA0,SA0,518,518,False,True,515,2.0,515,0,0,0,0,0,0,0,0,0,0,0,0,0,0,0,0,515,0,0,0,0,0,0,0,0,0
556,518/SA1,SA1,518,518,False,True,253,6.0,253,0,0,0,0,0,0,0,0,0,0,0,0,0,0,0,0,253,0,0,0,0,0,0,0,0,0
557,519/SA1,SA1,519,519,False,True,256,1.0,256,0,0,0,0,0,0,0,0,0,0,0,0,0,0,0,0,256,0,0,0,0,0,0,0,0,0
558,520/SA0,SA0,520,520,False,True,487,2.0,487,0,0,0,0,0,0,0,0,0,0,0,0,0,0,0,0,487,0,0,0,0,0,0,0,0,0
559,520/SA1,SA1,520,520,False,True,268,3.0,268,0,0,0,0,0,0,0,0,0,0,0,0,0,0,0,0,268,0,0,0,0,0,0,0,0,0
560,521/SA1,SA1,521,521,False,True,269,1.0,269,0,0,0,0,0,0,0,0,0,0,0,0,0,0,0,0,269,0,0,0,0,0,0,0,0,0
561,522/SA0,SA0,522,522,False,False,0,,0,0,0,0,0,0,0,0,0,0,0,0,0,0,0,0,0,0,0,0,0,0,0,0,0,0,0
562,523/SA0,SA0,523,523,False,False,0,,0,0,0,0,0,0,0,0,0,0,0,0,0,0,0,0,0,0,0,0,0,0,0,0,0,0,0
563,524/SA0,SA0,524,524,False,False,0,,0,0,0,0,0,0,0,0,0,0,0,0,0,0,0,0,0,0,0,0,0,0,0,0,0,0,0
564,525/SA0,SA0,525,525,False,False,0,,0,0,0,0,0,0,0,0,0,0,0,0,0,0,0,0,0,0,0,0,0,0,0,0,0,0,0
565,526/SA0,SA0,526,526,False,False,0,,0,0,0,0,0,0,0,0,0,0,0,0,0,0,0,0,0,0,0,0,0,0,0,0,0,0,0
566,527/SA1,SA1,527,527,False,False,0,,0,0,0,0,0,0,0,0,0,0,0,0,0,0,0,0,0,0,0,0,0,0,0,0,0,0,0
567,528/SA1,SA1,528,528,False,False,0,,0,0,0,0,0,0,0,0,0,0,0,0,0,0,0,0,0,0,0,0,0,0,0,0,0,0,0
568,529/SA1,SA1,529,529,False,False,0,,0,0,0,0,0,0,0,0,0,0,0,0,0,0,0,0,0,0,0,0,0,0,0,0,0,0,0
569,530->552/SA1,SA1,530,552,True,True,272,2.0,272,0,0,0,0,0,0,0,0,0,0,0,0,0,0,0,272,0,0,0,0,0,0,0,0,0,0
570,530/SA0,SA0,530,530,False,True,506,1.0,506,0,0,0,0,0,0,0,0,0,0,0,0,0,0,0,506,0,0,0,0,0,0,0,0,0,0
571,533->552/SA1,SA1,533,552,True,True,231,1.0,231,0,0,0,0,0,0,0,0,0,0,0,0,0,0,0,231,0,0,0,0,0,0,0,0,0,0
572,533/SA0,SA0,533,533,False,True,547,2.0,547,0,0,0,0,0,0,0,0,0,0,0,0,0,0,0,547,0,0,0,0,0,0,0,0,0,0
573,536/SA1,SA1,536,536,False,True,210,1.0,255,0,0,0,0,0,0,0,0,0,0,0,0,0,0,0,0,0,0,0,0,0,149,0,106,0,0
574,537/SA1,SA1,537,537,False,True,172,1.0,203,0,0,0,0,0,0,0,0,0,0,0,0,0,0,0,0,0,0,0,0,0,71,0,14,118,0
575,538/SA1,SA1,538,538,False,True,159,9.0,187,0,0,0,0,0,0,0,0,0,0,0,0,0,0,0,0,0,0,0,0,0,42,0,13,24,108
576,539/SA1,SA1,539,539,False,True,150,2.0,172,0,0,0,0,0,0,0,0,0,0,0,0,0,0,0,0,0,0,0,0,0,17,118,5,11,21
577,540/SA1,SA1,540,540,False,True,161,2.0,210,0,0,0,0,0,0,0,0,0,0,0,0,0,0,0,0,0,0,114,0,0,10,45,9,11,21
578,541/SA1,SA1,541,541,False,True,134,13.0,156,0,0,0,0,0,0,0,0,0,0,0,0,0,0,0,0,0,0,32,97,0,1,17,0,2,7
579,542/SA1,SA1,542,542,False,True,122,4.0,148,0,0,0,0,0,0,0,0,0,0,0,0,0,0,0,0,0,0,9,29,86,5,12,2,2,3
580,543/SA1,SA1,543,543,False,True,122,1.0,148,0,0,0,0,0,0,0,0,0,0,0,0,0,0,0,0,0,90,9,12,25,1,6,0,2,3
581,544->587/SA1,SA1,544,587,True,True,265,3.0,265,0,0,0,0,0,0,0,0,0,0,0,0,0,0,0,0,265,0,0,0,0,0,0,0,0,0
582,544/SA0,SA0,544,544,False,True,509,1.0,509,0,0,0,0,0,0,0,0,0,0,0,0,0,0,0,0,509,0,0,0,0,0,0,0,0,0
583,547->587/SA1,SA1,547,587,True,True,237,6.0,237,0,0,0,0,0,0,0,0,0,0,0,0,0,0,0,0,237,0,0,0,0,0,0,0,0,0
584,547/SA0,SA0,547,547,False,True,537,1.0,537,0,0,0,0,0,0,0,0,0,0,0,0,0,0,0,0,537,0,0,0,0,0,0,0,0,0
585,55->280/SA1,SA1,55,280,True,True,12,37.0,15,0,0,0,0,0,0,0,0,0,0,0,0,11,4,0,0,0,0,0,0,0,0,0,0,0,0
586,55->427/SA1,SA1,55,427,True,True,19,85.0,34,0,0,0,0,0,0,0,0,0,0,0,0,0,0,0,0,0,0,0,0,0,9,9,4,7,5
587,55->437/SA1,SA1,55,437,True,True,2,20.0,5,0,0,0,0,0,0,0,0,0,0,0,0,0,0,0,0,0,1,0,2,1,0,0,1,0,0
588,55/SA0,SA0,55,55,False,True,45,44.0,73,0,0,0,0,0,0,0,0,0,0,0,0,14,7,0,0,0,1,2,1,1,11,8,10,6,12
589,55/SA1,SA1,55,55,False,True,31,20.0,54,0,0,0,0,0,0,0,0,0,0,0,0,11,4,0,0,0,1,0,2,1,9,9,5,7,5
590,550/SA0,SA0,550,550,False,True,246,3.0,246,0,0,0,0,0,0,0,0,0,0,0,0,0,0,0,246,0,0,0,0,0,0,0,0,0,0
591,550/SA1,SA1,550,550,False,True,231,1.0,231,0,0,0,0,0,0,0,0,0,0,0,0,0,0,0,231,0,0,0,0,0,0,0,0,0,0
592,551/SA1,SA1,551,551,False,True,272,2.0,272,0,0,0,0,0,0,0,0,0,0,0,0,0,0,0,272,0,0,0,0,0,0,0,0,0,0
593,552/SA0,SA0,552,552,False,True,275,4.0,275,0,0,0,0,0,0,0,0,0,0,0,0,0,0,0,275,0,0,0,0,0,0,0,0,0,0
594,552/SA1,SA1,552,552,False,True,503,1.0,503,0,0,0,0,0,0,0,0,0,0,0,0,0,0,0,503,0,0,0,0,0,0,0,0,0,0
595,553->590/SA1,SA1,553,590,True,True,339,3.0,454,0,0,0,0,0,0,0,0,0,0,0,0,0,0,0,0,0,0,0,0,0,306,0,148,0,0
596,553->593/SA0,SA0,553,593,True,True,96,2.0,107,0,0,0,0,0,0,0,0,0,0,0,0,0,0,0,0,0,0,0,0,0,79,0,28,0,0
597,553->596/SA1,SA1,553,596,True,True,129,15.0,129,0,0,0,0,0,0,0,0,0,0,0,0,0,0,0,0,0,0,0,0,0,0,0,129,0,0
598,553/SA0,SA0,553,553,False,True,226,1.0,274,0,0,0,0,0,0,0,0,0,0,0,0,0,0,0,0,0,0,0,0,0,159,0,115,0,0
599,557->597/SA1,SA1,557,597,True,True,241,4.0,331,0,0,0,0,0,0,0,0,0,0,0,0,0,0,0,0,0,0,0,0,0,131,0,61,139,0
600,557->600/SA0,SA0,557,600,True,True,84,1.0,104,0,0,0,0,0,0,0,0,0,0,0,0,0,0,0,0,0,0,0,0,0,46,0,14,44,0
601,557->605/SA1,SA1,557,605,True,True,157,34.0,157,0,0,0,0,0,0,0,0,0,0,0,0,0,0,0,0,0,0,0,0,0,0,0,0,157,0
602,557/SA0,SA0,557,557,False,True,195,1.0,233,0,0,0,0,0,0,0,0,0,0,0,0,0,0,0,0,0,0,0,0,0,80,0,19,134,0
603,561->606/SA1,SA1,561,606,True,True,217,2.0,295,0,0,0,0,0,0,0,0,0,0,0,0,0,0,0,0,0,0,0,0,0,66,0,27,65,137
604,561->609/SA0,SA0,561,609,True,True,62,15.0,73,0,0,0,0,0,0,0,0,0,0,0,0,0,0,0,0,0,0,0,0,0,14,0,6,12,41
605,561->615/SA1,SA1,561,615,True,True,148,27.0,148,0,0,0,0,0,0,0,0,0,0,0,0,0,0,0,0,0,0,0,0,0,0,0,0,0,148
606,561/SA0,SA0,561,561,False,True,178,9.0,206,0,0,0,0,0,0,0,0,0,0,0,0,0,0,0,0,0,0,0,0,0,45,0,13,24,124
607,565->616/SA1,SA1,565,616,True,True,218,3.0,306,0,0,0,0,0,0,0,0,0,0,0,0,0,0,0,0,0,0,0,0,0,37,149,14,34,72
608,565->619/SA0,SA0,565,619,True,True,48,2.0,64,0,0,0,0,0,0,0,0,0,0,0,0,0,0,0,0,0,0,0,0,0,7,39,3,6,9
609,565->624/SA1,SA1,565,624,True,True,150,29.0,150,0,0,0,0,0,0,0,0,0,0,0,0,0,0,0,0,0,0,0,0,0,0,150,0,0,0
610,565/SA0,SA0,565,565,False,True,165,2.0,196,0,0,0,0,0,0,0,0,0,0,0,0,0,0,0,0,0,0,0,0,0,19,132,7,14,24
611,569->625/SA1,SA1,569,625,True,True,200,15.0,273,0,0,0,0,0,0,0,0,0,0,0,0,0,0,0,0,0,0,147,0,0,16,55,6,16,33
612,569->628/SA0,SA0,569,628,True,True,58,2.0,84,0,0,0,0,0,0,0,0,0,0,0,0,0,0,0,0,0,0,29,0,0,6,27,6,5,11
613,569->631/SA1,SA1,569,631,True,True,148,11.0,148,0,0,0,0,0,0,0,0,0,0,0,0,0,0,0,0,0,0,148,0,0,0,0,0,0,0
614,569/SA0,SA0,569,569,False,True,164,2.0,213,0,0,0,0,0,0,0,0,0,0,0,0,0,0,0,0,0,0,116,0,0,10,46,9,11,21
615,573->632/SA1,SA1,573,632,True,True,170,3.0,243,0,0,0,0,0,0,0,0,0,0,0,0,0,0,0,0,0,0,65,99,0,13,36,2,11,17
616,573->635/SA0,SA0,573,635,True,True,47,31.0,56,0,0,0,0,0,0,0,0,0,0,0,0,0,0,0,0,0,0,14,30,0,0,11,0,0,1
617,573->640/SA1,SA1,573,640,True,True,117,15.0,117,0,0,0,0,0,0,0,0,0,0,0,0,0,0,0,0,0,0,0,117,0,0,0,0,0,0
618,573/SA0,SA0,573,573,False,True,136,13.0,158,0,0,0,0,0,0,0,0,0,0,0,0,0,0,0,0,0,0,32,98,0,1,18,0,2,7
619,577->641/SA1,SA1,577,641,True,True,174,11.0,244,0,0,0,0,0,0,0,0,0,0,0,0,0,0,0,0,0,0,37,50,116,5,22,4,4,6
620,577->644/SA0,SA0,577,644,True,True,51,6.0,66,0,0,0,0,0,0,0,0,0,0,0,0,0,0,0,0,0,0,6,17,30,2,8,0,1,2
621,577->650/SA1,SA1,577,650,True,True,101,16.0,101,0,0,0,0,0,0,0,0,0,0,0,0,0,0,0,0,0,0,0,0,101,0,0,0,0,0
622,577/SA0,SA0,577,577,False,True,123,4.0,149,0,0,0,0,0,0,0,0,0,0,0,0,0,0,0,0,0,0,9,29,87,5,12,2,2,3
623,581->651/SA1,SA1,581,651,True,True,137,14.0,188,0,0,0,0,0,0,0,0,0,0,0,0,0,0,0,0,0,105,16,21,33,1,10,0,1,1
624,581->654/SA0,SA0,581,654,True,True,36,56.0,48,0,0,0,0,0,0,0,0,0,0,0,0,0,0,0,0,0,21,2,5,13,1,4,0,1,1
625,581->659/SA1,SA1,581,659,True,True,105,8.0,105,0,0,0,0,0,0,0,0,0,0,0,0,0,0,0,0,0,105,0,0,0,0,0,0,0,0
626,581/SA0,SA0,581,581,False,True,124,1.0,150,0,0,0,0,0,0,0,0,0,0,0,0,0,0,0,0,0,92,9,12,25,1,6,0,2,3
627,585/SA0,SA0,585,585,False,True,250,2.0,250,0,0,0,0,0,0,0,0,0,0,0,0,0,0,0,0,250,0,0,0,0,0,0,0,0,0
628,585/SA1,SA1,585,585,False,True,237,6.0,237,0,0,0,0,0,0,0,0,0,0,0,0,0,0,0,0,237,0,0,0,0,0,0,0,0,0
629,586/SA1,SA1,586,586,False,True,265,3.0,265,0,0,0,0,0,0,0,0,0,0,0,0,0,0,0,0,265,0,0,0,0,0,0,0,0,0
630,587/SA0,SA0,587,587,False,True,272,1.0,272,0,0,0,0,0,0,0,0,0,0,0,0,0,0,0,0,272,0,0,0,0,0,0,0,0,0
631,587/SA1,SA1,587,587,False,True,502,3.0,502,0,0,0,0,0,0,0,0,0,0,0,0,0,0,0,0,502,0,0,0,0,0,0,0,0,0
632,59->284/SA1,SA1,59,284,True,True,1,399.0,1,0,0,0,0,0,0,0,0,0,0,0,0,0,0,0,0,0,0,1,0,0,0,0,0,0,0
633,59->286/SA1,SA1,59,286,True,True,10,22.0,10,0,0,0,0,0,0,0,0,0,0,0,0,0,10,0,0,0,0,0,0,0,0,0,0,0,0
634,59->293/SA1,SA1,59,293,True,True,125,8.0,125,0,0,0,0,0,0,125,0,0,0,0,0,0,0,0,0,0,0,0,0,0,0,0,0,0,0
635,59->294/SA1,SA1,59,294,True,True,2,111.0,3,0,0,0,0,0,0,0,0,0,0,0,0,0,0,0,0,0,0,0,0,1,1,1,0,0,0
636,59->295/SA1,SA1,59,295,True,True,122,8.0,122,0,0,0,0,0,0,0,122,0,0,0,0,0,0,0,0,0,0,0,0,0,0,0,0,0,0
637,59->296/SA1,SA1,59,296,True,True,121,4.0,121,0,0,0,0,0,0,0,0,121,0,0,0,0,0,0,0,0,0,0,0,0,0,0,0,0,0
638,59->319/SA1,SA1,59,319,True,True,13,137.0,28,0,0,0,0,0,0,0,0,0,0,0,0,0,0,0,0,0,2,3,5,2,4,2,2,2,6
639,59->442/SA1,SA1,59,442,True,True,10,137.0,25,0,0,0,0,0,0,0,0,0,0,0,0,0,0,0,0,0,3,5,3,2,4,1,3,3,1
640,59/SA0,SA0,59,59,False,True,278,2.0,456,0,0,0,0,0,0,134,127,133,0,0,0,0,7,0,0,0,5,6,5,3,12,7,7,5,5
641,59/SA1,SA1,59,59,False,True,262,4.0,424,0,0,0,0,0,0,125,122,121,0,0,0,0,10,0,0,0,4,6,7,5,8,3,5,4,4
642,590->665/SA1,SA1,590,665,True,True,15,25.0,15,0,0,0,0,0,0,0,0,0,0,0,0,0,0,0,0,0,0,0,0,0,0,0,15,0,0
643,590/SA0,SA0,590,590,False,True,781,2.0,1013,0,0,0,0,0,0,0,0,0,0,0,0,0,0,0,0,0,0,0,0,0,735,0,278,0,0
644,590/SA1,SA1,590,590,False,True,88,1.0,104,0,0,0,0,0,0,0,0,0,0,0,0,0,0,0,0,0,0,0,0,0,80,0,24,0,0
645,593->665/SA1,SA1,593,665,True,True,178,20.0,178,0,0,0,0,0,0,0,0,0,0,0,0,0,0,0,0,0,0,0,0,0,0,0,178,0,0
646,593->841/SA1,SA1,593,841,True,True,72,21.0,72,0,0,0,0,0,0,0,0,0,0,0,0,0,0,0,0,0,0,0,0,0,72,0,0,0,0
647,593/SA0,SA0,593,593,False,True,328,2.0,370,0,0,0,0,0,0,0,0,0,0,0,0,0,0,0,0,0,0,0,0,0,151,0,219,0,0
648,593/SA1,SA1,593,593,False,True,223,20.0,250,0,0,0,0,0,0,0,0,0,0,0,0,0,0,0,0,0,0,0,0,0,72,0,178,0,0
649,596/SA0,SA0,596,596,False,True,41,22.0,41,0,0,0,0,0,0,0,0,0,0,0,0,0,0,0,0,0,0,0,0,0,0,0,41,0,0
650,597->673/SA1,SA1,597,673,True,True,13,13.0,13,0,0,0,0,0,0,0,0,0,0,0,0,0,0,0,0,0,0,0,0,0,0,0,0,13,0
651,597/SA0,SA0,597,597,False,True,622,1.0,868,0,0,0,0,0,0,0,0,0,0,0,0,0,0,0,0,0,0,0,0,0,388,0,171,309,0
652,597/SA1,SA1,597,597,False,True,53,13.0,60,0,0,0,0,0,0,0,0,0,0,0,0,0,0,0,0,0,0,0,0,0,34,0,5,21,0
653,600->673/SA1,SA1,600,673,True,True,206,3.0,206,0,0,0,0,0,0,0,0,0,0,0,0,0,0,0,0,0,0,0,0,0,0,0,0,206,0
654,600->765/SA1,SA1,600,765,True,True,25,53.0,31,0,0,0,0,0,0,0,0,0,0,0,0,0,0,0,0,0,0,0,0,0,24,0,7,0,0
655,600->766/SA1,SA1,600,766,True,True,20,48.0,24,0,0,0,0,0,0,0,0,0,0,0,0,0,0,0,0,0,0,0,0,0,18,0,6,0,0
656,600->814/SA1,SA1,600,814,True,True,23,137.0,31,0,0,0,0,0,0,0,0,0,0,0,0,0,0,0,0,0,0,0,0,0,22,0,9,0,0
657,600/SA0,SA0,600,600,False,True,292,1.0,338,0,0,0,0,0,0,0,0,0,0,0,0,0,0,0,0,0,0,0,0,0,88,0,32,218,0
658,600/SA1,SA1,600,600,False,True,238,3.0,269,0,0,0,0,0,0,0,0,0,0,0,0,0,0,0,0,0,0,0,0,0,49,0,14,206,0
659,605/SA0,SA0,605,605,False,True,37,15.0,37,0,0,0,0,0,0,0,0,0,0,0,0,0,0,0,0,0,0,0,0,0,0,0,0,37,0
660,606->682/SA1,SA1,606,682,True,True,7,146.0,7,0,0,0,0,0,0,0,0,0,0,0,0,0,0,0,0,0,0,0,0,0,0,0,0,0,7
661,606/SA0,SA0,606,606,False,True,524,2.0,706,0,0,0,0,0,0,0,0,0,0,0,0,0,0,0,0,0,0,0,0,0,177,0,76,169,284
662,606/SA1,SA1,606,606,False,True,60,9.0,74,0,0,0,0,0,0,0,0,0,0,0,0,0,0,0,0,0,0,0,0,0,31,0,7,12,24
663,609->682/SA1,SA1,609,682,True,True,190,6.0,190,0,0,0,0,0,0,0,0,0,0,0,0,0,0,0,0,0,0,0,0,0,0,0,0,0,190
664,609->764/SA1,SA1,609,764,True,True,4,33.0,4,0,0,0,0,0,0,0,0,0,0,0,0,0,0,0,0,0,0,0,0,0,0,0,0,4,0
665,609->766/SA1,SA1,609,766,True,True,11,32.0,12,0,0,0,0,0,0,0,0,0,0,0,0,0,0,0,0,0,0,0,0,0,8,0,4,0,0
666,609->813/SA1,SA1,609,813,True,True,11,110.0,11,0,0,0,0,0,0,0,0,0,0,0,0,0,0,0,0,0,0,0,0,0,0,0,0,11,0
667,609->814/SA1,SA1,609,814,True,True,19,32.0,20,0,0,0,0,0,0,0,0,0,0,0,0,0,0,0,0,0,0,0,0,0,11,0,9,0,0
668,609/SA0,SA0,609,609,False,True,272,2.0,323,0,0,0,0,0,0,0,0,0,0,0,0,0,0,0,0,0,0,0,0,0,41,0,20,39,223
669,609/SA1,SA1,609,609,False,True,212,6.0,234,0,0,0,0,0,0,0,0,0,0,0,0,0,0,0,0,0,0,0,0,0,18,0,11,15,190
670,615/SA0,SA0,615,615,False,True,38,15.0,38,0,0,0,0,0,0,0,0,0,0,0,0,0,0,0,0,0,0,0,0,0,0,0,0,0,38
671,616->692/SA1,SA1,616,692,True,True,13,93.0,13,0,0,0,0,0,0,0,0,0,0,0,0,0,0,0,0,0,0,0,0,0,0,13,0,0,0
672,616/SA0,SA0,616,616,False,True,490,2.0,672,0,0,0,0,0,0,0,0,0,0,0,0,0,0,0,0,0,0,0,0,0,89,291,40,81,171
673,616/SA1,SA1,616,616,False,True,50,17.0,63,0,0,0,0,0,0,0,0,0,0,0,0,0,0,0,0,0,0,0,0,0,12,24,4,8,15
674,619->692/SA1,SA1,619,692,True,True,182,6.0,182,0,0,0,0,0,0,0,0,0,0,0,0,0,0,0,0,0,0,0,0,0,0,182,0,0,0
675,619->812/SA1,SA1,619,812,True,True,27,52.0,27,0,0,0,0,0,0,0,0,0,0,0,0,0,0,0,0,0,0,0,0,0,0,0,0,0,27
676,619->813/SA1,SA1,619,813,True,True,13,173.0,13,0,0,0,0,0,0,0,0,0,0,0,0,0,0,0,0,0,0,0,0,0,0,0,0,13,0
677,619->814/SA1,SA1,619,814,True,True,21,46.0,23,0,0,0,0,0,0,0,0,0,0,0,0,0,0,0,0,0,0,0,0,0,15,0,8,0,0
678,619/SA0,SA0,619,619,False,True,250,2.0,308,0,0,0,0,0,0,0,0,0,0,0,0,0,0,0,0,0,0,0,0,0,23,212,13,22,38
679,619/SA1,SA1,619,619,False,True,206,6.0,245,0,0,0,0,0,0,0,0,0,0,0,0,0,0,0,0,0,0,0,0,0,15,182,8,13,27
680,624/SA0,SA0,624,624,False,True,42,22.0,42,0,0,0,0,0,0,0,0,0,0,0,0,0,0,0,0,0,0,0,0,0,0,42,0,0,0
681,625->700/SA1,SA1,625,700,True,True,24,31.0,24,0,0,0,0,0,0,0,0,0,0,0,0,0,0,0,0,0,0,24,0,0,0,0,0,0,0
682,625/SA0,SA0,625,625,False,True,457,2.0,625,0,0,0,0,0,0,0,0,0,0,0,0,0,0,0,0,0,0,290,0,0,46,140,18,43,88
683,625/SA1,SA1,625,625,False,True,56,31.0,79,0,0,0,0,0,0,0,0,0,0,0,0,0,0,0,0,0,0,37,0,0,4,19,3,6,10
684,628->700/SA1,SA1,628,700,True,True,177,10.0,177,0,0,0,0,0,0,0,0,0,0,0,0,0,0,0,0,0,0,177,0,0,0,0,0,0,0
685,628->795/SA1,SA1,628,795,True,True,40,5.0,56,0,0,0,0,0,0,0,0,0,0,0,0,0,0,0,0,0,0,0,0,0,6,24,3,6,17
686,628/SA0,SA0,628,628,False,True,272,2.0,318,0,0,0,0,0,0,0,0,0,0,0,0,0,0,0,0,0,0,222,0,0,15,46,6,10,19
687,628/SA1,SA1,628,628,False,True,196,5.0,233,0,0,0,0,0,0,0,0,0,0,0,0,0,0,0,0,0,0,177,0,0,6,24,3,6,17
688,631/SA0,SA0,631,631,False,True,49,74.0,49,0,0,0,0,0,0,0,0,0,0,0,0,0,0,0,0,0,0,49,0,0,0,0,0,0,0
689,632->708/SA1,SA1,632,708,True,True,16,13.0,16,0,0,0,0,0,0,0,0,0,0,0,0,0,0,0,0,0,0,0,16,0,0,0,0,0,0
690,632/SA0,SA0,632,632,False,True,380,2.0,511,0,0,0,0,0,0,0,0,0,0,0,0,0,0,0,0,0,0,153,197,0,23,68,8,22,40
691,632/SA1,SA1,632,632,False,True,45,13.0,58,0,0,0,0,0,0,0,0,0,0,0,0,0,0,0,0,0,0,18,24,0,1,7,0,2,6
692,635->708/SA1,SA1,635,708,True,True,127,6.0,127,0,0,0,0,0,0,0,0,0,0,0,0,0,0,0,0,0,0,0,127,0,0,0,0,0,0
693,635->734/SA1,SA1,635,734,True,True,12,64.0,18,0,0,0,0,0,0,0,0,0,0,0,0,0,0,0,0,0,0,8,0,0,2,4,0,1,3
694,635->762/SA1,SA1,635,762,True,True,7,2.0,7,0,0,0,0,0,0,0,0,0,0,0,0,0,0,0,0,0,0,3,0,0,2,1,0,1,0
695,635->763/SA1,SA1,635,763,True,True,8,2.0,9,0,0,0,0,0,0,0,0,0,0,0,0,0,0,0,0,0,0,2,0,0,3,2,0,0,2
696,635/SA0,SA0,635,635,False,True,221,15.0,259,0,0,0,0,0,0,0,0,0,0,0,0,0,0,0,0,0,0,33,175,0,8,25,3,6,9
697,635/SA1,SA1,635,635,False,True,142,2.0,155,0,0,0,0,0,0,0,0,0,0,0,0,0,0,0,0,0,0,11,127,0,4,7,0,2,4
698,640/SA0,SA0,640,640,False,True,29,91.0,29,0,0,0,0,0,0,0,0,0,0,0,0,0,0,0,0,0,0,0,29,0,0,0,0,0,0
699,641->717/SA1,SA1,641,717,True,True,11,13.0,11,0,0,0,0,0,0,0,0,0,0,0,0,0,0,0,0,0,0,0,0,11,0,0,0,0,0
700,641/SA0,SA0,641,641,False,True,368,3.0,513,0,0,0,0,0,0,0,0,0,0,0,0,0,0,0,0,0,0,81,115,216,15,44,5,15,22
701,641/SA1,SA1,641,641,False,True,30,4.0,40,0,0,0,0,0,0,0,0,0,0,0,0,0,0,0,0,0,0,3,12,14,3,4,2,1,1
702,644->717/SA1,SA1,644,717,True,True,122,16.0,122,0,0,0,0,0,0,0,0,0,0,0,0,0,0,0,0,0,0,0,0,122,0,0,0,0,0
703,644->733/SA1,SA1,644,733,True,True,13,28.0,13,0,0,0,0,0,0,0,0,0,0,0,0,0,0,0,0,0,0,0,13,0,0,0,0,0,0
704,644->734/SA1,SA1,644,734,True,True,20,56.0,23,0,0,0,0,0,0,0,0,0,0,0,0,0,0,0,0,0,0,12,0,0,2,3,1,2,3
705,644->761/SA1,SA1,644,761,True,True,6,58.0,6,0,0,0,0,0,0,0,0,0,0,0,0,0,0,0,0,0,0,0,6,0,0,0,0,0,0
706,644->763/SA1,SA1,644,763,True,True,7,209.0,7,0,0,0,0,0,0,0,0,0,0,0,0,0,0,0,0,0,0,4,0,0,0,1,0,0,2
707,644/SA0,SA0,644,644,False,True,215,6.0,255,0,0,0,0,0,0,0,0,0,0,0,0,0,0,0,0,0,0,23,32,173,4,15,0,3,5
708,644/SA1,SA1,644,644,False,True,145,16.0,168,0,0,0,0,0,0,0,0,0,0,0,0,0,0,0,0,0,0,16,17,122,2,4,1,2,4
709,650/SA0,SA0,650,650,False,True,32,29.0,32,0,0,0,0,0,0,0,0,0,0,0,0,0,0,0,0,0,0,0,0,32,0,0,0,0,0
710,651->727/SA1,SA1,651,727,True,True,16,1.0,16,0,0,0,0,0,0,0,0,0,0,0,0,0,0,0,0,0,16,0,0,0,0,0,0,0,0
711,651/SA0,SA0,651,651,False,True,342,3.0,459,0,0,0,0,0,0,0,0,0,0,0,0,0,0,0,0,0,203,42,57,104,7,27,4,6,9
712,651/SA1,SA1,651,651,False,True,38,1.0,52,0,0,0,0,0,0,0,0,0,0,0,0,0,0,0,0,0,21,7,7,12,0,2,0,1,2
713,654->727/SA1,SA1,654,727,True,True,122,3.0,122,0,0,0,0,0,0,0,0,0,0,0,0,0,0,0,0,0,122,0,0,0,0,0,0,0,0
714,654->732/SA1,SA1,654,732,True,True,30,11.0,30,0,0,0,0,0,0,0,0,0,0,0,0,0,0,0,0,0,0,0,0,30,0,0,0,0,0
715,654->733/SA1,SA1,654,733,True,True,10,253.0,10,0,0,0,0,0,0,0,0,0,0,0,0,0,0,0,0,0,0,0,10,0,0,0,0,0,0
716,654->734/SA1,SA1,654,734,True,True,22,96.0,26,0,0,0,0,0,0,0,0,0,0,0,0,0,0,0,0,0,0,12,0,0,3,6,1,1,3
717,654/SA0,SA0,654,654,False,True,193,10.0,240,0,0,0,0,0,0,0,0,0,0,0,0,0,0,0,0,0,152,13,19,39,4,8,0,2,3
718,654/SA1,SA1,654,654,False,True,153,3.0,188,0,0,0,0,0,0,0,0,0,0,0,0,0,0,0,0,0,122,12,10,30,3,6,1,1,3
719,659/SA0,SA0,659,659,False,True,43,37.0,43,0,0,0,0,0,0,0,0,0,0,0,0,0,0,0,0,0,43,0,0,0,0,0,0,0,0
720,660/SA1,SA1,660,660,False,True,521,3.0,521,0,0,0,0,0,0,0,0,0,0,0,0,0,0,0,521,0,0,0,0,0,0,0,0,0,0
721,661/SA1,SA1,661,661,False,True,522,1.0,522,0,0,0,0,0,0,0,0,0,0,0,0,0,0,0,0,522,0,0,0,0,0,0,0,0,0
722,662->737/SA1,SA1,662,737,True,True,168,7.0,168,0,0,0,0,0,0,0,0,0,0,0,0,0,0,0,0,0,0,0,0,0,0,0,168,0,0
723,662/SA0,SA0,662,662,False,True,88,1.0,100,0,0,0,0,0,0,0,0,0,0,0,0,0,0,0,0,0,0,0,0,0,80,0,20,0,0
724,662/SA1,SA1,662,662,False,True,761,2.0,903,0,0,0,0,0,0,0,0,0,0,0,0,0,0,0,0,0,0,0,0,0,735,0,168,0,0
725,665->736/SA1,SA1,665,736,True,True,128,20.0,128,0,0,0,0,0,0,0,0,0,0,0,0,0,0,0,0,0,0,0,0,0,0,0,128,0,0
726,665->830/SA0,SA0,665,830,True,True,66,3.0,66,0,0,0,0,0,0,0,0,0,0,0,0,0,0,0,0,0,0,0,0,0,0,0,66,0,0
727,665->831/SA1,SA1,665,831,True,True,25,21.0,25,0,0,0,0,0,0,0,0,0,0,0,0,0,0,0,0,0,0,0,0,0,0,0,25,0,0
728,665/SA0,SA0,665,665,False,True,219,2.0,219,0,0,0,0,0,0,0,0,0,0,0,0,0,0,0,0,0,0,0,0,0,0,0,219,0,0
729,665/SA1,SA1,665,665,False,True,193,20.0,193,0,0,0,0,0,0,0,0,0,0,0,0,0,0,0,0,0,0,0,0,0,0,0,193,0,0
730,669/SA1,SA1,669,669,False,True,41,22.0,41,0,0,0,0,0,0,0,0,0,0,0,0,0,0,0,0,0,0,0,0,0,0,0,41,0,0
731,670->740/SA1,SA1,670,740,True,True,194,3.0,194,0,0,0,0,0,0,0,0,0,0,0,0,0,0,0,0,0,0,0,0,0,0,0,0,194,0
732,670/SA0,SA0,670,670,False,True,43,13.0,53,0,0,0,0,0,0,0,0,0,0,0,0,0,0,0,0,0,0,0,0,0,34,0,5,14,0
733,670/SA1,SA1,670,670,False,True,579,2.0,753,0,0,0,0,0,0,0,0,0,0,0,0,0,0,0,0,0,0,0,0,0,388,0,171,194,0
734,673->739/SA1,SA1,673,739,True,True,140,6.0,140,0,0,0,0,0,0,0,0,0,0,0,0,0,0,0,0,0,0,0,0,0,0,0,0,140,0
735,673->832/SA0,SA0,673,832,True,True,46,33.0,46,0,0,0,0,0,0,0,0,0,0,0,0,0,0,0,0,0,0,0,0,0,0,0,0,46,0
736,673->833/SA1,SA1,673,833,True,True,36,58.0,36,0,0,0,0,0,0,0,0,0,0,0,0,0,0,0,0,0,0,0,0,0,0,0,0,36,0
737,673/SA0,SA0,673,673,False,True,218,1.0,218,0,0,0,0,0,0,0,0,0,0,0,0,0,0,0,0,0,0,0,0,0,0,0,0,218,0
738,673/SA1,SA1,673,673,False,True,219,3.0,219,0,0,0,0,0,0,0,0,0,0,0,0,0,0,0,0,0,0,0,0,0,0,0,0,219,0
739,677/SA1,SA1,677,677,False,True,37,15.0,37,0,0,0,0,0,0,0,0,0,0,0,0,0,0,0,0,0,0,0,0,0,0,0,0,37,0
740,678->743/SA1,SA1,678,743,True,True,169,7.0,169,0,0,0,0,0,0,0,0,0,0,0,0,0,0,0,0,0,0,0,0,0,0,0,0,0,169
741,678->765/SA1,SA1,678,765,True,True,232,2.0,253,0,0,0,0,0,0,0,0,0,0,0,0,0,0,0,0,0,0,0,0,0,177,0,76,0,0
742,678/SA0,SA0,678,678,False,True,57,9.0,79,0,0,0,0,0,0,0,0,0,0,0,0,0,0,0,0,0,0,0,0,0,31,0,7,12,29
743,678/SA1,SA1,678,678,False,True,471,2.0,591,0,0,0,0,0,0,0,0,0,0,0,0,0,0,0,0,0,0,0,0,0,177,0,76,169,169
744,68->284/SA1,SA1,68,284,True,False,0,,0,0,0,0,0,0,0,0,0,0,0,0,0,0,0,0,0,0,0,0,0,0,0,0,0,0,0
745,68->285/SA1,SA1,68,285,True,True,20,33.0,20,0,0,0,0,0,0,0,0,0,0,0,0,20,0,0,0,0,0,0,0,0,0,0,0,0,0
746,68->286/SA1,SA1,68,286,True,True,9,123.0,9,0,0,0,0,0,0,0,0,0,0,0,0,0,9,0,0,0,0,0,0,0,0,0,0,0,0
747,68/SA0,SA0,68,68,False,True,16,111.0,21,0,0,0,0,0,0,0,0,0,0,0,0,14,7,0,0,0,0,0,0,0,0,0,0,0,0
748,68/SA1,SA1,68,68,False,True,24,33.0,29,0,0,0,0,0,0,0,0,0,0,0,0,20,9,0,0,0,0,0,0,0,0,0,0,0,0
749,682->742/SA1,SA1,682,742,True,True,133,6.0,133,0,0,0,0,0,0,0,0,0,0,0,0,0,0,0,0,0,0,0,0,0,0,0,0,0,133
750,682->834/SA0,SA0,682,834,True,True,65,3.0,65,0,0,0,0,0,0,0,0,0,0,0,0,0,0,0,0,0,0,0,0,0,0,0,0,0,65
751,682->835/SA1,SA1,682,835,True,True,36,1.0,36,0,0,0,0,0,0,0,0,0,0,0,0,0,0,0,0,0,0,0,0,0,0,0,0,0,36
752,682/SA0,SA0,682,682,False,True,223,2.0,223,0,0,0,0,0,0,0,0,0,0,0,0,0,0,0,0,0,0,0,0,0,0,0,0,0,223
753,682/SA1,SA1,682,682,False,True,197,6.0,197,0,0,0,0,0,0,0,0,0,0,0,0,0,0,0,0,0,0,0,0,0,0,0,0,0,197
754,686/SA1,SA1,686,686,False,True,38,15.0,38,0,0,0,0,0,0,0,0,0,0,0,0,0,0,0,0,0,0,0,0,0,0,0,0,0,38
755,687->746/SA1,SA1,687,746,True,True,179,7.0,179,0,0,0,0,0,0,0,0,0,0,0,0,0,0,0,0,0,0,0,0,0,0,179,0,0,0
756,687->764/SA1,SA1,687,764,True,True,81,3.0,81,0,0,0,0,0,0,0,0,0,0,0,0,0,0,0,0,0,0,0,0,0,0,0,0,81,0
757,687->766/SA1,SA1,687,766,True,True,118,2.0,129,0,0,0,0,0,0,0,0,0,0,0,0,0,0,0,0,0,0,0,0,0,89,0,40,0,0
758,687/SA0,SA0,687,687,False,True,51,17.0,69,0,0,0,0,0,0,0,0,0,0,0,0,0,0,0,0,0,0,0,0,0,12,30,4,8,15
759,687/SA1,SA1,687,687,False,True,430,2.0,560,0,0,0,0,0,0,0,0,0,0,0,0,0,0,0,0,0,0,0,0,0,89,179,40,81,171
760,692->745/SA1,SA1,692,745,True,True,125,6.0,125,0,0,0,0,0,0,0,0,0,0,0,0,0,0,0,0,0,0,0,0,0,0,125,0,0,0
761,692->806/SA0,SA0,692,806,True,True,49,3.0,49,0,0,0,0,0,0,0,0,0,0,0,0,0,0,0,0,0,0,0,0,0,0,49,0,0,0
762,692->807/SA1,SA1,692,807,True,True,53,32.0,53,0,0,0,0,0,0,0,0,0,0,0,0,0,0,0,0,0,0,0,0,0,0,53,0,0,0
763,692/SA0,SA0,692,692,False,True,212,2.0,212,0,0,0,0,0,0,0,0,0,0,0,0,0,0,0,0,0,0,0,0,0,0,212,0,0,0
764,692/SA1,SA1,692,692,False,True,195,6.0,195,0,0,0,0,0,0,0,0,0,0,0,0,0,0,0,0,0,0,0,0,0,0,195,0,0,0
765,696/SA1,SA1,696,696,False,True,42,22.0,42,0,0,0,0,0,0,0,0,0,0,0,0,0,0,0,0,0,0,0,0,0,0,42,0,0,0
766,697->749/SA1,SA1,697,749,True,True,166,7.0,166,0,0,0,0,0,0,0,0,0,0,0,0,0,0,0,0,0,0,166,0,0,0,0,0,0,0
767,697/SA0,SA0,697,697,False,True,45,118.0,63,0,0,0,0,0,0,0,0,0,0,0,0,0,0,0,0,0,0,21,0,0,4,19,3,6,10
768,697/SA1,SA1,697,697,False,True,386,2.0,501,0,0,0,0,0,0,0,0,0,0,0,0,0,0,0,0,0,0,166,0,0,46,140,18,43,88
769,700->748/SA1,SA1,700,748,True,True,121,10.0,121,0,0,0,0,0,0,0,0,0,0,0,0,0,0,0,0,0,0,121,0,0,0,0,0,0,0
770,700->788/SA0,SA0,700,788,True,True,52,3.0,52,0,0,0,0,0,0,0,0,0,0,0,0,0,0,0,0,0,0,52,0,0,0,0,0,0,0
771,700->789/SA1,SA1,700,789,True,True,47,13.0,47,0,0,0,0,0,0,0,0,0,0,0,0,0,0,0,0,0,0,47,0,0,0,0,0,0,0
772,700/SA0,SA0,700,700,False,True,222,2.0,222,0,0,0,0,0,0,0,0,0,0,0,0,0,0,0,0,0,0,222,0,0,0,0,0,0,0
773,700/SA1,SA1,700,700,False,True,201,10.0,201,0,0,0,0,0,0,0,0,0,0,0,0,0,0,0,0,0,0,201,0,0,0,0,0,0,0
774,704/SA1,SA1,704,704,False,True,49,74.0,49,0,0,0,0,0,0,0,0,0,0,0,0,0,0,0,0,0,0,49,0,0,0,0,0,0,0
775,705->752/SA1,SA1,705,752,True,True,119,15.0,119,0,0,0,0,0,0,0,0,0,0,0,0,0,0,0,0,0,0,0,119,0,0,0,0,0,0
776,705/SA0,SA0,705,705,False,True,38,33.0,55,0,0,0,0,0,0,0,0,0,0,0,0,0,0,0,0,0,0,18,21,0,1,7,0,2,6
777,705/SA1,SA1,705,705,False,True,342,2.0,433,0,0,0,0,0,0,0,0,0,0,0,0,0,0,0,0,0,0,153,119,0,23,68,8,22,40
778,708->751/SA1,SA1,708,751,True,True,101,6.0,101,0,0,0,0,0,0,0,0,0,0,0,0,0,0,0,0,0,0,0,101,0,0,0,0,0,0
779,708->790/SA0,SA0,708,790,True,True,47,27.0,47,0,0,0,0,0,0,0,0,0,0,0,0,0,0,0,0,0,0,0,47,0,0,0,0,0,0
780,708->791/SA1,SA1,708,791,True,True,33,2.0,33,0,0,0,0,0,0,0,0,0,0,0,0,0,0,0,0,0,0,0,33,0,0,0,0,0,0
781,708/SA0,SA0,708,708,False,True,175,15.0,175,0,0,0,0,0,0,0,0,0,0,0,0,0,0,0,0,0,0,0,175,0,0,0,0,0,0
782,708/SA1,SA1,708,708,False,True,143,6.0,143,0,0,0,0,0,0,0,0,0,0,0,0,0,0,0,0,0,0,0,143,0,0,0,0,0,0
783,712/SA1,SA1,712,712,False,True,131,7.0,131,0,0,0,0,0,0,0,0,0,0,0,0,0,0,0,0,0,0,0,131,0,0,0,0,0,0
784,713->755/SA1,SA1,713,755,True,True,121,14.0,121,0,0,0,0,0,0,0,0,0,0,0,0,0,0,0,0,0,0,0,0,121,0,0,0,0,0
785,713->762/SA1,SA1,713,762,True,True,132,3.0,182,0,0,0,0,0,0,0,0,0,0,0,0,0,0,0,0,0,0,81,0,0,15,44,5,15,22
786,713/SA0,SA0,713,713,False,True,28,4.0,37,0,0,0,0,0,0,0,0,0,0,0,0,0,0,0,0,0,0,3,12,11,3,4,2,1,1
787,713/SA1,SA1,713,713,False,True,309,3.0,418,0,0,0,0,0,0,0,0,0,0,0,0,0,0,0,0,0,0,81,115,121,15,44,5,15,22
788,717->754/SA1,SA1,717,754,True,True,74,16.0,74,0,0,0,0,0,0,0,0,0,0,0,0,0,0,0,0,0,0,0,0,74,0,0,0,0,0
789,717->792/SA0,SA0,717,792,True,True,37,11.0,37,0,0,0,0,0,0,0,0,0,0,0,0,0,0,0,0,0,0,0,0,37,0,0,0,0,0
790,717->793/SA1,SA1,717,793,True,True,37,13.0,37,0,0,0,0,0,0,0,0,0,0,0,0,0,0,0,0,0,0,0,0,37,0,0,0,0,0
791,717/SA0,SA0,717,717,False,True,173,6.0,173,0,0,0,0,0,0,0,0,0,0,0,0,0,0,0,0,0,0,0,0,173,0,0,0,0,0
792,717/SA1,SA1,717,717,False,True,133,13.0,133,0,0,0,0,0,0,0,0,0,0,0,0,0,0,0,0,0,0,0,0,133,0,0,0,0,0
793,72/SA1,SA1,72,72,False,False,0,,0,0,0,0,0,0,0,0,0,0,0,0,0,0,0,0,0,0,0,0,0,0,0,0,0,0,0
794,721/SA1,SA1,721,721,False,True,127,7.0,127,0,0,0,0,0,0,0,0,0,0,0,0,0,0,0,0,0,0,0,0,127,0,0,0,0,0
795,722->760/SA1,SA1,722,760,True,True,128,3.0,128,0,0,0,0,0,0,0,0,0,0,0,0,0,0,0,0,0,128,0,0,0,0,0,0,0,0
796,722->761/SA1,SA1,722,761,True,True,57,20.0,57,0,0,0,0,0,0,0,0,0,0,0,0,0,0,0,0,0,0,0,57,0,0,0,0,0,0
797,722->763/SA1,SA1,722,763,True,True,68,3.0,95,0,0,0,0,0,0,0,0,0,0,0,0,0,0,0,0,0,0,42,0,0,7,27,4,6,9
798,722/SA0,SA0,722,722,False,True,31,21.0,45,0,0,0,0,0,0,0,0,0,0,0,0,0,0,0,0,0,14,7,7,12,0,2,0,1,2
799,722/SA1,SA1,722,722,False,True,295,3.0,384,0,0,0,0,0,0,0,0,0,0,0,0,0,0,0,0,0,128,42,57,104,7,27,4,6,9
800,727->757/SA0,SA0,727,757,True,True,31,43.0,31,0,0,0,0,0,0,0,0,0,0,0,0,0,0,0,0,0,31,0,0,0,0,0,0,0,0
801,727->758/SA1,SA1,727,758,True,True,58,11.0,58,0,0,0,0,0,0,0,0,0,0,0,0,0,0,0,0,0,58,0,0,0,0,0,0,0,0
802,727->759/SA1,SA1,727,759,True,True,82,1.0,82,0,0,0,0,0,0,0,0,0,0,0,0,0,0,0,0,0,82,0,0,0,0,0,0,0,0
803,727/SA0,SA0,727,727,False,True,152,10.0,152,0,0,0,0,0,0,0,0,0,0,0,0,0,0,0,0,0,152,0,0,0,0,0,0,0,0
804,727/SA1,SA1,727,727,False,True,138,1.0,138,0,0,0,0,0,0,0,0,0,0,0,0,0,0,0,0,0,138,0,0,0,0,0,0,0,0
805,73/SA1,SA1,73,73,False,True,1,783.0,1,0,0,0,0,0,0,0,0,0,0,0,0,0,0,0,0,0,1,0,0,0,0,0,0,0,0
806,731/SA1,SA1,731,731,False,True,152,7.0,152,0,0,0,0,0,0,0,0,0,0,0,0,0,0,0,0,0,152,0,0,0,0,0,0,0,0
807,732/SA0,SA0,732,732,False,True,104,11.0,104,0,0,0,0,0,0,0,0,0,0,0,0,0,0,0,0,0,0,0,0,104,0,0,0,0,0
808,732/SA1,SA1,732,732,False,True,39,28.0,39,0,0,0,0,0,0,0,0,0,0,0,0,0,0,0,0,0,0,0,0,39,0,0,0,0,0
809,733/SA0,SA0,733,733,False,True,115,20.0,115,0,0,0,0,0,0,0,0,0,0,0,0,0,0,0,0,0,0,0,115,0,0,0,0,0,0
810,733/SA1,SA1,733,733,False,True,19,34.0,19,0,0,0,0,0,0,0,0,0,0,0,0,0,0,0,0,0,0,0,19,0,0,0,0,0,0
811,734/SA0,SA0,734,734,False,True,239,2.0,314,0,0,0,0,0,0,0,0,0,0,0,0,0,0,0,0,0,0,153,0,0,23,68,8,22,40
812,734/SA1,SA1,734,734,False,True,25,35.0,30,0,0,0,0,0,0,0,0,0,0,0,0,0,0,0,0,0,0,13,0,0,4,8,0,2,3
813,735/SA0,SA0,735,735,False,True,735,2.0,735,0,0,0,0,0,0,0,0,0,0,0,0,0,0,0,0,0,0,0,0,0,735,0,0,0,0
814,735/SA1,SA1,735,735,False,True,80,1.0,80,0,0,0,0,0,0,0,0,0,0,0,0,0,0,0,0,0,0,0,0,0,80,0,0,0,0
815,736/SA0,SA0,736,736,False,True,87,5.0,87,0,0,0,0,0,0,0,0,0,0,0,0,0,0,0,0,0,0,0,0,0,0,0,87,0,0
816,737/SA0,SA0,737,737,False,True,20,76.0,20,0,0,0,0,0,0,0,0,0,0,0,0,0,0,0,0,0,0,0,0,0,0,0,20,0,0
817,738/SA0,SA0,738,738,False,True,493,2.0,559,0,0,0,0,0,0,0,0,0,0,0,0,0,0,0,0,0,0,0,0,0,388,0,171,0,0
818,738/SA1,SA1,738,738,False,True,37,13.0,39,0,0,0,0,0,0,0,0,0,0,0,0,0,0,0,0,0,0,0,0,0,34,0,5,0,0
819,739/SA0,SA0,739,739,False,True,104,21.0,104,0,0,0,0,0,0,0,0,0,0,0,0,0,0,0,0,0,0,0,0,0,0,0,0,104,0
820,74/SA1,SA1,74,74,False,True,4,243.0,4,0,0,0,0,0,0,0,0,0,0,0,0,0,4,0,0,0,0,0,0,0,0,0,0,0,0
821,740/SA0,SA0,740,740,False,True,14,23.0,14,0,0,0,0,0,0,0,0,0,0,0,0,0,0,0,0,0,0,0,0,0,0,0,0,14,0
822,741/SA0,SA0,741,741,False,True,169,3.0,169,0,0,0,0,0,0,0,0,0,0,0,0,0,0,0,0,0,0,0,0,0,0,0,0,169,0
823,741/SA1,SA1,741,741,False,True,12,58.0,12,0,0,0,0,0,0,0,0,0,0,0,0,0,0,0,0,0,0,0,0,0,0,0,0,12,0
824,742/SA0,SA0,742,742,False,True,97,5.0,97,0,0,0,0,0,0,0,0,0,0,0,0,0,0,0,0,0,0,0,0,0,0,0,0,0,97
825,743/SA0,SA0,743,743,False,True,29,9.0,29,0,0,0,0,0,0,0,0,0,0,0,0,0,0,0,0,0,0,0,0,0,0,0,0,0,29
826,744/SA0,SA0,744,744,False,True,171,3.0,171,0,0,0,0,0,0,0,0,0,0,0,0,0,0,0,0,0,0,0,0,0,0,0,0,0,171
827,744/SA1,SA1,744,744,False,True,15,22.0,15,0,0,0,0,0,0,0,0,0,0,0,0,0,0,0,0,0,0,0,0,0,0,0,0,0,15
828,745/SA0,SA0,745,745,False,True,95,10.0,95,0,0,0,0,0,0,0,0,0,0,0,0,0,0,0,0,0,0,0,0,0,0,95,0,0,0
829,746/SA0,SA0,746,746,False,True,30,17.0,30,0,0,0,0,0,0,0,0,0,0,0,0,0,0,0,0,0,0,0,0,0,0,30,0,0,0
830,747/SA0,SA0,747,747,False,True,252,2.0,335,0,0,0,0,0,0,0,0,0,0,0,0,0,0,0,0,0,0,0,0,0,46,140,18,43,88
831,747/SA1,SA1,747,747,False,True,29,211.0,42,0,0,0,0,0,0,0,0,0,0,0,0,0,0,0,0,0,0,0,0,0,4,19,3,6,10
832,748/SA0,SA0,748,748,False,True,104,6.0,104,0,0,0,0,0,0,0,0,0,0,0,0,0,0,0,0,0,0,104,0,0,0,0,0,0,0
833,749/SA0,SA0,749,749,False,True,21,118.0,21,0,0,0,0,0,0,0,0,0,0,0,0,0,0,0,0,0,0,21,0,0,0,0,0,0,0
834,75->287/SA1,SA1,75,287,True,True,5,88.0,11,0,0,0,0,0,0,0,0,0,0,0,0,0,0,0,0,0,1,1,0,2,3,1,1,1,1
835,75->290/SA1,SA1,75,290,True,True,131,9.0,131,131,0,0,0,0,0,0,0,0,0,0,0,0,0,0,0,0,0,0,0,0,0,0,0,0,0
836,75->293/SA1,SA1,75,293,True,True,133,13.0,133,0,0,0,0,0,0,133,0,0,0,0,0,0,0,0,0,0,0,0,0,0,0,0,0,0,0
837,75->294/SA1,SA1,75,294,True,True,9,37.0,19,0,0,0,0,0,0,0,0,0,0,0,0,0,0,0,0,0,1,2,4,0,3,2,1,4,2
838,75/SA0,SA0,75,75,False,True,227,2.0,282,122,0,0,0,0,0,134,0,0,0,0,0,0,0,0,0,0,3,5,1,3,3,5,1,3,2
839,75/SA1,SA1,75,75,False,True,232,9.0,294,131,0,0,0,0,0,133,0,0,0,0,0,0,0,0,0,0,2,3,4,2,6,3,2,5,3
840,750/SA1,SA1,750,750,False,True,25,33.0,34,0,0,0,0,0,0,0,0,0,0,0,0,0,0,0,0,0,0,18,0,0,1,7,0,2,6
841,751/SA0,SA0,751,751,False,True,82,16.0,82,0,0,0,0,0,0,0,0,0,0,0,0,0,0,0,0,0,0,0,82,0,0,0,0,0,0
842,752/SA0,SA0,752,752,False,True,21,72.0,21,0,0,0,0,0,0,0,0,0,0,0,0,0,0,0,0,0,0,0,21,0,0,0,0,0,0
843,753/SA1,SA1,753,753,False,True,12,4.0,12,0,0,0,0,0,0,0,0,0,0,0,0,0,0,0,0,0,0,0,12,0,0,0,0,0,0
844,754/SA0,SA0,754,754,False,True,88,6.0,88,0,0,0,0,0,0,0,0,0,0,0,0,0,0,0,0,0,0,0,0,88,0,0,0,0,0
845,755/SA0,SA0,755,755,False,True,11,110.0,11,0,0,0,0,0,0,0,0,0,0,0,0,0,0,0,0,0,0,0,0,11,0,0,0,0,0
846,756/SA1,SA1,756,756,False,True,12,58.0,12,0,0,0,0,0,0,0,0,0,0,0,0,0,0,0,0,0,0,0,0,12,0,0,0,0,0
847,757/SA0,SA0,757,757,False,True,52,1.0,52,0,0,0,0,0,0,0,0,0,0,0,0,0,0,0,0,0,52,0,0,0,0,0,0,0,0
848,757/SA1,SA1,757,757,False,True,89,11.0,89,0,0,0,0,0,0,0,0,0,0,0,0,0,0,0,0,0,89,0,0,0,0,0,0,0,0
849,758/SA0,SA0,758,758,False,True,29,15.0,29,0,0,0,0,0,0,0,0,0,0,0,0,0,0,0,0,0,29,0,0,0,0,0,0,0,0
850,759/SA0,SA0,759,759,False,True,72,10.0,72,0,0,0,0,0,0,0,0,0,0,0,0,0,0,0,0,0,72,0,0,0,0,0,0,0,0
851,760/SA0,SA0,760,760,False,True,14,21.0,14,0,0,0,0,0,0,0,0,0,0,0,0,0,0,0,0,0,14,0,0,0,0,0,0,0,0
852,761/SA1,SA1,761,761,False,True,7,151.0,7,0,0,0,0,0,0,0,0,0,0,0,0,0,0,0,0,0,0,0,7,0,0,0,0,0,0
853,762/SA1,SA1,762,762,False,True,10,31.0,14,0,0,0,0,0,0,0,0,0,0,0,0,0,0,0,0,0,0,3,0,0,3,4,2,1,1
854,763/SA1,SA1,763,763,False,True,8,137.0,12,0,0,0,0,0,0,0,0,0,0,0,0,0,0,0,0,0,0,7,0,0,0,2,0,1,2
855,764/SA1,SA1,764,764,False,True,8,188.0,8,0,0,0,0,0,0,0,0,0,0,0,0,0,0,0,0,0,0,0,0,0,0,0,0,8,0
856,765/SA1,SA1,765,765,False,True,34,9.0,38,0,0,0,0,0,0,0,0,0,0,0,0,0,0,0,0,0,0,0,0,0,31,0,7,0,0
857,766/SA1,SA1,766,766,False,True,14,64.0,16,0,0,0,0,0,0,0,0,0,0,0,0,0,0,0,0,0,0,0,0,0,12,0,4,0,0
858,767/SA0,SA0,767,767,False,False,0,,0,0,0,0,0,0,0,0,0,0,0,0,0,0,0,0,0,0,0,0,0,0,0,0,0,0,0
859,767/SA1,SA1,767,767,False,False,0,,0,0,0,0,0,0,0,0,0,0,0,0,0,0,0,0,0,0,0,0,0,0,0,0,0,0,0
860,768/SA0,SA0,768,768,False,False,0,,0,0,0,0,0,0,0,0,0,0,0,0,0,0,0,0,0,0,0,0,0,0,0,0,0,0,0
861,768/SA1,SA1,768,768,False,False,0,,0,0,0,0,0,0,0,0,0,0,0,0,0,0,0,0,0,0,0,0,0,0,0,0,0,0,0
862,769/SA1,SA1,769,769,False,True,107,5.0,107,0,0,0,0,0,0,0,0,0,0,0,0,0,0,0,0,0,0,0,0,0,0,0,107,0,0
863,770/SA1,SA1,770,770,False,True,118,21.0,118,0,0,0,0,0,0,0,0,0,0,0,0,0,0,0,0,0,0,0,0,0,0,0,0,118,0
864,771/SA1,SA1,771,771,False,True,126,5.0,126,0,0,0,0,0,0,0,0,0,0,0,0,0,0,0,0,0,0,0,0,0,0,0,0,0,126
865,772/SA1,SA1,772,772,False,True,125,10.0,125,0,0,0,0,0,0,0,0,0,0,0,0,0,0,0,0,0,0,0,0,0,0,125,0,0,0
866,773->788/SA0,SA0,773,788,True,True,47,13.0,47,0,0,0,0,0,0,0,0,0,0,0,0,0,0,0,0,0,0,47,0,0,0,0,0,0,0
867,773->789/SA1,SA1,773,789,True,True,52,3.0,52,0,0,0,0,0,0,0,0,0,0,0,0,0,0,0,0,0,0,52,0,0,0,0,0,0,0
868,773->795/SA1,SA1,773,795,True,True,126,2.0,161,0,0,0,0,0,0,0,0,0,0,0,0,0,0,0,0,0,0,0,0,0,23,68,8,22,40
869,773/SA0,SA0,773,773,False,True,121,13.0,164,0,0,0,0,0,0,0,0,0,0,0,0,0,0,0,0,0,0,68,0,0,15,46,6,10,19
870,777/SA1,SA1,777,777,False,True,125,6.0,125,0,0,0,0,0,0,0,0,0,0,0,0,0,0,0,0,0,0,125,0,0,0,0,0,0,0
871,778->790/SA0,SA0,778,790,True,True,33,2.0,33,0,0,0,0,0,0,0,0,0,0,0,0,0,0,0,0,0,0,0,33,0,0,0,0,0,0
872,778->791/SA1,SA1,778,791,True,True,47,27.0,47,0,0,0,0,0,0,0,0,0,0,0,0,0,0,0,0,0,0,0,47,0,0,0,0,0,0
873,778/SA0,SA0,778,778,False,True,57,2.0,57,0,0,0,0,0,0,0,0,0,0,0,0,0,0,0,0,0,0,0,57,0,0,0,0,0,0
874,781/SA1,SA1,781,781,False,True,103,16.0,103,0,0,0,0,0,0,0,0,0,0,0,0,0,0,0,0,0,0,0,103,0,0,0,0,0,0
875,782->792/SA0,SA0,782,792,True,True,37,13.0,37,0,0,0,0,0,0,0,0,0,0,0,0,0,0,0,0,0,0,0,0,37,0,0,0,0,0
876,782->793/SA1,SA1,782,793,True,True,37,11.0,37,0,0,0,0,0,0,0,0,0,0,0,0,0,0,0,0,0,0,0,0,37,0,0,0,0,0
877,782/SA0,SA0,782,782,False,True,64,13.0,64,0,0,0,0,0,0,0,0,0,0,0,0,0,0,0,0,0,0,0,0,64,0,0,0,0,0
878,785/SA1,SA1,785,785,False,True,99,6.0,99,0,0,0,0,0,0,0,0,0,0,0,0,0,0,0,0,0,0,0,0,99,0,0,0,0,0
879,786/SA1,SA1,786,786,False,True,81,1.0,81,0,0,0,0,0,0,0,0,0,0,0,0,0,0,0,0,0,81,0,0,0,0,0,0,0,0
880,787/SA1,SA1,787,787,False,True,86,10.0,86,0,0,0,0,0,0,0,0,0,0,0,0,0,0,0,0,0,86,0,0,0,0,0,0,0,0
881,788/SA0,SA0,788,788,False,True,101,11.0,101,0,0,0,0,0,0,0,0,0,0,0,0,0,0,0,0,0,0,101,0,0,0,0,0,0,0
882,788/SA1,SA1,788,788,False,True,99,3.0,99,0,0,0,0,0,0,0,0,0,0,0,0,0,0,0,0,0,0,99,0,0,0,0,0,0,0
883,789/SA0,SA0,789,789,False,True,21,15.0,21,0,0,0,0,0,0,0,0,0,0,0,0,0,0,0,0,0,0,21,0,0,0,0,0,0,0
884,790/SA0,SA0,790,790,False,True,68,20.0,68,0,0,0,0,0,0,0,0,0,0,0,0,0,0,0,0,0,0,0,68,0,0,0,0,0,0
885,790/SA1,SA1,790,790,False,True,80,2.0,80,0,0,0,0,0,0,0,0,0,0,0,0,0,0,0,0,0,0,0,80,0,0,0,0,0,0
886,791/SA0,SA0,791,791,False,True,24,15.0,24,0,0,0,0,0,0,0,0,0,0,0,0,0,0,0,0,0,0,0,24,0,0,0,0,0,0
887,792/SA0,SA0,792,792,False,True,67,22.0,67,0,0,0,0,0,0,0,0,0,0,0,0,0,0,0,0,0,0,0,0,67,0,0,0,0,0
888,792/SA1,SA1,792,792,False,True,74,11.0,74,0,0,0,0,0,0,0,0,0,0,0,0,0,0,0,0,0,0,0,0,74,0,0,0,0,0
889,793/SA0,SA0,793,793,False,True,27,64.0,27,0,0,0,0,0,0,0,0,0,0,0,0,0,0,0,0,0,0,0,0,27,0,0,0,0,0
890,795/SA1,SA1,795,795,False,True,67,32.0,96,0,0,0,0,0,0,0,0,0,0,0,0,0,0,0,0,0,0,0,0,0,15,46,6,10,19
891,796->806/SA0,SA0,796,806,True,True,53,32.0,53,0,0,0,0,0,0,0,0,0,0,0,0,0,0,0,0,0,0,0,0,0,0,53,0,0,0
892,796->807/SA1,SA1,796,807,True,True,49,3.0,49,0,0,0,0,0,0,0,0,0,0,0,0,0,0,0,0,0,0,0,0,0,0,49,0,0,0
893,796->812/SA1,SA1,796,812,True,True,88,3.0,88,0,0,0,0,0,0,0,0,0,0,0,0,0,0,0,0,0,0,0,0,0,0,0,0,0,88
894,796->813/SA1,SA1,796,813,True,True,43,3.0,43,0,0,0,0,0,0,0,0,0,0,0,0,0,0,0,0,0,0,0,0,0,0,0,0,43,0
895,796->814/SA1,SA1,796,814,True,True,59,2.0,64,0,0,0,0,0,0,0,0,0,0,0,0,0,0,0,0,0,0,0,0,0,46,0,18,0,0
896,796/SA0,SA0,796,796,False,True,127,21.0,180,0,0,0,0,0,0,0,0,0,0,0,0,0,0,0,0,0,0,0,0,0,23,84,13,22,38
897,8->269/SA1,SA1,8,269,True,True,58,12.0,58,0,0,0,0,58,0,0,0,0,0,0,0,0,0,0,0,0,0,0,0,0,0,0,0,0,0
898,8->279/SA1,SA1,8,279,True,True,44,15.0,98,0,0,0,0,0,0,0,0,0,0,0,0,0,0,0,0,0,6,16,9,6,19,10,12,12,8
899,8->280/SA1,SA1,8,280,True,True,16,146.0,20,0,0,0,0,0,0,0,0,0,0,0,0,10,10,0,0,0,0,0,0,0,0,0,0,0,0
900,8->309/SA1,SA1,8,309,True,True,169,15.0,202,0,0,0,0,0,0,0,0,0,0,0,0,0,0,0,0,0,0,0,0,0,115,0,87,0,0
901,8/SA0,SA0,8,8,False,True,242,1.0,383,0,0,0,0,50,0,0,0,0,0,0,0,14,7,0,0,0,6,8,8,7,152,10,103,11,7
902,8/SA1,SA1,8,8,False,True,233,12.0,370,0,0,0,0,58,0,0,0,0,0,0,0,10,10,0,0,0,6,16,9,6,129,10,96,12,8
903,80->287/SA1,SA1,80,287,True,True,2,139.0,4,0,0,0,0,0,0,0,0,0,0,0,0,0,0,0,0,0,0,0,0,0,1,1,0,1,1
904,80->291/SA1,SA1,80,291,True,True,115,3.0,115,0,115,0,0,0,0,0,0,0,0,0,0,0,0,0,0,0,0,0,0,0,0,0,0,0,0
905,80->293/SA1,SA1,80,293,True,True,117,1.0,117,0,0,0,0,0,0,117,0,0,0,0,0,0,0,0,0,0,0,0,0,0,0,0,0,0,0
906,80->295/SA1,SA1,80,295,True,True,132,3.0,132,0,0,0,0,0,0,0,132,0,0,0,0,0,0,0,0,0,0,0,0,0,0,0,0,0,0
907,80/SA0,SA0,80,80,False,True,266,2.0,400,0,129,0,0,0,0,134,127,0,0,0,0,0,0,0,0,0,1,2,1,1,2,2,0,1,0
908,80/SA1,SA1,80,80,False,True,236,1.0,368,0,115,0,0,0,0,117,132,0,0,0,0,0,0,0,0,0,0,0,0,0,1,1,0,1,1
909,802/SA1,SA1,802,802,False,True,122,11.0,122,0,0,0,0,0,0,0,0,0,0,0,0,0,0,0,0,0,0,122,0,0,0,0,0,0,0
910,803/SA1,SA1,803,803,False,True,92,15.0,92,0,0,0,0,0,0,0,0,0,0,0,0,0,0,0,0,0,0,0,92,0,0,0,0,0,0
911,804/SA1,SA1,804,804,False,True,94,22.0,94,0,0,0,0,0,0,0,0,0,0,0,0,0,0,0,0,0,0,0,0,94,0,0,0,0,0
912,805/SA1,SA1,805,805,False,True,198,11.0,198,0,0,0,0,0,0,0,0,0,0,0,0,0,0,0,0,0,198,0,0,0,0,0,0,0,0
913,806/SA0,SA0,806,806,False,True,91,42.0,91,0,0,0,0,0,0,0,0,0,0,0,0,0,0,0,0,0,0,0,0,0,0,91,0,0,0
914,806/SA1,SA1,806,806,False,True,102,3.0,102,0,0,0,0,0,0,0,0,0,0,0,0,0,0,0,0,0,0,0,0,0,0,102,0,0,0
915,807/SA0,SA0,807,807,False,True,31,31.0,31,0,0,0,0,0,0,0,0,0,0,0,0,0,0,0,0,0,0,0,0,0,0,31,0,0,0
916,811/SA0,SA0,811,811,False,True,743,2.0,743,0,0,0,0,0,0,0,0,0,0,0,0,0,0,0,0,0,743,0,0,0,0,0,0,0,0
917,812/SA1,SA1,812,812,False,True,38,31.0,38,0,0,0,0,0,0,0,0,0,0,0,0,0,0,0,0,0,0,0,0,0,0,0,0,0,38
918,813/SA1,SA1,813,813,False,True,22,31.0,22,0,0,0,0,0,0,0,0,0,0,0,0,0,0,0,0,0,0,0,0,0,0,0,0,22,0
919,814/SA1,SA1,814,814,False,True,31,21.0,36,0,0,0,0,0,0,0,0,0,0,0,0,0,0,0,0,0,0,0,0,0,23,0,13,0,0
920,815->830/SA0,SA0,815,830,True,True,25,21.0,25,0,0,0,0,0,0,0,0,0,0,0,0,0,0,0,0,0,0,0,0,0,0,0,25,0,0
921,815->831/SA1,SA1,815,831,True,True,66,3.0,66,0,0,0,0,0,0,0,0,0,0,0,0,0,0,0,0,0,0,0,0,0,0,0,66,0,0
922,815->841/SA1,SA1,815,841,True,True,388,2.0,388,0,0,0,0,0,0,0,0,0,0,0,0,0,0,0,0,0,0,0,0,0,388,0,0,0,0
923,815/SA0,SA0,815,815,False,True,176,8.0,197,0,0,0,0,0,0,0,0,0,0,0,0,0,0,0,0,0,0,0,0,0,151,0,46,0,0
924,819->832/SA0,SA0,819,832,True,True,36,58.0,36,0,0,0,0,0,0,0,0,0,0,0,0,0,0,0,0,0,0,0,0,0,0,0,0,36,0
925,819->833/SA1,SA1,819,833,True,True,46,33.0,46,0,0,0,0,0,0,0,0,0,0,0,0,0,0,0,0,0,0,0,0,0,0,0,0,46,0
926,819/SA0,SA0,819,819,False,True,64,31.0,64,0,0,0,0,0,0,0,0,0,0,0,0,0,0,0,0,0,0,0,0,0,0,0,0,64,0
927,822->834/SA0,SA0,822,834,True,True,36,1.0,36,0,0,0,0,0,0,0,0,0,0,0,0,0,0,0,0,0,0,0,0,0,0,0,0,0,36
928,822->835/SA1,SA1,822,835,True,True,65,3.0,65,0,0,0,0,0,0,0,0,0,0,0,0,0,0,0,0,0,0,0,0,0,0,0,0,0,65
929,822/SA0,SA0,822,822,False,True,65,1.0,65,0,0,0,0,0,0,0,0,0,0,0,0,0,0,0,0,0,0,0,0,0,0,0,0,0,65
930,825/SA1,SA1,825,825,False,True,122,31.0,122,0,0,0,0,0,0,0,0,0,0,0,0,0,0,0,0,0,0,0,0,0,0,122,0,0,0
931,826/SA1,SA1,826,826,False,True,242,3.0,242,0,0,0,0,0,0,0,0,0,0,0,0,0,0,0,0,0,0,242,0,0,0,0,0,0,0
932,827/SA1,SA1,827,827,False,True,193,2.0,193,0,0,0,0,0,0,0,0,0,0,0,0,0,0,0,0,0,0,0,193,0,0,0,0,0,0
933,828/SA1,SA1,828,828,False,True,188,1.0,188,0,0,0,0,0,0,0,0,0,0,0,0,0,0,0,0,0,0,0,0,188,0,0,0,0,0
934,830/SA0,SA0,830,830,False,True,105,20.0,105,0,0,0,0,0,0,0,0,0,0,0,0,0,0,0,0,0,0,0,0,0,0,0,105,0,0
935,830/SA1,SA1,830,830,False,True,91,3.0,91,0,0,0,0,0,0,0,0,0,0,0,0,0,0,0,0,0,0,0,0,0,0,0,91,0,0
936,831/SA0,SA0,831,831,False,True,21,13.0,21,0,0,0,0,0,0,0,0,0,0,0,0,0,0,0,0,0,0,0,0,0,0,0,21,0,0
937,832/SA0,SA0,832,832,False,True,123,3.0,123,0,0,0,0,0,0,0,0,0,0,0,0,0,0,0,0,0,0,0,0,0,0,0,0,123,0
938,832/SA1,SA1,832,832,False,True,82,33.0,82,0,0,0,0,0,0,0,0,0,0,0,0,0,0,0,0,0,0,0,0,0,0,0,0,82,0
939,833/SA0,SA0,833,833,False,True,28,31.0,28,0,0,0,0,0,0,0,0,0,0,0,0,0,0,0,0,0,0,0,0,0,0,0,0,28,0
940,834/SA0,SA0,834,834,False,True,106,27.0,106,0,0,0,0,0,0,0,0,0,0,0,0,0,0,0,0,0,0,0,0,0,0,0,0,0,106
941,834/SA1,SA1,834,834,False,True,101,1.0,101,0,0,0,0,0,0,0,0,0,0,0,0,0,0,0,0,0,0,0,0,0,0,0,0,0,101
942,835/SA0,SA0,835,835,False,True,29,31.0,29,0,0,0,0,0,0,0,0,0,0,0,0,0,0,0,0,0,0,0,0,0,0,0,0,0,29
943,837/SA0,SA0,837,837,False,True,649,1.0,649,0,0,0,0,0,0,0,0,0,0,0,0,0,0,0,0,0,0,649,0,0,0,0,0,0,0
944,838/SA0,SA0,838,838,False,True,745,1.0,745,0,0,0,0,0,0,0,0,0,0,0,0,0,0,0,0,0,0,0,745,0,0,0,0,0,0
945,839/SA0,SA0,839,839,False,True,751,1.0,751,0,0,0,0,0,0,0,0,0,0,0,0,0,0,0,0,0,0,0,0,751,0,0,0,0,0
946,841/SA1,SA1,841,841,False,True,151,8.0,151,0,0,0,0,0,0,0,0,0,0,0,0,0,0,0,0,0,0,0,0,0,151,0,0,0,0
947,842/SA1,SA1,842,842,False,True,126,13.0,126,0,0,0,0,0,0,0,0,0,0,0,0,0,0,0,0,0,0,0,0,0,0,0,126,0,0
948,843/SA1,SA1,843,843,False,True,151,3.0,151,0,0,0,0,0,0,0,0,0,0,0,0,0,0,0,0,0,0,0,0,0,0,0,0,151,0
949,844/SA1,SA1,844,844,False,True,135,27.0,135,0,0,0,0,0,0,0,0,0,0,0,0,0,0,0,0,0,0,0,0,0,0,0,0,0,135
950,845/SA1,SA1,845,845,False,True,242,1.0,242,0,0,0,0,0,0,0,0,0,0,0,0,0,0,0,0,0,0,0,0,0,0,242,0,0,0
951,849/SA1,SA1,849,849,False,True,289,1.0,289,0,0,0,0,0,0,0,0,0,0,0,0,0,0,0,0,0,0,0,0,0,289,0,0,0,0
952,85/SA1,SA1,85,85,False,True,257,4.0,257,0,0,0,257,0,0,0,0,0,0,0,0,0,0,0,0,0,0,0,0,0,0,0,0,0,0
953,850/SA0,SA0,850,850,False,False,0,,0,0,0,0,0,0,0,0,0,0,0,0,0,0,0,0,0,0,0,0,0,0,0,0,0,0,0
954,850/SA1,SA1,850,850,False,False,0,,0,0,0,0,0,0,0,0,0,0,0,0,0,0,0,0,0,0,0,0,0,0,0,0,0,0,0
955,854/SA0,SA0,854,854,False,True,646,1.0,646,0,0,0,0,0,0,0,0,0,0,0,0,0,0,0,0,0,0,0,0,0,0,646,0,0,0
956,859/SA1,SA1,859,859,False,True,243,1.0,243,0,0,0,0,0,0,0,0,0,0,0,0,0,0,0,0,0,0,0,0,0,0,0,243,0,0
957,86/SA1,SA1,86,86,False,True,278,1.0,278,0,0,0,278,0,0,0,0,0,0,0,0,0,0,0,0,0,0,0,0,0,0,0,0,0,0
958,860/SA1,SA1,860,860,False,True,237,11.0,237,0,0,0,0,0,0,0,0,0,0,0,0,0,0,0,0,0,0,0,0,0,0,0,0,237,0
959,861/SA1,SA1,861,861,False,True,263,1.0,263,0,0,0,0,0,0,0,0,0,0,0,0,0,0,0,0,0,0,0,0,0,0,0,0,0,263
960,863/SA0,SA0,863,863,False,False,0,,0,0,0,0,0,0,0,0,0,0,0,0,0,0,0,0,0,0,0,0,0,0,0,0,0,0,0
961,863/SA1,SA1,863,863,False,False,0,,0,0,0,0,0,0,0,0,0,0,0,0,0,0,0,0,0,0,0,0,0,0,0,0,0,0,0
962,864/SA0,SA0,864,864,False,False,0,,0,0,0,0,0,0,0,0,0,0,0,0,0,0,0,0,0,0,0,0,0,0,0,0,0,0,0
963,864/SA1,SA1,864,864,False,False,0,,0,0,0,0,0,0,0,0,0,0,0,0,0,0,0,0,0,0,0,0,0,0,0,0,0,0,0
964,865/SA0,SA0,865,865,False,False,0,,0,0,0,0,0,0,0,0,0,0,0,0,0,0,0,0,0,0,0,0,0,0,0,0,0,0,0
965,865/SA1,SA1,865,865,False,False,0,,0,0,0,0,0,0,0,0,0,0,0,0,0,0,0,0,0,0,0,0,0,0,0,0,0,0,0
966,866/SA0,SA0,866,866,False,False,0,,0,0,0,0,0,0,0,0,0,0,0,0,0,0,0,0,0,0,0,0,0,0,0,0,0,0,0
967,866/SA1,SA1,866,866,False,False,0,,0,0,0,0,0,0,0,0,0,0,0,0,0,0,0,0,0,0,0,0,0,0,0,0,0,0,0
968,867/SA0,SA0,867,867,False,True,650,1.0,650,0,0,0,0,0,0,0,0,0,0,0,0,0,0,0,0,0,0,0,0,0,0,0,650,0,0
969,868/SA0,SA0,868,868,False,True,623,1.0,623,0,0,0,0,0,0,0,0,0,0,0,0,0,0,0,0,0,0,0,0,0,0,0,0,623,0
970,869/SA0,SA0,869,869,False,True,651,1.0,651,0,0,0,0,0,0,0,0,0,0,0,0,0,0,0,0,0,0,0,0,0,0,0,0,0,651
971,87/SA0,SA0,87,87,False,True,183,11.0,250,0,0,0,0,0,0,0,0,0,119,0,0,0,0,131,0,0,0,0,0,0,0,0,0,0,0
972,874/SA0,SA0,874,874,False,False,0,,0,0,0,0,0,0,0,0,0,0,0,0,0,0,0,0,0,0,0,0,0,0,0,0,0,0,0
973,874/SA1,SA1,874,874,False,False,0,,0,0,0,0,0,0,0,0,0,0,0,0,0,0,0,0,0,0,0,0,0,0,0,0,0,0,0
974,878/SA0,SA0,878,878,False,False,0,,0,0,0,0,0,0,0,0,0,0,0,0,0,0,0,0,0,0,0,0,0,0,0,0,0,0,0
975,878/SA1,SA1,878,878,False,False,0,,0,0,0,0,0,0,0,0,0,0,0,0,0,0,0,0,0,0,0,0,0,0,0,0,0,0,0
976,879/SA0,SA0,879,879,False,False,0,,0,0,0,0,0,0,0,0,0,0,0,0,0,0,0,0,0,0,0,0,0,0,0,0,0,0,0
977,879/SA1,SA1,879,879,False,False,0,,0,0,0,0,0,0,0,0,0,0,0,0,0,0,0,0,0,0,0,0,0,0,0,0,0,0,0
978,88/SA0,SA0,88,88,False,True,173,5.0,234,0,0,0,0,0,0,0,0,0,113,0,0,0,0,121,0,0,0,0,0,0,0,0,0,0,0
979,880/SA0,SA0,880,880,False,False,0,,0,0,0,0,0,0,0,0,0,0,0,0,0,0,0,0,0,0,0,0,0,0,0,0,0,0,0
980,880/SA1,SA1,880,880,False,False,0,,0,0,0,0,0,0,0,0,0,0,0,0,0,0,0,0,0,0,0,0,0,0,0,0,0,0,0
981,89/SA1,SA1,89,89,False,True,349,4.0,349,0,0,0,0,0,0,0,0,0,0,0,0,0,0,349,0,0,0,0,0,0,0,0,0,0,0
982,90/SA1,SA1,90,90,False,True,379,3.0,379,0,0,0,0,0,0,0,0,0,379,0,0,0,0,0,0,0,0,0,0,0,0,0,0,0,0
983,91->301/SA1,SA1,91,301,True,True,268,3.0,268,0,0,0,0,0,0,0,0,0,0,0,0,0,0,0,268,0,0,0,0,0,0,0,0,0,0
984,91->302/SA0,SA0,91,302,True,True,245,5.0,245,0,0,0,0,0,0,0,0,0,0,0,0,0,0,0,245,0,0,0,0,0,0,0,0,0,0
985,91->332/SA1,SA1,91,332,True,True,129,6.0,129,0,0,0,0,0,0,0,0,0,0,0,0,0,0,0,0,0,0,0,0,0,0,0,0,129,0
986,91->502/SA1,SA1,91,502,True,True,14,49.0,17,0,0,0,0,0,0,0,0,0,0,0,0,0,0,0,0,0,0,0,0,0,10,0,7,0,0
987,91/SA0,SA0,91,91,False,True,494,2.0,629,0,0,0,0,0,0,0,0,0,0,0,0,0,0,0,494,0,0,0,0,0,12,0,7,116,0
988,91/SA1,SA1,91,91,False,True,530,1.0,676,0,0,0,0,0,0,0,0,0,0,0,0,0,0,0,530,0,0,0,0,0,10,0,7,129,0
989,96->301/SA1,SA1,96,301,True,True,245,5.0,245,0,0,0,0,0,0,0,0,0,0,0,0,0,0,0,245,0,0,0,0,0,0,0,0,0,0
990,96->302/SA0,SA0,96,302,True,True,268,3.0,268,0,0,0,0,0,0,0,0,0,0,0,0,0,0,0,268,0,0,0,0,0,0,0,0,0,0
991,96->333/SA1,SA1,96,333,True,True,109,6.0,109,0,0,0,0,0,0,0,0,0,0,0,0,0,0,0,0,0,0,0,0,0,0,0,0,0,109
992,96->504/SA1,SA1,96,504,True,True,9,33.0,13,0,0,0,0,0,0,0,0,0,0,0,0,0,0,0,0,0,0,0,0,0,6,0,3,4,0
993,96/SA0,SA0,96,96,False,True,517,2.0,660,0,0,0,0,0,0,0,0,0,0,0,0,0,0,0,517,0,0,0,0,0,4,0,0,9,130
994,96/SA1,SA1,96,96,False,True,507,1.0,629,0,0,0,0,0,0,0,0,0,0,0,0,0,0,0,507,0,0,0,0,0,6,0,3,4,109
