vector_id, input_vector                                                , PO_388, PO_389, PO_390, PO_391, PO_418, PO_419, PO_420, PO_421, PO_422, PO_423, PO_446, PO_447, PO_448, PO_449, PO_450, PO_767, PO_768, PO_850, PO_863, PO_864, PO_865, PO_866, PO_874, PO_878, PO_879, PO_880
        1, 001000001000000010110011100100101110101011000010001111011010,      0,      0,      0,      0,      0,      1,      1,      1,      1,      1,      1,      0,      0,      0,      0,      1,      1,      1,      1,      1,      1,      1,      0,      1,      1,      0
        2, 000111010001110010111010011110010000010111100110110101001001,      0,      0,      0,      0,      0,      1,      1,      1,      1,      1,      1,      0,      0,      0,      0,      1,      1,      0,      1,      1,      1,      0,      1,      1,      1,      1
        3, 001100110000010001011001111100001000000000100110010110001111,      0,      0,      0,      0,      0,      1,      1,      1,      1,      0,      1,      0,      0,      0,      0,      0,      1,      0,      1,      1,      1,      0,      1,      1,      1,      1
        4, 100011000010101100100000011101001011111100100010010000000100,      0,      0,      0,      0,      0,      1,      1,      1,      1,      0,      1,      0,      0,      0,      0,      1,      0,      1,      1,      1,      0,      0,      1,      0,      0,      0
        5, 001110101101110010001010011011010010001101011100110010101100,      0,      0,      0,      0,      0,      1,      1,      1,      1,      1,      1,      0,      0,      0,      0,      1,      0,      1,      1,      0,      1,      0,      1,      0,      0,      0
        6, 000101001101000110000100110100101001110000111011110010100111,      0,      0,      0,      0,      0,      1,      1,      1,      1,      0,      1,      0,      0,      0,      0,      1,      0,      1,      0,      1,      1,      0,      1,      1,      0,      1
        7, 101010100110110111111001101101101111101001100100000010110111,      0,      0,      0,      1,      0,      1,      0,      0,      1,      0,      1,      0,      0,      0,      0,      1,      1,      1,      0,      1,      0,      0,      0,      0,      0,      0
        8, 000010010001011111011101101101011100001000111110011011011110,      0,      0,      0,      0,      0,      1,      1,      1,      1,      0,      1,      0,      0,      0,      1,      1,      0,      1,      1,      1,      0,      0,      0,      0,      1,      1
        9, 101110111010010010100111011111110100100000000001001110001001,      0,      0,      0,      0,      0,      0,      1,      0,      0,      0,      1,      1,      0,      0,      0,      0,      0,      1,      0,      0,      1,      0,      0,      0,      1,      1
       10, 110000100111010110111010111111001101110110101111100001101110,      0,      0,      0,      0,      0,      1,      0,      0,      1,      1,      1,      0,      0,      0,      0,      1,      1,      1,      0,      0,      1,      1,      1,      1,      0,      0
       11, 010101111111111100010000111001010100100101001111100110011000,      1,      0,      1,      0,      0,      1,      1,      1,      0,      0,      1,      0,      0,      0,      0,      1,      1,      1,      1,      1,      1,      1,      0,      1,      1,      1
       12, 010001011111100001000000011110011100101000100001110111111001,      0,      0,      0,      0,      0,      1,      1,      1,      1,      0,      1,      0,      0,      0,      0,      0,      0,      1,      1,      1,      1,      0,      1,      1,      1,      1
       13, 110000100111011011111001111101011101011001110010111000010100,      0,      0,      0,      1,      0,      1,      1,      0,      1,      0,      1,      0,      0,      0,      0,      0,      0,      1,      1,      1,      1,      1,      1,      0,      1,      1
       14, 010011111101010001111011101111111001010111101001010100100111,      0,      0,      1,      1,      0,      1,      1,      1,      1,      1,      1,      0,      0,      0,      0,      1,      0,      1,      1,      1,      1,      0,      0,      1,      1,      1
       15, 101111000100100101001011110010000101001111011001111111011001,      0,      0,      0,      0,      0,      0,      1,      1,      1,      1,      1,      0,      0,      0,      0,      0,      0,      1,      1,      0,      1,      0,      1,      1,      1,      1
       16, 111011001101001000110100111000110111101000110101011111001010,      0,      0,      0,      0,      0,      1,      1,      1,      1,      0,      1,      1,      1,      0,      1,      1,      1,      1,      1,      1,      0,      1,      1,      1,      1,      1
       17, 011100001100001111010111010110101101100100001000000010010010,      0,      0,      0,      0,      0,      1,      1,      1,      1,      1,      1,      0,      0,      0,      1,      0,      1,      0,      0,      0,      0,      0,      0,      0,      0,      0
       18, 000010100100100111010011001110110010001111110001101111101111,      0,      0,      0,      0,      0,      1,      1,      1,      1,      1,      1,      0,      0,      0,      0,      0,      1,      1,      1,      0,      1,      0,      1,      1,      1,      1
       19, 101000010100101110111000100110101010011110001000001111011100,      0,      0,      0,      0,      0,      1,      1,      1,      1,      0,      1,      0,      0,      0,      0,      1,      0,      1,      1,      0,      0,      0,      0,      1,      0,      0
       20, 000011111110011011100100010011100110010101010101111101010110,      0,      1,      1,      1,      0,      1,      1,      0,      0,      0,      1,      0,      0,      0,      0,      0,      1,      1,      1,      1,      1,      0,      1,      1,      1,      1
       21, 100110111010000110000100000111110101111010111001100110101100,      0,      0,      0,      0,      0,      1,      0,      0,      0,      0,      1,      1,      0,      0,      0,      1,      1,      1,      1,      1,      1,      1,      1,      1,      1,      1
       22, 101000011011111101010111010011100111001101100110000010010100,      0,      0,      0,      0,      0,      1,      1,      1,      1,      1,      1,      0,      0,      0,      1,      1,      0,      0,      0,      0,      0,      0,      0,      0,      1,      0
       23, 001011011100110111111000101100100110100110101101010010100011,      1,      0,      0,      1,      0,      1,      1,      1,      1,      0,      1,      0,      0,      0,      0,      0,      1,      1,      1,      1,      0,      0,      0,      1,      0,      1
       24, 011000100101010001100100011010100100110111010100100110110001,      0,      0,      0,      1,      0,      1,      1,      1,      1,      0,      1,      0,      0,      0,      0,      0,      1,      0,      0,      1,      1,      1,      1,      1,      1,      0
       25, 010000111110011011011111101111010101100111110111011100110001,      0,      0,      0,      0,      0,      1,      1,      0,      0,      1,      1,      0,      0,      0,      1,      1,      0,      1,      1,      1,      1,      1,      1,      1,      1,      1
       26, 000011100111100111100001101110110000101011011001000001011100,      0,      1,      0,      1,      0,      1,      0,      0,      1,      0,      1,      0,      0,      0,      0,      1,      0,      1,      0,      0,      1,      0,      0,      0,      0,      0
       27, 011111001011100010001001011010101000010000101011110111000111,      0,      0,      0,      0,      0,      1,      1,      1,      1,      0,      1,      0,      0,      0,      0,      0,      1,      1,      1,      0,      1,      0,      1,      1,      1,      1
       28, 101011110101010110000111001100111110011001001111001011110100,      1,      1,      1,      0,      0,      1,      1,      1,      1,      0,      1,      0,      0,      0,      0,      0,      0,      0,      0,      1,      0,      0,      1,      0,      1,      1
       29, 110111000111100100001110011011111101101101100101000000111010,      0,      0,      0,      0,      0,      1,      1,      1,      1,      1,      1,      0,      0,      0,      1,      1,      1,      1,      0,      1,      1,      1,      0,      0,      0,      0
       30, 110001111011111001101101111110111010101111001100000000011100,      0,      0,      1,      1,      0,      1,      1,      1,      0,      0,      1,      0,      0,      0,      1,      1,      1,      0,      0,      0,      0,      0,      0,      0,      0,      0
       31, 001110111000001001101001011110110010110011001110100011001101,      0,      0,      0,      1,      0,      1,      1,      1,      1,      0,      1,      0,      0,      0,      0,      1,      1,      0,      1,      0,      1,      0,      0,      0,      0,      0
       32, 111011000110110110001011110001100000011001010101101101100001,      0,      0,      0,      0,      0,      1,      0,      1,      1,      1,      1,      0,      0,      0,      0,      1,      1,      1,      0,      1,      0,      0,      1,      0,      1,      0
       33, 100010110011111100100100001111001101000100000010001100001011,      0,      0,      0,      0,      0,      1,      1,      1,      0,      0,      1,      0,      0,      0,      0,      1,      1,      0,      0,      0,      1,      0,      0,      0,      0,      0
       34, 010011100110111110110100101011010101011000110000101100001001,      0,      1,      0,      0,      0,      1,      0,      0,      1,      0,      1,      0,      0,      0,      1,      1,      0,      1,      0,      1,      0,      0,      0,      1,      1,      1
       35, 011111111110110111000011100101011111101001000000100000011011,      1,      1,      1,      0,      0,      1,      0,      0,      0,      0,      1,      0,      0,      0,      0,      0,      1,      0,      0,      0,      0,      1,      0,      0,      0,      0
       36, 001001101000000111101110010001111000011100001100100100010100,      0,      1,      0,      1,      0,      1,      1,      1,      1,      1,      1,      0,      0,      0,      1,      1,      0,      1,      1,      1,      0,      0,      0,      0,      0,      0
       37, 111001001001110111011101010001010111000111100001110001011011,      0,      0,      0,      0,      0,      1,      1,      1,      1,      0,      1,      0,      0,      0,      1,      0,      0,      1,      0,      0,      0,      1,      1,      1,      1,      0
       38, 100010011110001111101101010010111111101101101111011111000010,      0,      0,      0,      1,      0,      1,      0,      1,      1,      0,      1,      1,      0,      0,      1,      0,      1,      1,      1,      1,      1,      1,      1,      1,      1,      1
       39, 110110101011011110100010011100010011110101011000111101110111,      0,      0,      0,      0,      0,      1,      0,      0,      1,      0,      1,      1,      0,      0,      0,      0,      1,      1,      1,      1,      0,      0,      1,      1,      1,      1
       40, 010001000001110100110011100010001101011111011101001001001011,      0,      0,      0,      0,      0,      1,      1,      1,      1,      1,      1,      0,      0,      0,      0,      0,      0,      1,      0,      1,      1,      1,      1,      1,      1,      1
       41, 011010011001101010011111110000101010110011010100101110100011,      0,      0,      0,      0,      0,      1,      1,      1,      1,      1,      1,      0,      0,      0,      1,      1,      1,      1,      1,      1,      1,      0,      1,      1,      1,      0
       42, 000001101111001010000101101111001111110011010101111101100010,      0,      1,      0,      0,      0,      1,      1,      0,      1,      0,      1,      0,      0,      0,      0,      1,      0,      1,      1,      1,      1,      1,      1,      1,      1,      1
       43, 001101001010110100110100001000100101010010001110100000110011,      0,      0,      0,      0,      0,      1,      1,      1,      1,      0,      1,      0,      0,      0,      1,      0,      1,      1,      0,      1,      0,      1,      0,      0,      0,      0
       44, 000001111001001010011001100100110111010000100011111001010001,      0,      1,      1,      0,      0,      1,      1,      1,      1,      0,      1,      0,      0,      0,      0,      1,      1,      1,      1,      1,      1,      0,      1,      1,      1,      1
       45, 101100001010100000011101010011101011101010100000000111000101,      0,      0,      0,      0,      0,      1,      1,      1,      1,      0,      1,      0,      0,      0,      1,      0,      0,      0,      0,      0,      0,      0,      0,      1,      0,      1
       46, 011101000001011110101011011100001001010110001100100011100010,      0,      0,      0,      0,      0,      1,      1,      1,      1,      1,      1,      0,      0,      0,      0,      1,      0,      1,      0,      1,      0,      0,      0,      0,      0,      0
       47, 010011111111000000001111010111100010010001101100110010000000,      0,      0,      1,      0,      0,      1,      1,      1,      0,      1,      1,      0,      0,      0,      1,      0,      1,      1,      1,      1,      1,      0,      1,      0,      1,      0
       48, 011010000100100100111011010011100011110011010001111111100100,      0,      0,      0,      0,      0,      1,      1,      1,      1,      1,      1,      0,      0,      0,      0,      1,      1,      1,      1,      1,      1,      0,      1,      1,      1,      1
       49, 101100000100110001101001101000000101001010000010110111001110,      0,      0,      0,      1,      0,      1,      1,      1,      1,      0,      1,      0,      0,      0,      0,      1,      1,      0,      1,      0,      1,      0,      0,      1,      1,      1
       50, 100111000100100101001100110100011000111011111010010010110010,      0,      0,      0,      0,      0,      1,      1,      1,      1,      0,      1,      0,      0,      0,      1,      1,      1,      1,      0,      1,      0,      0,      1,      0,      0,      1
       51, 100011010100010011110001100101011000001010111110101110101111,      0,      0,      0,      1,      0,      1,      1,      1,      1,      0,      1,      0,      0,      0,      0,      0,      0,      1,      1,      1,      1,      0,      1,      1,      0,      1
       52, 010000110011101101000100000010100110011111010100000111111100,      0,      0,      0,      0,      0,      1,      1,      1,      0,      0,      1,      0,      0,      0,      0,      0,      0,      1,      1,      1,      1,      1,      1,      1,      1,      0
       53, 110101100111011111000111110010111000110000000010101111000111,      0,      1,      0,      0,      0,      1,      0,      0,      1,      0,      1,      0,      0,      0,      0,      1,      1,      1,      0,      0,      1,      0,      0,      0,      0,      0
       54, 011101010100000011001000011111111011100111010111111000011001,      0,      0,      0,      0,      0,      1,      1,      1,      1,      0,      1,      0,      0,      0,      0,      0,      0,      1,      1,      1,      1,      0,      1,      1,      1,      1
       55, 111110010111001010101001011111110100100111000011101001101001,      0,      0,      0,      0,      1,      0,      1,      1,      1,      0,      1,      0,      0,      1,      0,      0,      0,      1,      0,      0,      1,      1,      0,      1,      1,      1
       56, 100010011111100010100000110011000111110111001000000001011000,      0,      0,      0,      0,      0,      1,      1,      1,      1,      0,      1,      1,      0,      0,      0,      0,      1,      0,      0,      1,      1,      1,      1,      0,      1,      1
       57, 000111011000110101001001001011100101100000100001011110000111,      1,      0,      0,      0,      0,      1,      1,      1,      1,      0,      1,      0,      0,      0,      0,      1,      0,      1,      1,      1,      1,      0,      0,      1,      1,      1
       58, 100000011110110011111110000001110110011011001100101011100001,      0,      0,      0,      1,      0,      1,      1,      1,      1,      1,      1,      0,      0,      0,      1,      1,      0,      0,      1,      1,      0,      1,      1,      0,      1,      0
       59, 100110110011001110111010011000101110011111000011110001010100,      0,      0,      0,      0,      0,      1,      0,      0,      0,      1,      1,      0,      0,      0,      0,      0,      1,      0,      1,      0,      0,      0,      1,      0,      0,      1
       60, 010101010011010011000011110111110011100011001011111000100001,      0,      0,      0,      0,      0,      1,      1,      1,      1,      0,      1,      0,      0,      0,      0,      0,      1,      1,      1,      1,      1,      0,      1,      1,      1,      1
       61, 011001001100101011110010101001100000101110010110001011101000,      0,      0,      0,      1,      0,      1,      1,      1,      1,      1,      1,      0,      0,      0,      0,      0,      0,      1,      1,      0,      1,      0,      1,      1,      0,      0
       62, 011010011110100110001101110111010100000001001000110000010011,      0,      0,      0,      0,      0,      1,      0,      1,      1,      0,      1,      0,      0,      0,      1,      1,      0,      1,      0,      1,      1,      1,      1,      1,      1,      1
       63, 111110100000101101111010001101100000101010100001000010101001,      0,      0,      0,      1,      1,      0,      1,      1,      1,      1,      1,      0,      0,      0,      0,      0,      1,      0,      0,      0,      1,      0,      0,      0,      0,      0
       64, 110001001111101110010011101111111000100100001001101101010110,      0,      0,      0,      0,      0,      1,      0,      1,      1,      1,      1,      0,      0,      0,      0,      1,      0,      1,      1,      0,      1,      0,      0,      0,      0,      0
       65, 000100011001001100011110010110111011011111001000100001001101,      0,      0,      0,      0,      0,      1,      1,      1,      1,      1,      1,      0,      0,      0,      1,      0,      1,      1,      1,      1,      0,      0,      0,      0,      0,      0
       66, 110010000000000101010011100100101100110000100010001001110101,      0,      0,      0,      0,      0,      1,      1,      1,      1,      1,      1,      0,      0,      0,      0,      1,      0,      1,      0,      1,      1,      0,      1,      1,      0,      1
       67, 110101100111000001011100111111101101111110001000110010001100,      0,      0,      0,      0,      0,      1,      1,      1,      1,      0,      1,      0,      0,      0,      1,      0,      1,      1,      1,      1,      1,      1,      1,      1,      0,      1
       68, 101001110011001000001000011111000011110011010100110111110111,      0,      0,      1,      0,      0,      1,      1,      1,      0,      0,      1,      0,      0,      0,      0,      1,      1,      1,      1,      1,      1,      0,      1,      1,      1,      0
       69, 010101001110101011001110100100010000100001001111110110001101,      0,      0,      0,      0,      0,      1,      1,      1,      1,      1,      1,      0,      0,      0,      1,      1,      1,      1,      1,      1,      1,      0,      0,      1,      1,      1
       70, 101011000101110101111011011111100001011000100110111101000011,      0,      0,      0,      1,      0,      1,      1,      1,      1,      1,      1,      0,      0,      0,      0,      1,      0,      1,      1,      1,      1,      0,      1,      1,      1,      1
       71, 011111110101001111101110011100010111111111100000100010001001,      1,      1,      1,      1,      0,      1,      1,      1,      1,      1,      1,      0,      0,      0,      1,      0,      1,      0,      0,      0,      0,      1,      0,      1,      0,      1
       72, 001001100110000011111100111110011111010001110111011001011100,      0,      1,      0,      1,      0,      1,      1,      0,      1,      0,      1,      0,      0,      0,      1,      1,      1,      0,      1,      1,      1,      0,      1,      1,      0,      1
       73, 110101011110000101111010000001101000001011111101000110100110,      1,      0,      0,      1,      0,      1,      1,      1,      1,      1,      1,      0,      0,      0,      0,      1,      1,      1,      1,      1,      0,      0,      1,      1,      1,      1
       74, 001100010011110001110100001100101000101000101001000101110011,      0,      0,      0,      1,      0,      1,      1,      1,      1,      0,      1,      0,      0,      0,      1,      0,      1,      1,      1,      1,      1,      0,      0,      0,      0,      1
       75, 010111100111100011111010010101010111100000000010001110100001,      0,      1,      0,      1,      0,      1,      1,      0,      1,      1,      1,      0,      0,      0,      0,      0,      0,      0,      1,      1,      1,      0,      1,      1,      0,      1
       76, 010111010010000010000101110001101111111100111111001001010010,      0,      0,      0,      0,      0,      1,      1,      1,      1,      0,      1,      0,      0,      0,      0,      0,      0,      1,      1,      1,      1,      0,      1,      1,      1,      1
       77, 100011001100110100110101010011110001010101000110011100101011,      0,      0,      0,      0,      0,      1,      1,      1,      1,      0,      1,      1,      0,      0,      1,      0,      0,      1,      0,      1,      1,      0,      1,      1,      1,      0
       78, 011001011000011100111101101011010001000000101011101000110010,      1,      0,      0,      0,      0,      1,      1,      1,      1,      0,      1,      0,      0,      0,      1,      0,      0,      1,      1,      1,      1,      0,      0,      0,      0,      1
       79, 100101010011100110101100010001111001111010110100110010100111,      1,      0,      0,      0,      0,      1,      0,      1,      1,      0,      1,      0,      0,      0,      1,      1,      0,      1,      0,      0,      0,      0,      1,      1,      0,      0
       80, 100000101001000100111111000000100001010110111000001011000001,      0,      0,      0,      0,      0,      1,      1,      1,      1,      1,      1,      0,      0,      0,      1,      0,      0,      0,      1,      0,      0,      0,      1,      1,      0,      1
       81, 111011011100110010100111111011001100001111001010110000110101,      0,      0,      0,      0,      0,      1,      1,      1,      1,      0,      1,      1,      0,      0,      0,      1,      1,      1,      1,      1,      1,      1,      1,      1,      1,      1
       82, 100100000111110000010111010011110001000001000110001001011001,      0,      0,      0,      0,      0,      1,      1,      1,      1,      1,      1,      0,      0,      0,      1,      0,      0,      0,      0,      1,      1,      0,      0,      0,      1,      0
       83, 111010110011100000111111011100100001001101100011011100111000,      0,      0,      0,      0,      0,      1,      1,      1,      0,      1,      1,      0,      0,      0,      1,      1,      0,      1,      1,      1,      1,      0,      1,      0,      1,      1
       84, 111100101111011001100101101001101101011101001000101001111000,      0,      0,      0,      1,      1,      1,      1,      1,      1,      0,      1,      0,      0,      1,      0,      0,      1,      1,      1,      1,      1,      1,      1,      1,      1,      1
       85, 001100100110010101001111010010000111010001110001001001101111,      0,      0,      0,      0,      0,      1,      1,      1,      1,      1,      1,      0,      0,      0,      1,      1,      0,      1,      1,      1,      1,      0,      1,      1,      0,      1
       86, 001001011110001110111100101110110010101111000110101110001011,      1,      0,      0,      0,      0,      1,      0,      1,      1,      0,      1,      0,      0,      0,      1,      0,      0,      1,      1,      1,      1,      0,      1,      1,      1,      0
       87, 010110011100000001111001111100101010010100111111100100111010,      0,      0,      0,      1,      0,      1,      1,      1,      1,      0,      1,      0,      0,      0,      0,      1,      1,      1,      0,      1,      1,      0,      1,      0,      0,      1
       88, 000001100011101111100101011100110100110001010101111111100110,      0,      1,      0,      1,      0,      1,      0,      0,      1,      0,      1,      0,      0,      0,      0,      0,      0,      1,      1,      1,      1,      0,      1,      0,      1,      1
       89, 100101100011011100001101010010001110100101000111110111101011,      0,      0,      0,      0,      0,      1,      1,      1,      1,      0,      1,      0,      0,      0,      1,      0,      1,      1,      0,      1,      1,      0,      1,      1,      1,      1
       90, 110011111101110010100001001101100000000001000111011111001011,      0,      1,      1,      0,      0,      1,      1,      1,      1,      0,      1,      1,      0,      0,      0,      1,      0,      1,      1,      1,      1,      0,      0,      1,      1,      0
       91, 101101010101001001100001101000110110111100011011110011011000,      0,      0,      0,      1,      0,      1,      1,      1,      1,      0,      1,      0,      0,      0,      0,      1,      0,      0,      1,      0,      0,      0,      1,      0,      1,      1
       92, 101101101000000110111001010100100000101000000101000010001111,      0,      1,      0,      0,      0,      1,      1,      1,      1,      0,      1,      0,      0,      0,      0,      0,      0,      0,      0,      0,      0,      0,      0,      0,      0,      0
       93, 001000100101010100001001000001110001110000101110000010101000,      0,      0,      0,      0,      0,      1,      1,      1,      1,      0,      1,      0,      0,      0,      0,      0,      1,      0,      0,      1,      1,      0,      0,      0,      0,      0
       94, 011000011011110000001000111010010001010011010010110101101000,      0,      0,      0,      0,      0,      1,      1,      1,      1,      0,      1,      0,      0,      0,      0,      1,      0,      0,      1,      1,      1,      0,      1,      1,      1,      1
       95, 100111010100001101110100110001001011101100010011000110101101,      1,      0,      0,      1,      0,      1,      1,      1,      1,      0,      1,      0,      0,      0,      1,      0,      1,      1,      0,      0,      1,      0,      1,      0,      0,      0
       96, 011001101110010100111011000010010011111001111011110010010100,      0,      0,      0,      0,      0,      1,      1,      1,      1,      1,      1,      0,      0,      0,      0,      1,      0,      1,      1,      0,      1,      0,      0,      0,      1,      0
       97, 010010001101111010000111111110101011100111001000000010111000,      0,      0,      0,      0,      0,      1,      1,      1,      1,      0,      1,      0,      0,      0,      0,      0,      1,      0,      1,      1,      1,      0,      0,      0,      0,      0
       98, 110110100110110011110110100010101101000100010101101101111011,      0,      0,      0,      1,      0,      1,      1,      0,      1,      1,      1,      0,      0,      0,      1,      0,      0,      1,      0,      1,      1,      0,      1,      1,      0,      1
       99, 111001111011000011101001110100011101111000011101101000110111,      0,      1,      1,      1,      0,      1,      1,      0,      0,      0,      1,      0,      0,      0,      0,      0,      0,      1,      1,      1,      1,      0,      0,      1,      1,      1
      100, 110101000110100111101100000111110100011111000000011000011110,      0,      0,      0,      1,      0,      1,      0,      1,      1,      0,      1,      0,      0,      0,      1,      1,      1,      1,      0,      1,      1,      1,      1,      0,      1,      1
      101, 110100000010000100011000001010010000001000111000000010000110,      0,      0,      0,      0,      0,      1,      1,      1,      1,      0,      1,      0,      0,      0,      0,      1,      0,      0,      0,      0,      0,      0,      0,      0,      0,      0
      102, 100111001010100111001101111101110011001011000110001010100111,      0,      0,      0,      0,      0,      1,      0,      1,      1,      0,      1,      1,      0,      0,      1,      0,      1,      1,      0,      1,      0,      0,      1,      1,      1,      0
      103, 111111101001110000001001101001101111100101111110001011011101,      0,      0,      0,      0,      1,      0,      1,      1,      1,      0,      1,      1,      0,      0,      0,      0,      0,      1,      1,      1,      1,      1,      1,      1,      1,      1
      104, 110011111110000110110111110000100101001011110101111010011101,      1,      1,      1,      0,      0,      1,      0,      0,      0,      1,      1,      1,      0,      0,      1,      0,      1,      0,      0,      1,      1,      1,      1,      1,      1,      1
      105, 110100110110001101101011110111100010111001100011110011101010,      0,      0,      0,      1,      0,      1,      1,      1,      0,      1,      1,      0,      0,      0,      0,      1,      1,      1,      0,      1,      1,      0,      1,      0,      1,      1
      106, 000001111100010011001000110110100001100011101000001111011011,      0,      1,      1,      0,      0,      1,      1,      1,      1,      0,      1,      0,      0,      0,      0,      1,      0,      0,      1,      1,      1,      0,      0,      1,      1,      1
      107, 101011110000111100110111001001110101111100101111000100101100,      1,      0,      1,      0,      0,      1,      1,      1,      1,      1,      1,      0,      0,      0,      1,      1,      0,      1,      1,      1,      1,      0,      1,      0,      0,      1
      108, 000111101011001101100000101001110010001110000111101001010100,      0,      0,      0,      1,      0,      1,      1,      1,      1,      0,      1,      0,      0,      0,      0,      1,      0,      1,      1,      0,      0,      0,      1,      1,      0,      0
      109, 110101100101101110000101100111110001011100110101001111111110,      0,      1,      0,      0,      0,      1,      1,      1,      1,      0,      1,      0,      0,      0,      0,      1,      1,      1,      0,      1,      1,      0,      1,      0,      0,      1
      110, 110100000001101101011111000100100100010010101011010001111010,      0,      0,      0,      0,      0,      1,      1,      1,      1,      1,      1,      0,      0,      0,      1,      1,      1,      1,      0,      1,      1,      1,      1,      1,      1,      1
      111, 110001100101100100001110011110101011111101101100110010111011,      0,      0,      0,      0,      0,      1,      1,      1,      1,      1,      1,      0,      0,      0,      1,      0,      1,      1,      1,      1,      1,      0,      1,      1,      0,      0
      112, 001011000011011110001001001111111000010100100011111111000000,      0,      0,      0,      0,      0,      1,      0,      1,      1,      0,      1,      0,      0,      0,      0,      0,      1,      1,      1,      1,      1,      0,      0,      0,      1,      1
      113, 000010010011011000011101001101001111011110001101110111100101,      0,      0,      0,      0,      0,      1,      1,      1,      1,      0,      1,      0,      0,      0,      1,      1,      1,      1,      1,      1,      0,      0,      1,      1,      1,      0
      114, 110011011111001010000101110000111000011000011110100011000000,      0,      0,      0,      0,      0,      1,      1,      1,      1,      0,      1,      1,      0,      0,      0,      0,      0,      0,      0,      0,      0,      0,      1,      0,      0,      0
      115, 001011100110001100111001111001001111101000011101010001111110,      0,      0,      0,      0,      0,      1,      1,      1,      1,      0,      1,      0,      0,      0,      0,      0,      0,      1,      1,      1,      1,      0,      1,      0,      1,      1
      116, 101101110100110100110001011001110001101100111010010110011000,      1,      0,      1,      0,      0,      1,      1,      1,      1,      0,      1,      0,      0,      0,      0,      0,      1,      1,      1,      0,      1,      0,      1,      0,      1,      1
      117, 101010111111111000110001100101001100011111100010110010010011,      0,      0,      0,      0,      0,      1,      1,      1,      0,      0,      1,      1,      0,      0,      0,      1,      1,      1,      0,      1,      1,      1,      0,      1,      1,      1
      118, 111110011101011011011000100000100001001011010110101110000100,      0,      0,      0,      0,      1,      0,      1,      1,      1,      0,      1,      1,      0,      0,      0,      0,      0,      1,      1,      1,      1,      1,      1,      1,      1,      1
      119, 100110010001101011110000011010111010100100011100010011001100,      0,      0,      0,      1,      0,      1,      1,      1,      1,      0,      1,      0,      0,      0,      0,      0,      0,      0,      1,      0,      1,      0,      1,      0,      0,      0
      120, 011111010001010011011111011011000100011100010111100011010001,      0,      0,      0,      0,      0,      1,      1,      1,      1,      1,      1,      0,      0,      0,      1,      1,      1,      1,      0,      0,      0,      0,      1,      1,      0,      1
      121, 100100110110001011000000010100110101111011100011110101000100,      0,      0,      0,      0,      0,      1,      1,      0,      0,      0,      1,      0,      0,      0,      0,      0,      1,      1,      0,      1,      1,      1,      1,      1,      1,      1
      122, 001100011011001010100101000011000101100001110100111101011000,      0,      0,      0,      0,      0,      1,      1,      1,      1,      0,      1,      0,      0,      0,      0,      1,      1,      1,      1,      1,      1,      0,      1,      1,      1,      1
      123, 000011111000000111100111110000011000010111111100101000010011,      1,      1,      1,      1,      0,      1,      1,      1,      1,      0,      1,      0,      0,      0,      0,      1,      0,      0,      1,      1,      0,      0,      1,      1,      1,      1
      124, 101001001000110100001001010000010001010110110100000011110001,      0,      0,      0,      0,      0,      1,      1,      1,      1,      0,      1,      0,      0,      0,      0,      1,      1,      0,      0,      1,      0,      0,      0,      0,      0,      0
      125, 010010100100111101111111000010101110110001110011111111111100,      0,      0,      0,      1,      0,      1,      1,      1,      1,      1,      1,      0,      0,      0,      1,      0,      0,      1,      1,      1,      1,      1,      1,      1,      1,      1
      126, 101010101000010010111100101111101010001011101011011010010111,      0,      0,      0,      0,      0,      1,      1,      1,      1,      0,      1,      1,      0,      0,      1,      1,      0,      1,      1,      1,      1,      0,      0,      1,      1,      1
      127, 011111000011101010101110000010000110010101001110001101000111,      0,      0,      0,      0,      0,      1,      1,      1,      1,      1,      1,      0,      0,      0,      1,      1,      0,      1,      1,      1,      1,      1,      1,      1,      1,      1
      128, 010110001010111100111110100111001000110011010011101001001111,      0,      0,      0,      0,      0,      1,      1,      1,      1,      1,      1,      0,      0,      0,      1,      1,      0,      0,      0,      1,      1,      0,      1,      1,      1,      0
      129, 010010011110001011000001010001011000010011100010010000100100,      0,      0,      0,      0,      0,      1,      1,      1,      1,      0,      1,      0,      0,      0,      0,      1,      1,      1,      0,      0,      0,      0,      1,      0,      1,      0
      130, 000001011001100001100110101001100011100101101011010110000010,      0,      0,      0,      1,      0,      1,      1,      1,      1,      0,      1,      0,      0,      0,      0,      0,      1,      1,      1,      1,      1,      0,      0,      0,      1,      1
      131, 100001110010001101101100110000011010010000000000011100010011,      1,      0,      1,      1,      0,      1,      1,      1,      0,      0,      1,      0,      0,      0,      1,      0,      1,      0,      0,      0,      0,      0,      1,      1,      0,      1
      132, 101101110111101011010011111111010100000111111111010010011111,      0,      1,      1,      0,      0,      1,      1,      0,      0,      1,      1,      0,      0,      0,      0,      0,      1,      1,      1,      1,      1,      1,      1,      1,      1,      1
      133, 011001010011010000011001011111100101011001000111100100010010,      0,      0,      0,      0,      0,      1,      1,      1,      1,      0,      1,      0,      0,      0,      0,      1,      1,      0,      0,      0,      1,      0,      1,      1,      1,      0
      134, 000001110001010101001100010000011111111110111011001100010111,      1,      0,      1,      0,      0,      1,      1,      1,      1,      0,      1,      0,      0,      0,      1,      1,      1,      1,      1,      1,      1,      0,      1,      1,      1,      1
      135, 100101011011011101100001011010100000010011101100101001111001,      1,      0,      0,      1,      0,      1,      1,      1,      1,      0,      1,      0,      0,      0,      0,      1,      0,      0,      1,      1,      1,      0,      0,      1,      1,      1
      136, 010001001011010011110001011010110100110110111010000011100111,      0,      0,      0,      1,      0,      1,      1,      1,      1,      0,      1,      0,      0,      0,      0,      0,      0,      1,      0,      0,      1,      1,      1,      1,      1,      0
      137, 111101101001011001110000010011000110001101000011101011111000,      0,      0,      0,      1,      1,      1,      1,      1,      1,      0,      1,      0,      0,      0,      0,      1,      0,      1,      1,      1,      1,      1,      0,      1,      1,      1
      138, 001001100111100100101100000001100000010001101001011011100000,      0,      0,      0,      0,      0,      1,      1,      1,      1,      0,      1,      0,      0,      0,      1,      0,      0,      1,      1,      0,      0,      0,      0,      0,      1,      1
      139, 001000110101110110110001010101110001001010111001001010001101,      0,      0,      0,      0,      0,      1,      1,      1,      1,      0,      1,      0,      0,      0,      0,      0,      0,      1,      1,      1,      1,      0,      1,      1,      0,      1
      140, 110001101110100001101011011111101011100000000110101101000110,      0,      0,      0,      1,      0,      1,      1,      1,      1,      1,      1,      0,      0,      0,      0,      0,      1,      1,      0,      1,      1,      0,      0,      0,      0,      0
      141, 010000101011101010011111001010110101111001011001100010100101,      0,      0,      0,      0,      0,      1,      1,      0,      1,      1,      1,      0,      0,      0,      1,      1,      0,      1,      0,      0,      0,      1,      1,      0,      1,      0
      142, 111110101100110100010011100011011101110000001000110111110100,      0,      0,      0,      0,      1,      0,      1,      1,      1,      1,      1,      1,      0,      0,      0,      0,      1,      1,      1,      1,      1,      0,      1,      1,      1,      1
      143, 001010101000000010100100001110011101010111110100000101110101,      0,      0,      0,      0,      0,      1,      1,      1,      1,      0,      1,      0,      0,      0,      0,      1,      0,      0,      0,      1,      0,      1,      1,      1,      1,      1
      144, 111100001111010100000001001110000011111010110010100011001111,      0,      0,      0,      0,      1,      1,      1,      1,      1,      0,      1,      0,      0,      0,      0,      0,      1,      0,      1,      1,      0,      1,      1,      1,      0,      0
      145, 100000011101100000100101000001110101110010101001101011010101,      0,      0,      0,      0,      0,      1,      1,      1,      1,      0,      1,      0,      0,      0,      0,      0,      0,      0,      1,      0,      1,      0,      1,      1,      1,      1
      146, 101010100010101001000010110000110000000100001000110111000100,      0,      0,      0,      0,      0,      1,      1,      1,      1,      0,      1,      0,      0,      0,      0,      0,      1,      0,      1,      0,      0,      0,      1,      0,      0,      1
      147, 001010000011011010100001101010000110101110111100001011100110,      0,      0,      0,      0,      0,      1,      1,      1,      1,      0,      1,      0,      0,      0,      0,      0,      1,      1,      1,      0,      1,      0,      0,      1,      1,      0
      148, 010011111111001111010100010001100011011010000000101100010001,      1,      1,      1,      0,      0,      1,      0,      0,      0,      0,      1,      0,      0,      0,      1,      1,      0,      1,      1,      1,      0,      0,      0,      1,      0,      0
      149, 000001001011111010000000111110101010010010011111001101000110,      0,      0,      0,      0,      0,      1,      1,      1,      1,      0,      1,      0,      0,      0,      0,      1,      0,      1,      1,      1,      1,      0,      1,      1,      0,      1
      150, 010000010000100100101011101110011000110100100000011011110100,      0,      0,      0,      0,      0,      1,      1,      1,      1,      1,      1,      0,      0,      0,      0,      1,      0,      1,      1,      1,      1,      0,      0,      0,      1,      1
      151, 001000101011010011100011111001011110111101110000001101001101,      0,      0,      0,      1,      0,      1,      1,      0,      1,      0,      1,      0,      0,      0,      0,      1,      0,      1,      1,      1,      1,      0,      1,      1,      1,      1
      152, 111000011011011101011001001010111000011100001101110100011100,      0,      0,      0,      0,      0,      1,      1,      1,      1,      0,      1,      0,      0,      0,      0,      0,      1,      1,      1,      1,      1,      0,      0,      0,      1,      0
      153, 111101110000110010110110101000010101000110110111111110011100,      0,      1,      1,      0,      1,      1,      1,      1,      1,      1,      1,      0,      0,      0,      1,      1,      0,      1,      1,      1,      1,      1,      1,      1,      1,      1
      154, 111110000010101011001100101111010111110010000111010101010101,      0,      0,      0,      0,      1,      0,      1,      1,      1,      0,      1,      0,      0,      0,      1,      0,      1,      1,      1,      1,      1,      1,      1,      1,      0,      1
      155, 101000011010000100001001100010011010000010001100011010101010,      0,      0,      0,      0,      0,      1,      1,      1,      1,      0,      1,      0,      0,      0,      0,      1,      0,      1,      1,      1,      1,      0,      0,      1,      1,      1
      156, 011110010000111001000000100010000111001111110100110100111111,      0,      0,      0,      0,      0,      1,      1,      1,      1,      0,      1,      0,      0,      0,      0,      0,      0,      1,      1,      1,      1,      1,      1,      1,      1,      1
      157, 011011010011111000110100011010010101100110001011110001101100,      0,      0,      0,      0,      0,      1,      1,      1,      1,      0,      1,      0,      0,      0,      1,      0,      0,      0,      1,      1,      1,      1,      1,      1,      0,      0
      158, 101100100110100100101111110110111101000000011000010010001011,      0,      0,      0,      0,      0,      1,      1,      1,      1,      1,      1,      0,      0,      0,      1,      0,      1,      0,      0,      1,      1,      0,      1,      1,      1,      1
      159, 110010010110011111001101000010000110101011100001110100110100,      0,      0,      0,      0,      0,      1,      0,      1,      1,      0,      1,      0,      0,      0,      1,      0,      1,      1,      0,      1,      1,      1,      0,      0,      1,      1
      160, 100001010111100110011101110011010101110000000010001011100110,      1,      0,      0,      0,      0,      1,      0,      1,      1,      0,      1,      0,      0,      0,      1,      0,      0,      1,      0,      0,      1,      0,      1,      0,      0,      0
      161, 001110001100100011001110010001101010001000001111111111011110,      0,      0,      0,      0,      0,      1,      1,      1,      1,      1,      1,      0,      0,      0,      1,      0,      1,      1,      1,      1,      1,      0,      1,      0,      0,      0
      162, 100100110011000101101111111001011110010101011101010010011011,      0,      0,      0,      1,      0,      1,      1,      1,      0,      1,      1,      0,      0,      0,      1,      1,      0,      1,      1,      0,      0,      0,      1,      1,      1,      1
      163, 001011001001010011011101110110010101101101100111111111100100,      0,      0,      0,      0,      0,      1,      1,      1,      1,      0,      1,      0,      0,      0,      1,      0,      1,      1,      1,      1,      1,      0,      1,      1,      1,      1
      164, 101010101011000101011100000100011010000000000101100111001101,      0,      0,      0,      0,      0,      1,      1,      1,      1,      0,      1,      1,      0,      0,      1,      1,      0,      1,      0,      1,      0,      0,      0,      0,      0,      0
      165, 000000011110111110111001101010101011100101100011101110111010,      0,      0,      0,      0,      0,      1,      0,      1,      1,      0,      1,      0,      0,      0,      0,      0,      1,      1,      1,      1,      1,      0,      1,      0,      1,      1
      166, 111000000011100001100100011001011000111100010000000011010100,      0,      0,      0,      1,      0,      1,      1,      1,      1,      0,      1,      0,      0,      0,      0,      1,      0,      0,      0,      0,      0,      0,      0,      0,      0,      0
      167, 111001110001001001001111001001100110011101000100100101010100,      0,      0,      1,      0,      0,      1,      1,      1,      1,      1,      1,      0,      0,      0,      1,      0,      1,      0,      0,      1,      0,      0,      1,      1,      1,      0
      168, 010111100000101011011001011011000000100000001010110101100010,      0,      1,      0,      0,      0,      1,      1,      1,      1,      0,      1,      0,      0,      0,      0,      1,      1,      1,      1,      0,      1,      0,      1,      0,      1,      0
      169, 110111101100111100001001000110010111100111011100010101010110,      0,      0,      0,      0,      0,      1,      1,      1,      1,      0,      1,      1,      0,      0,      0,      0,      0,      0,      1,      1,      1,      1,      1,      1,      1,      1
      170, 011100111110110001100111011110011101101010110100110101111000,      0,      0,      0,      1,      0,      1,      1,      1,      0,      0,      1,      0,      0,      0,      0,      1,      0,      1,      1,      1,      1,      1,      1,      1,      1,      1
      171, 000000110001101001001000011101100111111100101000011010010001,      0,      0,      0,      0,      0,      1,      1,      1,      1,      0,      1,      0,      0,      0,      0,      1,      0,      1,      1,      1,      1,      0,      1,      1,      1,      0
      172, 001111010101011001110101101100010111100110100100011100010000,      0,      0,      0,      1,      0,      1,      1,      1,      1,      0,      1,      0,      0,      0,      1,      1,      0,      0,      1,      1,      1,      0,      1,      1,      1,      1
      173, 111010101100011111110000011111010011101111100001110110011110,      0,      0,      0,      1,      0,      1,      1,      1,      1,      0,      1,      1,      0,      0,      0,      0,      0,      1,      1,      1,      1,      1,      1,      1,      1,      1
      174, 011001000000001010111011001111001010001011101010100000100110,      0,      0,      0,      0,      0,      1,      1,      1,      1,      1,      1,      0,      0,      0,      0,      0,      0,      1,      0,      0,      0,      0,      0,      0,      0,      0
      175, 101100000101000111011010111111100011110100110110111001101011,      0,      0,      0,      0,      0,      1,      1,      1,      1,      1,      1,      0,      0,      0,      0,      1,      1,      1,      1,      1,      1,      0,      1,      1,      0,      1
      176, 111111101101011100001000101100010010101110000001100110000101,      0,      0,      0,      0,      1,      0,      1,      1,      1,      0,      1,      1,      1,      0,      0,      0,      0,      1,      1,      0,      1,      1,      1,      1,      1,      1
      177, 101000100001011101110011111001111010111010010111011000001000,      0,      0,      0,      1,      0,      1,      1,      1,      1,      1,      1,      0,      0,      0,      0,      0,      0,      1,      1,      1,      1,      0,      1,      1,      1,      1
      178, 110011111001101011101110010100000010011010110101111100101111,      0,      1,      1,      1,      0,      1,      1,      1,      1,      1,      1,      1,      0,      0,      1,      0,      0,      1,      0,      1,      1,      0,      1,      1,      0,      1
      179, 010010110010010001100100101001111111000001010011110000000001,      0,      0,      0,      1,      0,      1,      1,      1,      0,      0,      1,      0,      0,      0,      0,      0,      0,      1,      1,      0,      0,      0,      0,      1,      0,      1
      180, 010001111100111111100010111101100111100110001100110110101110,      1,      1,      1,      1,      0,      1,      1,      1,      1,      0,      1,      0,      0,      0,      0,      0,      0,      1,      1,      1,      1,      1,      1,      1,      1,      1
      181, 110011101001000001001010100110101100001001010100111011010000,      0,      0,      0,      0,      0,      1,      1,      1,      1,      1,      1,      1,      0,      0,      0,      1,      0,      0,      0,      1,      1,      1,      1,      1,      1,      1
      182, 001000011001001011010110010011110111110010011101100101100010,      0,      0,      0,      0,      0,      1,      1,      1,      1,      1,      1,      0,      0,      0,      1,      1,      1,      1,      1,      1,      1,      0,      1,      1,      1,      0
      183, 111101010011110011010011111011111100011110001000100101110100,      0,      0,      0,      0,      1,      1,      1,      1,      1,      1,      1,      0,      0,      0,      0,      1,      0,      0,      1,      1,      0,      1,      1,      1,      0,      1
      184, 001100001000101010110111001010111110110000111010001000110110,      0,      0,      0,      0,      0,      1,      1,      1,      1,      1,      1,      0,      0,      0,      1,      0,      1,      1,      0,      1,      0,      0,      1,      1,      0,      1
      185, 101111011001010101001011011101110111110011000110110110011101,      1,      0,      0,      0,      0,      0,      1,      1,      1,      1,      1,      1,      0,      0,      0,      1,      0,      1,      1,      1,      1,      1,      1,      1,      1,      1
      186, 111101011101110010100000011111010011000101111001010011001101,      0,      0,      0,      0,      1,      1,      1,      1,      1,      0,      1,      0,      1,      0,      0,      0,      0,      1,      1,      1,      1,      0,      1,      1,      0,      1
      187, 101010110100101111000010011111101111101100111001100111111000,      0,      0,      0,      0,      0,      1,      1,      1,      1,      0,      1,      0,      0,      0,      0,      1,      1,      1,      1,      1,      1,      0,      1,      0,      0,      1
      188, 111011010100100010011101111011011111001101100111100000101001,      0,      0,      0,      0,      0,      1,      1,      1,      1,      0,      1,      0,      0,      0,      1,      0,      1,      0,      0,      0,      1,      0,      0,      0,      0,      0
      189, 010100110010101000110100101001000111011001101101111000100111,      0,      0,      0,      0,      0,      1,      1,      1,      0,      0,      1,      0,      0,      0,      1,      1,      0,      1,      1,      0,      1,      1,      0,      1,      0,      1
      190, 001010101101111111100010011110111100011100010011110101111010,      0,      0,      0,      1,      0,      1,      1,      1,      1,      0,      1,      0,      0,      0,      0,      1,      1,      1,      1,      1,      1,      0,      1,      0,      1,      0
      191, 110010100010011100010101010010010001001100001000011001001010,      0,      0,      0,      0,      0,      1,      1,      1,      1,      0,      1,      0,      0,      0,      1,      0,      0,      0,      1,      0,      1,      0,      1,      0,      1,      0
      192, 100011010101011110111110111100101110001101100000111101001001,      1,      0,      0,      0,      0,      1,      1,      1,      1,      1,      1,      0,      0,      0,      1,      0,      1,      0,      1,      1,      0,      0,      1,      1,      1,      1
      193, 000111101111011111111101011011000111011110011000011101101100,      0,      1,      0,      1,      0,      1,      0,      0,      1,      0,      1,      0,      0,      0,      1,      1,      1,      1,      1,      1,      1,      1,      1,      1,      1,      1
      194, 011111010011001001011100011100110111011000111100101011110000,      0,      0,      0,      0,      0,      1,      1,      1,      1,      0,      1,      0,      0,      0,      1,      1,      0,      1,      1,      1,      0,      0,      1,      1,      1,      1
      195, 001001111010011101101000110101101000010000010110001011001001,      1,      0,      1,      1,      0,      1,      1,      1,      0,      0,      1,      0,      0,      0,      0,      0,      1,      0,      0,      1,      1,      0,      1,      0,      0,      0
      196, 010101011100100000001111000111010011101110110011011000000001,      0,      0,      0,      0,      0,      1,      1,      1,      1,      1,      1,      0,      0,      0,      1,      1,      0,      1,      0,      1,      1,      0,      0,      1,      1,      0
      197, 000111010000100010111110010100101000010010011110011110110110,      0,      0,      0,      0,      0,      1,      1,      1,      1,      1,      1,      0,      0,      0,      1,      0,      1,      1,      1,      1,      1,      0,      1,      1,      0,      0
      198, 000000011000101111011100100000000110111011011101110111101101,      0,      0,      0,      0,      0,      1,      1,      1,      1,      0,      1,      0,      0,      0,      1,      1,      1,      1,      1,      1,      1,      1,      1,      1,      1,      1
      199, 100001001011110010000010010010000010101111111010011000100100,      0,      0,      0,      0,      0,      1,      1,      1,      1,      0,      1,      0,      0,      0,      0,      0,      0,      1,      1,      0,      1,      0,      1,      1,      1,      1
      200, 101100100101000101100101011010011011011011000101110011111110,      0,      0,      0,      1,      0,      1,      1,      1,      1,      0,      1,      0,      0,      0,      0,      0,      0,      1,      1,      1,      1,      0,      1,      0,      1,      0
      201, 001010110111000000111011101100001011011111011011100111010110,      0,      0,      0,      0,      0,      1,      1,      1,      0,      1,      1,      0,      0,      0,      0,      1,      1,      1,      1,      1,      1,      0,      1,      1,      1,      0
      202, 110011101011111100100011010000110111010101010001010000100010,      0,      0,      0,      0,      0,      1,      1,      1,      1,      0,      1,      1,      0,      0,      0,      0,      0,      1,      0,      0,      0,      1,      1,      0,      1,      0
      203, 011101011111111011001000110010110111100010110010110110101111,      0,      0,      0,      0,      0,      1,      1,      1,      1,      0,      1,      0,      0,      0,      0,      1,      0,      1,      1,      1,      1,      1,      1,      1,      1,      1
      204, 010100100010000001010011111010011011100110010110100010000011,      0,      0,      0,      0,      0,      1,      1,      1,      1,      1,      1,      0,      0,      0,      0,      1,      0,      0,      0,      1,      1,      0,      0,      0,      0,      0
      205, 101000100100101001000110100010011110010100101010100110110101,      0,      0,      0,      0,      0,      1,      1,      1,      1,      0,      1,      0,      0,      0,      0,      0,      1,      0,      1,      1,      1,      0,      1,      0,      0,      1
      206, 111101010111111000010100011010101000100100100010010010101100,      0,      0,      0,      0,      1,      1,      1,      1,      1,      0,      1,      0,      1,      1,      1,      1,      0,      0,      1,      0,      1,      0,      1,      0,      0,      1
      207, 001110110111101101010000001001011111100100100011000010000111,      0,      0,      0,      0,      0,      1,      1,      1,      0,      0,      1,      0,      0,      0,      0,      0,      0,      0,      0,      0,      1,      0,      0,      0,      0,      1
      208, 010001000110110011010000110100100100010011000001001000001111,      0,      0,      0,      0,      0,      1,      1,      1,      1,      0,      1,      0,      0,      0,      0,      0,      1,      0,      0,      0,      1,      1,      1,      0,      1,      0
      209, 101111101100101101011001101010111111111111000000111110101011,      0,      0,      0,      0,      0,      0,      1,      1,      1,      0,      1,      1,      0,      0,      0,      1,      0,      1,      1,      1,      1,      1,      1,      1,      1,      1
      210, 100010110100101010011100110000000101100010111110110000101011,      0,      0,      0,      0,      0,      1,      1,      1,      1,      0,      1,      0,      0,      0,      1,      0,      1,      1,      0,      0,      1,      0,      1,      1,      0,      1
      211, 000100011110011010111010001100011011010110101100011111011010,      0,      0,      0,      0,      0,      1,      1,      1,      1,      1,      1,      0,      0,      0,      0,      0,      1,      0,      1,      1,      0,      0,      1,      1,      0,      1
      212, 000110111011111110110111010100000001000000010011000000000010,      0,      0,      0,      0,      0,      1,      0,      0,      0,      1,      1,      0,      0,      0,      1,      1,      1,      0,      0,      0,      0,      0,      0,      0,      0,      0
      213, 000110101011010000010000001001111011100110000110101001101111,      0,      0,      0,      0,      0,      1,      1,      1,      1,      0,      1,      0,      0,      0,      0,      1,      1,      1,      1,      1,      1,      0,      1,      1,      0,      0
      214, 111111000011111111100110011011010000001101100110110011110101,      0,      0,      0,      1,      1,      0,      0,      1,      1,      0,      1,      0,      0,      0,      0,      1,      0,      1,      1,      1,      1,      0,      1,      1,      0,      0
      215, 001110010110101110011101100111001011111001000110101010111011,      0,      0,      0,      0,      0,      1,      0,      1,      1,      0,      1,      0,      0,      0,      1,      0,      0,      1,      0,      1,      1,      0,      1,      0,      1,      0
      216, 010101000111011110001001011011001001011011011011101100100011,      0,      0,      0,      0,      0,      1,      0,      1,      1,      0,      1,      0,      0,      0,      0,      0,      1,      1,      1,      1,      1,      0,      1,      1,      1,      1
      217, 101101110101100010000000011101101101100010010000001000000111,      0,      1,      1,      0,      0,      1,      1,      1,      1,      0,      1,      0,      0,      0,      0,      0,      0,      1,      0,      0,      0,      0,      1,      1,      0,      1
      218, 101101000000101010100011110011011101101100001000101110010010,      0,      0,      0,      0,      0,      1,      1,      1,      1,      0,      1,      0,      0,      0,      0,      1,      1,      0,      1,      0,      0,      0,      0,      0,      0,      1
      219, 001011111011100000001011100010011011010010110001000001110100,      0,      0,      1,      0,      0,      1,      1,      1,      0,      1,      1,      0,      0,      0,      0,      1,      1,      0,      1,      1,      0,      0,      0,      0,      0,      0
      220, 001100111100001110101001001100110111011011101111101111010111,      0,      0,      0,      0,      0,      1,      1,      1,      1,      0,      1,      0,      0,      0,      0,      1,      1,      1,      1,      1,      1,      1,      1,      1,      1,      1
      221, 100101000101000010011011110110010000100101100000010000011011,      0,      0,      0,      0,      0,      1,      1,      1,      1,      1,      1,      0,      0,      0,      0,      0,      1,      0,      0,      1,      1,      0,      1,      1,      1,      1
      222, 101111011101011101110111010101100001110101110100001001110101,      1,      0,      0,      1,      0,      0,      1,      1,      1,      1,      1,      1,      0,      0,      1,      1,      0,      1,      1,      1,      1,      0,      1,      1,      1,      1
      223, 011001110000110010101001101000000111101011011100011110000000,      0,      1,      1,      0,      0,      1,      1,      1,      1,      0,      1,      0,      0,      0,      0,      1,      1,      1,      1,      1,      1,      1,      1,      1,      1,      1
      224, 011110010000010101000101010100111000100000100011011010110011,      0,      0,      0,      0,      0,      1,      1,      1,      1,      0,      1,      0,      0,      0,      0,      0,      0,      1,      0,      1,      1,      0,      1,      1,      1,      1
      225, 100110011010100001111111111110110110111101100110111110010110,      0,      0,      0,      1,      0,      1,      1,      1,      1,      1,      1,      1,      0,      0,      1,      0,      0,      1,      1,      1,      1,      0,      1,      1,      1,      1
      226, 100100101101111101010110001111101011011110000100010100100000,      0,      0,      0,      0,      0,      1,      1,      1,      1,      1,      1,      0,      0,      0,      1,      0,      0,      1,      1,      1,      1,      0,      0,      1,      0,      0
      227, 111100011000100100001100010010001000111100001110110101111011,      0,      0,      0,      0,      1,      1,      1,      1,      1,      0,      1,      0,      0,      0,      1,      1,      0,      1,      1,      1,      1,      0,      1,      1,      0,      1
      228, 101001010011110101100010111101111011101111000001100000010110,      1,      0,      0,      1,      0,      1,      1,      1,      1,      0,      1,      0,      0,      0,      0,      0,      1,      0,      0,      0,      0,      0,      0,      0,      0,      0
      229, 101100110000001110000000100110000010100100010001110100000010,      0,      0,      0,      0,      0,      1,      1,      1,      1,      0,      1,      0,      0,      0,      0,      1,      1,      1,      0,      1,      1,      0,      1,      0,      0,      1
      230, 011111111110100001101111101100010101100001111111010100001101,      0,      0,      1,      1,      0,      1,      1,      1,      0,      1,      1,      0,      0,      0,      1,      1,      0,      1,      1,      1,      0,      1,      1,      1,      1,      1
      231, 111011101011010000100010111111110011100011110000111000100010,      0,      0,      0,      0,      0,      1,      1,      1,      1,      0,      1,      1,      0,      0,      0,      0,      0,      1,      1,      1,      1,      0,      1,      1,      1,      1
      232, 101100000110010100111111101000111111101100000100111111000101,      0,      0,      0,      0,      0,      1,      1,      1,      1,      1,      1,      0,      0,      0,      1,      0,      1,      1,      1,      1,      0,      0,      0,      1,      1,      1
      233, 011101101101011101101001011000000110000100011100011000000011,      0,      0,      0,      1,      0,      1,      1,      1,      1,      0,      1,      0,      0,      0,      0,      1,      1,      0,      1,      1,      0,      1,      1,      1,      1,      0
      234, 011010011001010110111111101100100000000100011101110101010101,      0,      0,      0,      0,      0,      1,      1,      1,      1,      1,      1,      0,      0,      0,      1,      1,      1,      1,      1,      1,      0,      0,      1,      1,      1,      1
      235, 000110111110111000110110000110010011110010001110101110110101,      0,      0,      0,      0,      0,      1,      1,      1,      0,      1,      1,      0,      0,      0,      1,      1,      0,      1,      1,      1,      1,      0,      1,      1,      0,      0
      236, 110101110011100001010100110101010011000101010001011101001011,      0,      0,      1,      0,      0,      1,      1,      1,      0,      0,      1,      0,      0,      0,      1,      1,      0,      1,      0,      1,      0,      0,      1,      1,      1,      1
      237, 000000010011010110101010100000100110111010001001111100010010,      0,      0,      0,      0,      0,      1,      0,      1,      1,      1,      1,      0,      0,      0,      0,      0,      0,      0,      0,      1,      1,      0,      1,      1,      0,      1
      238, 111011000001110010111000101101110101111001100001001110000001,      0,      0,      0,      0,      0,      1,      1,      1,      1,      0,      1,      0,      0,      0,      0,      0,      0,      1,      0,      0,      0,      0,      1,      1,      1,      1
      239, 101101011011000000101110100010000100001010100101011011110011,      0,      0,      0,      0,      0,      1,      1,      1,      1,      1,      1,      0,      0,      0,      1,      0,      0,      1,      0,      1,      1,      1,      0,      1,      1,      1
      240, 100101000000000010010000010101000111111000110011110101100011,      0,      0,      0,      0,      0,      1,      1,      1,      1,      0,      1,      0,      0,      0,      0,      1,      1,      1,      0,      1,      1,      0,      1,      1,      0,      1
      241, 010101101010111010111101010001100011101110000110010001110100,      0,      1,      0,      0,      0,      1,      1,      0,      1,      0,      1,      0,      0,      0,      1,      0,      1,      1,      1,      1,      1,      0,      1,      0,      1,      0
      242, 011110110110010111011010000010011001000010010101100100010011,      0,      0,      0,      0,      0,      1,      0,      0,      0,      1,      1,      0,      0,      0,      0,      1,      0,      1,      0,      0,      0,      0,      1,      1,      0,      0
      243, 001011000101111000010000000000110100000111000110010010000001,      0,      0,      0,      0,      0,      1,      1,      1,      1,      0,      1,      0,      0,      0,      0,      0,      1,      0,      0,      0,      0,      0,      0,      1,      0,      0
      244, 010011100110111100011110000001100000000001011100011000001010,      0,      0,      0,      0,      0,      1,      1,      1,      1,      1,      1,      0,      0,      0,      1,      0,      0,      1,      1,      1,      0,      0,      1,      0,      1,      0
      245, 110110000000100001011000111011100011100010111011000010111011,      0,      0,      0,      0,      0,      1,      1,      1,      1,      0,      1,      0,      0,      0,      0,      0,      0,      1,      0,      1,      1,      0,      0,      0,      0,      0
      246, 011001010110110100101001110000010011001101100100110000110111,      1,      0,      0,      0,      0,      1,      1,      1,      1,      0,      1,      0,      0,      0,      0,      0,      1,      1,      0,      1,      0,      0,      1,      1,      1,      1
      247, 000101100110101110111001011010001111110001001101010101000010,      0,      1,      0,      0,      0,      1,      0,      0,      1,      0,      1,      0,      0,      0,      0,      1,      0,      1,      1,      1,      1,      0,      1,      0,      1,      1
      248, 110100000110000001001100100011101100000001100001111110100111,      0,      0,      0,      0,      0,      1,      1,      1,      1,      0,      1,      0,      0,      0,      1,      1,      0,      1,      0,      0,      1,      1,      0,      1,      1,      1
      249, 000100101001110010000000111110010101010101111000010000011100,      0,      0,      0,      0,      0,      1,      1,      1,      1,      0,      1,      0,      0,      0,      0,      0,      1,      0,      1,      1,      1,      0,      1,      0,      0,      1
      250, 101010000111010101110011000101011010100010001100101100110111,      0,      0,      0,      1,      0,      1,      1,      1,      1,      1,      1,      0,      0,      0,      0,      1,      1,      1,      1,      1,      0,      0,      0,      1,      0,      0
      251, 110101100101010000001011010101011010010011000101100110011011,      0,      0,      0,      0,      0,      1,      1,      1,      1,      1,      1,      0,      0,      0,      0,      0,      0,      1,      0,      1,      0,      0,      0,      1,      1,      0
      252, 011110001100011010110011000100011100010000100010101010110011,      0,      0,      0,      0,      0,      1,      1,      1,      1,      1,      1,      0,      0,      0,      0,      0,      0,      1,      0,      1,      1,      1,      1,      0,      0,      1
      253, 001011011111001011001001110001011000010001100110101000000010,      0,      0,      0,      0,      0,      1,      1,      1,      1,      0,      1,      0,      0,      0,      0,      0,      0,      0,      0,      1,      1,      0,      0,      0,      1,      1
      254, 010101111000101110010011001110010101100110000001000110111010,      1,      1,      1,      0,      0,      1,      1,      1,      1,      1,      1,      0,      0,      0,      0,      1,      1,      1,      0,      1,      1,      1,      0,      1,      1,      1
      255, 000110101011101101101001010000011001101101100000111010110000,      0,      0,      0,      1,      0,      1,      1,      1,      1,      0,      1,      0,      0,      0,      0,      0,      0,      1,      0,      1,      1,      0,      1,      0,      1,      1
      256, 100111011001111010100111100011100111101100101010100101011111,      0,      0,      0,      0,      0,      1,      1,      1,      1,      0,      1,      1,      0,      0,      0,      1,      0,      1,      1,      1,      1,      0,      0,      0,      1,      1
      257, 000010111101110011000110001101010110110010011000111011110111,      0,      0,      0,      0,      0,      1,      1,      1,      1,      0,      1,      0,      0,      0,      0,      0,      1,      1,      1,      1,      1,      0,      1,      1,      1,      1
      258, 100010001100010100101101110110000101100111001001001011010010,      0,      0,      0,      0,      0,      1,      1,      1,      1,      0,      1,      1,      0,      0,      1,      1,      0,      1,      1,      0,      0,      1,      0,      0,      1,      1
      259, 110011001110111111001111111110010011000000110000001100011100,      0,      0,      0,      0,      0,      1,      0,      1,      1,      1,      1,      1,      0,      0,      1,      1,      1,      1,      1,      1,      1,      1,      1,      1,      1,      1
      260, 100111111010111110001011000000000000100100011100110011010011,      1,      1,      1,      0,      0,      1,      0,      0,      0,      1,      1,      1,      0,      0,      0,      1,      0,      0,      0,      0,      0,      0,      0,      1,      1,      0
      261, 111111010010011001001010010010001000010011010000110011110111,      0,      0,      0,      0,      1,      0,      1,      1,      1,      1,      1,      0,      0,      0,      0,      1,      0,      1,      0,      1,      1,      0,      1,      1,      0,      0
      262, 001100111100110001000101100110000000110000011111011001000011,      0,      0,      0,      0,      0,      1,      1,      1,      1,      0,      1,      0,      0,      0,      0,      0,      1,      1,      0,      1,      1,      0,      0,      1,      1,      1
      263, 010101010000001001011000011001000100000001110000001100000010,      0,      0,      0,      0,      0,      1,      1,      1,      1,      0,      1,      0,      0,      0,      0,      1,      1,      0,      0,      0,      0,      1,      1,      1,      1,      0
      264, 110000101110001100100010101010011000111000101000100101111110,      0,      0,      0,      0,      0,      1,      1,      1,      1,      0,      1,      0,      0,      0,      0,      1,      0,      1,      1,      1,      1,      0,      0,      0,      0,      1
      265, 001000010101010110001011010001011100010000011111110111111001,      0,      0,      0,      0,      0,      1,      1,      1,      1,      1,      1,      0,      0,      0,      0,      1,      1,      1,      1,      1,      1,      0,      1,      1,      1,      0
      266, 100111000000000100111010100011000010100011000101001111101000,      0,      0,      0,      0,      0,      1,      1,      1,      1,      1,      1,      0,      0,      0,      0,      1,      0,      1,      0,      1,      1,      0,      0,      1,      1,      0
      267, 001011111110000100101111100100010001111011000011101001001010,      1,      0,      1,      0,      0,      1,      1,      1,      0,      1,      1,      0,      0,      0,      1,      0,      0,      1,      1,      1,      1,      0,      0,      1,      1,      0
      268, 010010111100011011101100011011100011001010010100010100010001,      0,      0,      0,      1,      0,      1,      1,      1,      1,      0,      1,      0,      0,      0,      1,      1,      1,      1,      1,      0,      1,      0,      1,      1,      0,      0
      269, 000110001010011100011011100001011110001011000110101110101001,      0,      0,      0,      0,      0,      1,      1,      1,      1,      1,      1,      0,      0,      0,      0,      1,      0,      1,      1,      1,      1,      1,      0,      1,      1,      1
      270, 010110100110111011010111101101110010010100101100011001011101,      0,      0,      0,      0,      0,      1,      1,      0,      1,      1,      1,      0,      0,      0,      1,      1,      0,      1,      1,      1,      0,      0,      1,      1,      1,      1
      271, 010001000010010001101000110110011110100110011011011001001100,      0,      0,      0,      1,      0,      1,      1,      1,      1,      0,      1,      0,      0,      0,      0,      0,      0,      0,      1,      1,      1,      1,      1,      1,      0,      1
      272, 101110010111101111101111000000110101001010010110100111011000,      0,      0,      0,      1,      0,      0,      0,      1,      1,      1,      1,      0,      0,      0,      1,      1,      0,      0,      0,      1,      1,      0,      1,      1,      0,      1
      273, 101100111111110111001111111011100010011110011100111000100000,      0,      0,      0,      0,      0,      1,      0,      0,      0,      1,      1,      0,      0,      0,      1,      1,      1,      1,      1,      1,      1,      0,      1,      1,      1,      1
      274, 101111110101000010011100001111000011011011010000001011011101,      0,      1,      1,      0,      0,      1,      1,      1,      1,      0,      0,      0,      0,      0,      1,      0,      1,      1,      0,      0,      0,      0,      1,      1,      1,      0
      275, 101101000111100111111100000001110111001010001001100010011001,      0,      0,      0,      1,      0,      1,      0,      1,      1,      0,      1,      0,      0,      0,      1,      1,      1,      0,      0,      0,      0,      0,      0,      0,      0,      0
      276, 010101010000111101101111111001010100100011110011101011011000,      1,      0,      0,      1,      0,      1,      1,      1,      1,      1,      1,      0,      0,      0,      1,      0,      0,      1,      0,      1,      1,      1,      1,      1,      0,      1
      277, 110100010000001010000000000000000011110001100010110100110001,      0,      0,      0,      0,      0,      1,      1,      1,      1,      0,      1,      0,      0,      0,      0,      0,      0,      0,      0,      1,      1,      0,      0,      1,      1,      1
      278, 110011110000011001111101001111100011100010110111001011010110,      0,      0,      1,      1,      0,      1,      1,      1,      1,      0,      1,      0,      0,      0,      1,      0,      0,      0,      1,      0,      0,      0,      1,      1,      0,      1
      279, 110010110101101101100000011101010010011110111100111000010101,      0,      0,      0,      1,      0,      1,      1,      1,      1,      0,      1,      0,      0,      0,      0,      1,      1,      1,      1,      1,      0,      0,      1,      1,      0,      1
      280, 100011010111001111011000011000010111010001100110001001100010,      1,      0,      0,      0,      0,      1,      0,      1,      1,      0,      1,      0,      0,      0,      0,      1,      1,      1,      0,      1,      1,      0,      1,      0,      1,      1
      281, 110100100010010010100101000001011001101110011011011101001010,      0,      0,      0,      0,      0,      1,      1,      0,      1,      0,      1,      0,      0,      0,      0,      0,      0,      1,      1,      0,      1,      0,      1,      1,      1,      0
      282, 000110011000110111010101110110011010101110011011101111101100,      0,      0,      0,      0,      0,      1,      1,      1,      1,      0,      1,      0,      0,      0,      1,      1,      1,      1,      1,      1,      1,      0,      1,      1,      0,      1
      283, 000110011000000110001111000011011000000111000100101001111011,      0,      0,      0,      0,      0,      1,      1,      1,      1,      1,      1,      0,      0,      0,      1,      1,      1,      1,      0,      1,      1,      0,      0,      1,      1,      0
      284, 010100101100000110100001100010100100101101100110001100110011,      0,      0,      0,      0,      0,      1,      1,      1,      1,      0,      1,      0,      0,      0,      0,      0,      0,      1,      1,      1,      0,      1,      0,      1,      1,      0
      285, 110011000111000111101100010010111010101100000011000001010011,      0,      0,      0,      1,      0,      1,      0,      1,      1,      0,      1,      0,      0,      0,      1,      1,      1,      0,      0,      0,      0,      0,      0,      0,      0,      0
      286, 000001110001111110001101000100011100111000100100000100001010,      1,      1,      1,      0,      0,      1,      1,      1,      1,      0,      1,      0,      0,      0,      1,      0,      1,      1,      0,      1,      1,      0,      1,      0,      0,      1
      287, 101001011011100100101001010111000010000010000010111100001100,      1,      0,      0,      0,      0,      1,      1,      1,      1,      0,      1,      0,      0,      0,      0,      1,      1,      1,      0,      1,      1,      0,      1,      1,      1,      0
      288, 000000100001110001000011011100010111110000000101110000010101,      0,      0,      0,      0,      0,      1,      1,      1,      1,      0,      1,      0,      0,      0,      0,      1,      0,      0,      1,      1,      0,      0,      1,      1,      1,      0
      289, 100000110011111101010011101111011101001101101000101001010101,      0,      0,      0,      0,      0,      1,      1,      1,      0,      1,      1,      0,      0,      0,      0,      0,      1,      1,      1,      0,      0,      0,      0,      0,      1,      1
      290, 110001010010110010011010100010000011101111111111110101111111,      0,      0,      0,      0,      0,      1,      1,      1,      1,      1,      1,      0,      0,      0,      0,      0,      1,      1,      1,      1,      1,      1,      1,      1,      1,      1
      291, 010100011100110101011111100001100101010101000101110011010000,      0,      0,      0,      0,      0,      1,      1,      1,      1,      1,      1,      0,      0,      0,      1,      0,      0,      1,      0,      1,      0,      1,      1,      1,      1,      1
      292, 011000011011001101111100100011001110111100100100101001100001,      0,      0,      0,      1,      0,      1,      1,      1,      1,      0,      1,      0,      0,      0,      1,      0,      1,      1,      1,      1,      1,      0,      1,      1,      1,      1
      293, 000101100101000101000001110100010101100000100001110100011010,      0,      0,      0,      0,      0,      1,      1,      1,      1,      0,      1,      0,      0,      0,      0,      1,      0,      1,      0,      1,      1,      0,      1,      0,      1,      1
      294, 110010011000100010010100011111101110000000001101000110101010,      0,      0,      0,      0,      0,      1,      1,      1,      1,      0,      1,      1,      0,      0,      1,      1,      1,      1,      1,      1,      1,      0,      0,      1,      1,      0
      295, 101000011110001101010000101011011101110111000101100111100101,      0,      0,      0,      0,      0,      1,      1,      1,      1,      0,      1,      0,      0,      0,      0,      0,      0,      1,      0,      1,      0,      1,      1,      1,      1,      0
      296, 111001000101000100001000111110100011100001101111100100011100,      0,      0,      0,      0,      0,      1,      1,      1,      1,      0,      1,      0,      1,      0,      0,      0,      1,      1,      1,      1,      1,      0,      0,      0,      1,      1
      297, 100000000101111111100001111111111110101110110010110100111011,      0,      0,      0,      1,      0,      1,      1,      1,      1,      0,      1,      0,      0,      0,      0,      0,      0,      1,      1,      1,      1,      0,      1,      1,      1,      1
      298, 001010100110011000110110011111111011110110101001111011100000,      0,      0,      0,      0,      0,      1,      1,      1,      1,      1,      1,      0,      0,      0,      1,      0,      0,      1,      1,      1,      1,      0,      1,      1,      0,      1
      299, 110101000001000010111101111100000011111000000100001111101110,      0,      0,      0,      0,      0,      1,      1,      1,      1,      0,      1,      0,      0,      0,      1,      1,      1,      1,      0,      1,      1,      0,      0,      0,      0,      0
      300, 100011101111000010010010000011101100010111001011000111011001,      0,      1,      0,      0,      0,      1,      1,      0,      1,      1,      1,      1,      0,      0,      0,      0,      1,      1,      1,      0,      1,      1,      1,      1,      1,      0
      301, 010001000111101100000000001100000000111100111011011100011000,      0,      0,      0,      0,      0,      1,      1,      1,      1,      0,      1,      0,      0,      0,      0,      0,      1,      0,      1,      1,      1,      0,      1,      0,      0,      1
      302, 001100001000110001000101011110111110010110101010001011111001,      0,      0,      0,      0,      0,      1,      1,      1,      1,      0,      1,      0,      0,      0,      0,      0,      1,      0,      1,      1,      1,      1,      1,      0,      1,      1
      303, 001000000001001100101100010110101000011100100011000101111000,      0,      0,      0,      0,      0,      1,      1,      1,      1,      0,      1,      0,      0,      0,      1,      1,      1,      1,      0,      1,      1,      0,      0,      0,      0,      1
      304, 001111011101100011101011101100110101111001001011000010010011,      0,      0,      0,      1,      0,      1,      1,      1,      1,      1,      1,      0,      0,      0,      0,      0,      1,      1,      0,      0,      1,      0,      0,      0,      1,      0
      305, 000111010101010011011010000000100000000011010111110001101110,      0,      0,      0,      0,      0,      1,      1,      1,      1,      1,      1,      0,      0,      0,      0,      1,      1,      1,      0,      0,      1,      0,      0,      0,      0,      0
      306, 001011101111111010010001000000100101001100110110000000111000,      0,      1,      0,      0,      0,      1,      1,      0,      1,      0,      1,      0,      0,      0,      0,      0,      0,      0,      0,      1,      1,      0,      0,      0,      0,      0
      307, 001001010001010100010100011101100001001101010110011000000000,      1,      0,      0,      0,      0,      1,      1,      1,      1,      0,      1,      0,      0,      0,      1,      1,      0,      1,      1,      1,      1,      0,      1,      0,      1,      0
      308, 001010110111100110001000111010110111000111110100110101101101,      0,      0,      0,      0,      0,      1,      0,      0,      0,      0,      1,      0,      0,      0,      0,      0,      1,      0,      1,      1,      1,      1,      1,      1,      1,      1
      309, 100111011101110011111111001011011101011011100101000010101110,      0,      0,      0,      1,      0,      1,      1,      1,      1,      1,      1,      1,      0,      0,      1,      0,      0,      1,      0,      1,      1,      1,      0,      0,      1,      1
      310, 001110000011101101100011000001110100111010111101001010000110,      0,      0,      0,      1,      0,      1,      1,      1,      1,      0,      1,      0,      0,      0,      0,      0,      1,      1,      0,      0,      0,      0,      1,      1,      1,      1
      311, 001111001111111010100011110110000010011011111111101100001010,      0,      0,      0,      0,      0,      1,      1,      1,      1,      0,      1,      0,      0,      0,      0,      1,      1,      0,      1,      1,      1,      1,      1,      1,      1,      1
      312, 011100000010000100110110111100101010101110100100110111111010,      0,      0,      0,      0,      0,      1,      1,      1,      1,      1,      1,      0,      0,      0,      1,      0,      0,      1,      1,      1,      1,      0,      1,      1,      0,      1
      313, 101110101110110010100000100000101001011001101010011110101000,      0,      0,      0,      0,      0,      0,      1,      0,      1,      0,      1,      1,      0,      0,      0,      1,      0,      1,      1,      1,      1,      0,      1,      1,      1,      1
      314, 111011110111010100101111100000110001000111011111110111100000,      1,      0,      1,      0,      0,      1,      1,      1,      0,      1,      1,      0,      1,      0,      1,      0,      1,      1,      1,      1,      1,      0,      1,      1,      1,      1
      315, 011001010101111010110100000011000101100001101101100101010100,      0,      0,      0,      0,      0,      1,      1,      1,      1,      0,      1,      0,      0,      0,      1,      0,      0,      1,      1,      1,      1,      0,      0,      1,      1,      1
      316, 100000000110110010010001100101010110110100110010001110111001,      0,      0,      0,      0,      0,      1,      1,      1,      1,      0,      1,      0,      0,      0,      0,      1,      0,      0,      0,      1,      1,      0,      1,      0,      1,      1
      317, 110101100110100011010011101010011101000110111101000001001011,      0,      1,      0,      0,      0,      1,      1,      0,      1,      1,      1,      0,      0,      0,      0,      0,      1,      0,      0,      0,      0,      1,      0,      1,      0,      1
      318, 010011110010010111100011111001101011001001100100101110001111,      1,      1,      1,      1,      0,      1,      0,      0,      0,      0,      1,      0,      0,      0,      0,      1,      0,      1,      1,      1,      1,      0,      1,      0,      1,      1
      319, 010000010100010110010000011100110001100011000110001101011100,      0,      0,      0,      0,      0,      1,      1,      1,      1,      0,      1,      0,      0,      0,      0,      1,      1,      1,      1,      1,      1,      0,      0,      1,      1,      0
      320, 010110010100100000111010010011000001011001010011110001001001,      0,      0,      0,      0,      0,      1,      1,      1,      1,      1,      1,      0,      0,      0,      0,      1,      1,      1,      0,      1,      1,      0,      1,      1,      0,      0
      321, 010001000001010110000111101000101110100011001001001001000111,      0,      0,      0,      0,      0,      1,      1,      1,      1,      0,      1,      0,      0,      0,      0,      1,      0,      0,      1,      1,      1,      1,      1,      1,      1,      0
      322, 101000111000110110011110100000100111111110011001111001000110,      0,      0,      0,      0,      0,      1,      1,      1,      1,      1,      1,      0,      0,      0,      1,      0,      1,      0,      1,      0,      1,      0,      1,      1,      1,      1
      323, 011001010010111110000111100000001001100000001011100000010100,      1,      0,      0,      0,      0,      1,      0,      1,      1,      0,      1,      0,      0,      0,      0,      1,      0,      0,      0,      0,      0,      0,      0,      0,      0,      0
      324, 010001011010110111100001001000100010111010001001010111011111,      1,      0,      0,      1,      0,      1,      0,      1,      1,      0,      1,      0,      0,      0,      0,      1,      1,      1,      1,      0,      1,      0,      0,      1,      1,      0
      325, 111100000100000011001001011101010110011001000010010011011000,      0,      0,      0,      0,      1,      1,      1,      1,      1,      0,      1,      0,      0,      0,      0,      0,      1,      1,      1,      1,      0,      0,      1,      1,      1,      1
      326, 100011100000010000001010001101111011101001101100010011011010,      0,      0,      0,      0,      0,      1,      1,      1,      1,      1,      1,      0,      0,      0,      0,      0,      1,      1,      1,      1,      0,      0,      0,      0,      0,      0
      327, 110110010010110111110010111111100001001011100011010111000011,      0,      0,      0,      1,      0,      1,      0,      1,      1,      1,      1,      0,      0,      0,      0,      1,      1,      1,      1,      1,      1,      0,      1,      1,      1,      1
      328, 110110011100010001001010110011011101000000110100000101100100,      0,      0,      0,      0,      0,      1,      1,      1,      1,      1,      1,      1,      0,      0,      0,      0,      0,      0,      0,      1,      1,      1,      1,      1,      1,      1
      329, 100000001000100011000101100101010111100001101000101010100101,      0,      0,      0,      0,      0,      1,      1,      1,      1,      0,      1,      0,      0,      0,      0,      1,      1,      1,      1,      0,      0,      0,      0,      1,      1,      1
      330, 010010001111001100110001011100011000100010111111101110100100,      0,      0,      0,      0,      0,      1,      1,      1,      1,      0,      1,      0,      0,      0,      0,      0,      1,      1,      1,      1,      1,      0,      1,      1,      1,      1
      331, 100110100100010101000011000010100100001011111100101000100111,      0,      0,      0,      0,      0,      1,      1,      1,      1,      0,      1,      0,      0,      0,      0,      1,      1,      1,      1,      1,      0,      1,      1,      0,      0,      0
      332, 101101101100011100011011101010010011111111001010010010111101,      0,      0,      0,      0,      0,      1,      1,      1,      1,      1,      1,      0,      0,      0,      0,      1,      1,      0,      1,      1,      1,      0,      0,      1,      1,      1
      333, 000111000110111010001111010101111001100100101110100110101100,      0,      0,      0,      0,      0,      1,      1,      1,      1,      1,      1,      0,      0,      0,      1,      1,      0,      0,      1,      1,      1,      0,      0,      0,      0,      1
      334, 011010100101011110101110111111010001001010100000010001111010,      0,      0,      0,      0,      0,      1,      1,      1,      1,      1,      1,      0,      0,      0,      1,      1,      1,      1,      1,      1,      1,      0,      1,      0,      0,      1
      335, 100101011100100100000010010111001001100010101001000110111001,      1,      0,      0,      0,      0,      1,      1,      1,      1,      0,      1,      0,      0,      0,      0,      1,      0,      1,      1,      1,      1,      0,      0,      1,      0,      1
      336, 011100001110011000010100001010110011111010110111010110111100,      0,      0,      0,      0,      0,      1,      1,      1,      1,      0,      1,      0,      0,      0,      1,      0,      1,      1,      1,      1,      1,      0,      1,      1,      0,      1
      337, 000000001100110000100000001000111000111001100000101010001000,      0,      0,      0,      0,      0,      1,      1,      1,      1,      0,      1,      0,      0,      0,      0,      0,      0,      1,      0,      0,      1,      0,      0,      0,      1,      1
      338, 110001111000001100111110001010011000110001101011110111000101,      1,      0,      1,      0,      0,      1,      1,      1,      1,      1,      1,      0,      0,      0,      1,      0,      1,      1,      1,      0,      1,      0,      0,      1,      1,      1
      339, 000011010000010110101000010011101101100001100011101110000110,      1,      0,      0,      0,      0,      1,      1,      1,      1,      0,      1,      0,      0,      0,      0,      1,      1,      1,      1,      1,      1,      0,      0,      0,      1,      1
      340, 100111110110011101001110011011010000100011011010100000010100,      1,      0,      1,      0,      0,      1,      1,      1,      0,      1,      1,      0,      0,      0,      1,      1,      1,      0,      0,      0,      0,      0,      0,      0,      0,      0
      341, 011010011011011000110000000010000110001001001101111010110110,      0,      0,      0,      0,      0,      1,      1,      1,      1,      0,      1,      0,      0,      0,      0,      1,      1,      1,      1,      1,      1,      1,      1,      0,      1,      0
      342, 100101001101100000100110110001111001011111101011001101110100,      0,      0,      0,      0,      0,      1,      1,      1,      1,      0,      1,      0,      0,      0,      0,      0,      1,      1,      1,      1,      1,      0,      0,      1,      1,      1
      343, 100100010111101001111011100111010101100110001011110011010001,      0,      0,      0,      1,      0,      1,      1,      1,      1,      1,      1,      0,      0,      0,      0,      0,      0,      1,      0,      1,      1,      0,      0,      1,      1,      1
      344, 011011101011101011011111101010110100011000110110101110100011,      0,      1,      0,      0,      0,      1,      1,      0,      1,      1,      1,      0,      0,      0,      1,      0,      0,      1,      0,      1,      1,      1,      1,      1,      1,      1
      345, 100011100110000111100111010110101011011010001011011011000010,      0,      1,      0,      1,      0,      1,      0,      0,      1,      0,      1,      0,      0,      0,      0,      0,      0,      1,      1,      1,      1,      0,      1,      1,      1,      0
      346, 010000100110010101110110000001100111101001100110101000010110,      0,      0,      0,      1,      0,      1,      1,      1,      1,      1,      1,      0,      0,      0,      1,      0,      1,      0,      0,      1,      1,      0,      1,      1,      1,      1
      347, 111001001100100100100110100000101001011100101011001010100111,      0,      0,      0,      0,      0,      1,      1,      1,      1,      0,      1,      0,      0,      0,      0,      1,      0,      1,      1,      1,      0,      0,      0,      0,      0,      1
      348, 000000010010111011011100001010101000011000111001100101101011,      0,      0,      0,      0,      0,      1,      1,      1,      1,      0,      1,      0,      0,      0,      1,      0,      1,      1,      1,      0,      1,      0,      1,      0,      0,      1
      349, 011011100110011101111000010111110011100010100100111011001100,      0,      0,      0,      1,      0,      1,      1,      1,      1,      0,      1,      0,      0,      0,      0,      0,      1,      1,      1,      1,      1,      0,      1,      1,      0,      1
      350, 011111101101001001001000001000011011001001001000110100111100,      0,      0,      0,      0,      0,      1,      1,      1,      1,      0,      1,      0,      0,      0,      0,      1,      0,      1,      1,      1,      1,      0,      0,      0,      1,      0
      351, 101000010011101100110001100111011101010111001000111000111000,      0,      0,      0,      0,      0,      1,      1,      1,      1,      0,      1,      0,      0,      0,      0,      1,      1,      1,      1,      1,      1,      0,      1,      1,      1,      1
      352, 110010000100100100101111101110110010011100101010010111010010,      0,      0,      0,      0,      0,      1,      1,      1,      1,      1,      1,      0,      0,      0,      1,      1,      0,      0,      1,      1,      1,      0,      0,      0,      1,      1
      353, 110011111100101100100011101000000011000111010011010111000110,      1,      0,      1,      0,      0,      1,      1,      1,      1,      0,      1,      1,      0,      0,      0,      1,      1,      1,      1,      0,      1,      1,      1,      1,      1,      1
      354, 000111001101000001000001100111010100001011000101011111110000,      0,      0,      0,      0,      0,      1,      1,      1,      1,      0,      1,      0,      0,      0,      0,      0,      1,      1,      0,      1,      1,      1,      0,      1,      1,      1
      355, 101101011111010011010001010011100110101001101010001100000000,      0,      0,      0,      0,      0,      1,      1,      1,      1,      0,      1,      0,      0,      0,      0,      1,      0,      0,      1,      0,      1,      0,      0,      1,      1,      0
      356, 000100110011110001001001111111001111100000111011111001001101,      0,      0,      0,      0,      0,      1,      1,      1,      0,      0,      1,      0,      0,      0,      0,      0,      0,      1,      1,      1,      1,      0,      1,      1,      1,      1
      357, 110010101101011011000101100100010011011011010011000111101110,      0,      0,      0,      0,      0,      1,      1,      1,      1,      0,      1,      1,      0,      0,      0,      0,      0,      1,      0,      0,      1,      1,      1,      1,      1,      0
      358, 011011001111011100011111011000110100000011100001000111000100,      0,      0,      0,      0,      0,      1,      1,      1,      1,      1,      1,      0,      0,      0,      1,      1,      1,      1,      0,      0,      0,      1,      0,      1,      1,      1
      359, 111010110001000000010010001100110001110111010111000000110000,      0,      0,      0,      0,      0,      1,      1,      1,      1,      1,      1,      0,      0,      0,      0,      0,      1,      0,      0,      1,      0,      0,      0,      0,      0,      0
      360, 100111100010111101001001011010100110011011101110101000010111,      0,      0,      0,      0,      0,      1,      1,      1,      1,      0,      1,      0,      0,      0,      0,      1,      1,      1,      1,      1,      1,      1,      1,      0,      0,      0
      361, 101111100011011011010011100001100000011101000011000111001111,      0,      1,      0,      0,      0,      0,      1,      0,      1,      1,      1,      0,      0,      0,      0,      0,      1,      1,      0,      0,      1,      0,      0,      0,      1,      0
      362, 000011011010100111111101111100010010000101100011111111111111,      1,      0,      0,      1,      0,      1,      0,      1,      1,      0,      1,      0,      0,      0,      1,      0,      0,      1,      1,      1,      1,      0,      1,      1,      1,      1
      363, 100111100011110101011111000111011000011001100100100110010001,      0,      0,      0,      0,      0,      1,      1,      1,      1,      1,      1,      0,      0,      0,      1,      0,      1,      0,      0,      1,      0,      0,      0,      0,      1,      1
      364, 000100101011101101001110110101111011010100100110000101101010,      0,      0,      0,      0,      0,      1,      1,      1,      1,      1,      1,      0,      0,      0,      1,      1,      0,      1,      1,      1,      1,      0,      0,      0,      0,      1
      365, 000111111110101100001110100001011101111001001100010010101111,      1,      0,      1,      0,      0,      1,      1,      1,      0,      1,      1,      0,      0,      0,      1,      0,      0,      1,      0,      1,      1,      0,      0,      1,      1,      1
      366, 101000100101000010011110111110111110001010101101110101110000,      0,      0,      0,      0,      0,      1,      1,      1,      1,      1,      1,      0,      0,      0,      1,      0,      1,      1,      1,      1,      1,      0,      1,      1,      0,      1
      367, 110001000010001000101100010010010011110010111110011101100000,      0,      0,      0,      0,      0,      1,      1,      1,      1,      0,      1,      0,      0,      0,      1,      1,      1,      0,      1,      1,      1,      0,      1,      1,      0,      1
      368, 111011010010111011000101100001001101100111000111111111001110,      0,      0,      0,      0,      0,      1,      1,      1,      1,      0,      1,      0,      0,      0,      0,      0,      0,      1,      1,      1,      1,      1,      0,      1,      1,      1
      369, 010011010011110010010000111000010110110110101111110011101101,      0,      0,      0,      0,      0,      1,      1,      1,      1,      0,      1,      0,      0,      0,      0,      0,      0,      0,      1,      0,      1,      1,      1,      1,      0,      1
      370, 010100000101001111010111000110000110100011110111100011010000,      0,      0,      0,      0,      0,      1,      1,      1,      1,      1,      1,      0,      0,      0,      1,      1,      0,      0,      1,      0,      1,      1,      0,      1,      0,      1
      371, 001000110111001101011101100001011111101001010100111100111101,      0,      0,      0,      0,      0,      1,      1,      1,      0,      0,      1,      0,      0,      0,      1,      1,      1,      1,      1,      1,      1,      0,      1,      1,      1,      1
      372, 000100110011111000011000111101110010011110000101101111000100,      0,      0,      0,      0,      0,      1,      1,      1,      0,      0,      1,      0,      0,      0,      0,      1,      1,      1,      1,      1,      1,      0,      0,      1,      0,      0
      373, 010010010010111000101001111011010010001100010000001110100100,      0,      0,      0,      0,      0,      1,      1,      1,      1,      0,      1,      0,      0,      0,      0,      1,      0,      1,      1,      0,      1,      0,      1,      0,      0,      0
      374, 100111001011000110000001001000001100000001100000010100001111,      0,      0,      0,      0,      0,      1,      0,      1,      1,      0,      1,      1,      0,      0,      0,      1,      0,      0,      1,      0,      0,      0,      0,      1,      1,      0
      375, 100101111100111010010111011010110101111011101001110111001101,      0,      1,      1,      0,      0,      1,      1,      1,      1,      1,      1,      0,      0,      0,      1,      0,      1,      1,      1,      0,      1,      1,      1,      1,      1,      1
      376, 111110101010010110101100110011011110010101100101000101000010,      0,      0,      0,      0,      1,      0,      0,      0,      1,      0,      1,      1,      0,      0,      1,      0,      1,      1,      0,      1,      1,      1,      1,      1,      1,      1
      377, 101010001110011000011011101100111100010100110001111011010010,      0,      0,      0,      0,      0,      1,      1,      1,      1,      1,      1,      1,      0,      0,      0,      1,      1,      1,      1,      1,      0,      0,      1,      1,      1,      1
      378, 000100100101000001101110101010001100010010100010001101000010,      0,      0,      0,      1,      0,      1,      1,      1,      1,      1,      1,      0,      0,      0,      1,      0,      1,      0,      0,      0,      1,      0,      1,      1,      1,      1
      379, 001111000100101010010011001000010011000100011101001111111000,      0,      0,      0,      0,      0,      1,      1,      1,      1,      1,      1,      0,      0,      0,      0,      1,      1,      1,      1,      1,      1,      0,      1,      0,      0,      1
      380, 001101010000110000101011010111101011000111011111100010111110,      0,      0,      0,      0,      0,      1,      1,      1,      1,      1,      1,      0,      0,      0,      0,      1,      0,      1,      1,      1,      1,      0,      0,      0,      0,      0
      381, 111001010110111011010001100011010100011010100011000010000000,      0,      0,      0,      0,      0,      1,      1,      1,      1,      0,      1,      0,      0,      0,      0,      1,      1,      0,      0,      0,      0,      1,      0,      1,      0,      0
      382, 010111001100100110010001010110000110110100000010110101001111,      0,      0,      0,      0,      0,      1,      1,      1,      1,      0,      1,      0,      0,      0,      0,      0,      0,      0,      1,      1,      1,      0,      1,      1,      1,      1
      383, 110000001011001000011010111111101001101101010011110011110011,      0,      0,      0,      0,      0,      1,      1,      1,      1,      1,      1,      0,      0,      0,      0,      0,      1,      1,      1,      1,      1,      0,      1,      1,      0,      1
      384, 011001010010010110111111010100010010010101011010111110101100,      1,      0,      0,      0,      0,      1,      0,      1,      1,      1,      1,      0,      0,      0,      1,      0,      0,      1,      1,      1,      1,      0,      1,      0,      1,      1
      385, 101100000111000101001001100100110000101100100110101001000000,      0,      0,      0,      0,      0,      1,      1,      1,      1,      0,      1,      0,      0,      0,      0,      1,      1,      0,      0,      1,      1,      0,      0,      0,      0,      1
      386, 110000100000010110000001101001111011101000110000111011111101,      0,      0,      0,      0,      0,      1,      1,      1,      1,      0,      1,      0,      0,      0,      0,      1,      0,      1,      1,      1,      1,      0,      1,      1,      1,      1
      387, 001100011111101011000001101000000011101110100001010001111010,      0,      0,      0,      0,      0,      1,      1,      1,      1,      0,      1,      0,      0,      0,      0,      1,      1,      1,      1,      1,      1,      0,      0,      0,      1,      1
      388, 010100000110000001111100110101110100000101101110110100101110,      0,      0,      0,      1,      0,      1,      1,      1,      1,      0,      1,      0,      0,      0,      1,      0,      1,      1,      1,      1,      1,      1,      1,      1,      1,      1
      389, 011111111111001110011010101111000101110010101100001110000111,      1,      1,      1,      0,      0,      1,      0,      0,      0,      1,      1,      0,      0,      0,      0,      1,      0,      1,      1,      1,      1,      1,      1,      1,      1,      1
      390, 011110101010000011000100110111101010010000000011011000111001,      0,      0,      0,      0,      0,      1,      1,      0,      1,      0,      1,      0,      0,      0,      0,      1,      0,      1,      1,      1,      1,      0,      1,      1,      0,      1
      391, 100101111001110000110010000111011000011001010011110010010111,      0,      0,      1,      0,      0,      1,      1,      1,      1,      1,      1,      0,      0,      0,      0,      1,      0,      1,      0,      1,      1,      0,      0,      1,      0,      0
      392, 110000011111011100001010101001111001111000101010101011011110,      0,      0,      0,      0,      0,      1,      1,      1,      1,      1,      1,      0,      0,      0,      0,      0,      1,      1,      1,      0,      1,      0,      0,      0,      0,      1
      393, 101000101100111001111100000100101110110100101110001001001001,      0,      0,      0,      1,      0,      1,      1,      1,      1,      0,      1,      0,      0,      0,      1,      1,      0,      0,      1,      1,      1,      0,      1,      0,      1,      1
      394, 111001010110000100000100111001111010101111111110100110010010,      1,      0,      0,      0,      0,      1,      1,      1,      1,      0,      1,      0,      0,      0,      0,      1,      1,      0,      1,      1,      1,      0,      1,      1,      1,      1
      395, 110100000100101110100110010000101000011011110011011000111011,      0,      0,      0,      0,      0,      1,      1,      1,      1,      0,      1,      0,      0,      0,      0,      1,      0,      1,      0,      1,      1,      0,      1,      1,      1,      1
      396, 011100000101110011110101000001001101001100101000011010000000,      0,      0,      0,      1,      0,      1,      1,      1,      1,      0,      1,      0,      0,      0,      1,      1,      0,      1,      1,      1,      0,      0,      0,      1,      1,      1
      397, 001001000110100001011100110000010111110100001000110110001010,      0,      0,      0,      0,      0,      1,      1,      1,      1,      0,      1,      0,      0,      0,      1,      1,      1,      0,      1,      1,      1,      0,      1,      0,      0,      1
      398, 111001111011100101100101100011110011011000110100111110111110,      1,      0,      1,      1,      0,      1,      1,      1,      0,      0,      1,      0,      0,      0,      0,      0,      1,      1,      0,      1,      1,      0,      1,      0,      1,      1
      399, 010100101011100011101001100100011011110000000001001011001100,      0,      0,      0,      1,      0,      1,      1,      0,      1,      0,      1,      0,      0,      0,      0,      1,      0,      0,      1,      1,      1,      0,      1,      0,      0,      0
      400, 000100010001000101101110110110111111101101111011011111010101,      0,      0,      0,      1,      0,      1,      1,      1,      1,      1,      1,      0,      0,      0,      1,      1,      1,      1,      1,      1,      1,      0,      1,      1,      1,      1
      401, 101101111000111101001011011010110100111000101000110101110000,      1,      0,      1,      0,      0,      1,      1,      1,      1,      1,      1,      0,      0,      0,      0,      0,      0,      0,      1,      1,      1,      0,      1,      0,      1,      1
      402, 101101000110001010001100110000001010110110110100110011110110,      0,      0,      0,      0,      0,      1,      1,      1,      1,      0,      1,      0,      0,      0,      1,      1,      1,      1,      0,      1,      0,      0,      1,      0,      0,      1
      403, 001001111101010100110011100011110110010101100010010001011011,      1,      0,      1,      0,      0,      1,      1,      1,      1,      1,      1,      0,      0,      0,      0,      0,      0,      1,      1,      0,      1,      0,      1,      1,      1,      1
      404, 010011000010011010001011100000010111111000110110001011000011,      0,      0,      0,      0,      0,      1,      1,      1,      1,      1,      1,      0,      0,      0,      0,      1,      1,      1,      1,      1,      1,      0,      1,      1,      1,      0
      405, 001010010110100010001000001011011100101101110100111000001010,      0,      0,      0,      0,      0,      1,      1,      1,      1,      0,      1,      0,      0,      0,      0,      1,      0,      1,      1,      1,      1,      0,      1,      0,      1,      1
      406, 011001111000100111110001000001000100011001000000100000101010,      1,      1,      1,      1,      0,      1,      1,      1,      1,      0,      1,      0,      0,      0,      0,      0,      0,      1,      0,      0,      1,      1,      0,      0,      0,      0
      407, 001010111110000100100101010110100010100011111110111100111001,      0,      0,      0,      0,      0,      1,      1,      1,      0,      0,      1,      0,      0,      0,      0,      1,      0,      0,      1,      1,      1,      1,      1,      1,      1,      1
      408, 101010110011100111010011000011011110110001001101001010011011,      0,      0,      0,      0,      0,      1,      0,      0,      0,      1,      1,      0,      0,      0,      0,      1,      1,      1,      1,      1,      0,      0,      1,      0,      1,      0
      409, 101111110010001010100100001011010010100010001100000110111111,      0,      1,      1,      0,      0,      1,      1,      0,      0,      0,      0,      0,      0,      0,      0,      0,      0,      1,      1,      1,      1,      0,      0,      1,      0,      0
      410, 101000100111110001010110010001111010111010000100000101110001,      0,      0,      0,      0,      0,      1,      1,      1,      1,      1,      1,      0,      0,      0,      1,      1,      1,      0,      0,      1,      0,      0,      0,      1,      0,      0
      411, 001000111001001011110110001100011011001011100001001011100110,      0,      0,      0,      1,      0,      1,      1,      1,      1,      1,      1,      0,      0,      0,      1,      0,      1,      1,      1,      1,      1,      0,      0,      1,      1,      1
      412, 011000011101111010001101011000010110100101001000100010001110,      0,      0,      0,      0,      0,      1,      1,      1,      1,      0,      1,      0,      0,      0,      1,      0,      0,      0,      1,      0,      0,      1,      0,      0,      1,      0
      413, 001110110001010111100101110101110001011011000100001111000001,      0,      0,      0,      1,      0,      1,      1,      1,      1,      0,      1,      0,      0,      0,      0,      1,      0,      1,      1,      1,      0,      0,      0,      1,      1,      0
      414, 111100100101000001010101100110010010110111011101001011011010,      0,      0,      0,      0,      1,      1,      1,      1,      1,      0,      1,      0,      0,      0,      1,      1,      1,      1,      1,      1,      0,      0,      1,      1,      1,      0
      415, 101110011110101110110000110101111111110101010011000011011111,      0,      0,      0,      0,      0,      0,      0,      1,      1,      0,      1,      1,      0,      0,      0,      1,      1,      0,      0,      0,      0,      0,      1,      0,      1,      1
      416, 110101001111001011101101110111001010101101001001110110101010,      0,      0,      0,      1,      0,      1,      1,      1,      1,      0,      1,      0,      0,      0,      1,      1,      0,      1,      1,      1,      1,      1,      1,      1,      1,      1
      417, 101100000011100011011111001110001011101110000000111010100111,      0,      0,      0,      0,      0,      1,      1,      1,      1,      1,      1,      0,      0,      0,      1,      1,      0,      1,      1,      1,      1,      0,      0,      1,      1,      0
      418, 111101010111011111110110101110011111101001111011101001100000,      1,      0,      0,      1,      1,      1,      0,      1,      1,      1,      1,      0,      1,      1,      1,      0,      0,      1,      1,      0,      1,      1,      1,      1,      0,      1
      419, 010111100111011101000110001100000111001100010111101111101101,      0,      0,      0,      0,      0,      1,      1,      1,      1,      0,      1,      0,      0,      0,      0,      0,      1,      1,      1,      1,      1,      0,      1,      1,      1,      1
      420, 111100101111001000000111011101000101000110111100011101111000,      0,      0,      0,      0,      1,      1,      1,      1,      1,      0,      1,      0,      0,      1,      0,      1,      1,      1,      1,      1,      1,      1,      1,      1,      1,      1
      421, 111000010101111110000100001101110101001110100111011100000100,      0,      0,      0,      0,      0,      1,      1,      1,      1,      0,      1,      0,      0,      0,      0,      1,      0,      1,      1,      1,      1,      1,      0,      0,      0,      1
      422, 000110100100110000010101001100001110001000011011000111111110,      0,      0,      0,      0,      0,      1,      1,      1,      1,      0,      1,      0,      0,      0,      1,      0,      0,      1,      1,      1,      1,      0,      1,      0,      0,      1
      423, 111000011100110001011000001001010001110110001100010011001000,      0,      0,      0,      0,      0,      1,      1,      1,      1,      0,      1,      0,      0,      0,      0,      1,      0,      1,      1,      0,      0,      0,      0,      0,      0,      0
      424, 000111101010010110010010101000101111111100101111000111100111,      0,      1,      0,      0,      0,      1,      0,      0,      1,      1,      1,      0,      0,      0,      0,      0,      1,      1,      1,      1,      1,      0,      1,      0,      1,      1
      425, 110001010000001011110000010110011001101011001011001001101111,      0,      0,      0,      1,      0,      1,      1,      1,      1,      0,      1,      0,      0,      0,      0,      1,      0,      1,      1,      1,      1,      0,      0,      1,      1,      0
      426, 100100000000100111111110111011111100010011110111100110111001,      0,      0,      0,      1,      0,      1,      1,      1,      1,      1,      1,      0,      0,      0,      1,      0,      1,      1,      0,      1,      1,      1,      1,      1,      1,      1
      427, 111011110111011100001000100011001001010111011000100010010101,      1,      0,      1,      0,      0,      1,      1,      1,      0,      0,      1,      0,      1,      1,      0,      0,      1,      0,      0,      0,      0,      0,      0,      0,      0,      0
      428, 111011111010010111101001011000111010001100011110001011011111,      1,      1,      1,      1,      0,      1,      0,      0,      0,      0,      1,      1,      0,      0,      0,      0,      1,      1,      0,      0,      0,      0,      1,      1,      1,      1
      429, 101011000111100110101001100111111111010111101011101100010110,      0,      0,      0,      0,      0,      1,      0,      1,      1,      0,      1,      0,      0,      0,      0,      0,      0,      1,      1,      1,      1,      0,      1,      1,      1,      1
      430, 101011100000111101100110011111100111101111010001110111110110,      0,      0,      0,      1,      0,      1,      1,      1,      1,      0,      1,      0,      0,      0,      0,      0,      1,      1,      1,      1,      1,      0,      1,      1,      1,      0
      431, 010010001101010111011101011100111100100100011000101110110110,      0,      0,      0,      0,      0,      1,      1,      1,      1,      0,      1,      0,      0,      0,      1,      1,      0,      1,      1,      1,      1,      0,      1,      1,      1,      0
      432, 100101110101101110101000100010000100110110110111101000010111,      1,      1,      1,      0,      0,      1,      1,      1,      1,      0,      1,      0,      0,      0,      0,      0,      1,      0,      1,      0,      0,      0,      0,      1,      1,      1
      433, 010010101100110000000101010010111111111001111000100110010000,      0,      0,      0,      0,      0,      1,      1,      1,      1,      0,      1,      0,      0,      0,      0,      0,      0,      1,      1,      1,      1,      1,      1,      1,      1,      1
      434, 011101101100001000110000100100011111001110011010111010010011,      0,      0,      0,      0,      0,      1,      1,      1,      1,      0,      1,      0,      0,      0,      0,      0,      0,      1,      1,      1,      1,      1,      0,      1,      0,      1
      435, 010100001111111100101001101001010100010010110110010001010100,      0,      0,      0,      0,      0,      1,      1,      1,      1,      0,      1,      0,      0,      0,      0,      1,      0,      1,      1,      0,      0,      1,      1,      1,      1,      1
      436, 001011100001010001110101111101000010000001110011011010001110,      0,      0,      0,      1,      0,      1,      1,      1,      1,      0,      1,      0,      0,      0,      1,      0,      1,      1,      1,      1,      0,      0,      1,      0,      1,      1
      437, 100110101101001110111110011011100100000111111100110110001101,      0,      0,      0,      0,      0,      1,      1,      1,      1,      1,      1,      1,      0,      0,      1,      1,      1,      1,      1,      1,      1,      1,      1,      1,      1,      1
      438, 101011111000011111111111010010111000111101101000110111111001,      1,      1,      1,      1,      0,      1,      1,      1,      1,      1,      1,      1,      0,      0,      1,      0,      1,      0,      1,      1,      1,      0,      1,      1,      1,      1
      439, 010110100010100100010100000000011101011001100111101001010011,      0,      0,      0,      0,      0,      1,      1,      1,      1,      0,      1,      0,      0,      0,      1,      0,      1,      1,      1,      1,      0,      1,      1,      1,      0,      1
      440, 111110000101110010111011011110000000001001110011010010111001,      0,      0,      0,      0,      1,      0,      1,      1,      1,      1,      1,      0,      0,      0,      0,      1,      1,      0,      1,      1,      1,      0,      1,      1,      1,      0
      441, 111010000010010001110000000111110111000111011001011110001011,      0,      0,      0,      1,      0,      1,      1,      1,      1,      0,      1,      0,      0,      0,      0,      1,      0,      1,      1,      1,      1,      1,      1,      1,      1,      0
      442, 100011000101001110001101101001001110001000001000010101100111,      0,      0,      0,      0,      0,      1,      1,      1,      1,      0,      1,      0,      0,      0,      1,      1,      1,      1,      1,      0,      0,      0,      0,      1,      1,      1
      443, 001010100111101011010101000011101110110101111011101110000010,      0,      0,      0,      0,      0,      1,      1,      0,      1,      0,      1,      0,      0,      0,      1,      1,      1,      1,      1,      1,      1,      0,      1,      1,      1,      1
      444, 101110001001110110101100110001000100101000100110111100010001,      0,      0,      0,      0,      0,      0,      1,      1,      1,      0,      1,      1,      0,      0,      1,      1,      0,      1,      1,      1,      0,      0,      1,      1,      1,      1
      445, 111000111110100001011011000000011110110110111010001100111100,      0,      0,      0,      0,      0,      1,      1,      1,      0,      1,      1,      0,      0,      0,      0,      1,      0,      1,      1,      1,      1,      1,      0,      1,      1,      1
      446, 101011001010110000001011000001100011101010000101010000100101,      0,      0,      0,      0,      0,      1,      1,      1,      1,      1,      1,      1,      0,      0,      0,      1,      1,      1,      0,      0,      0,      0,      0,      1,      1,      0
      447, 111010100111100011001001000101011010111110110001100101001101,      0,      0,      0,      0,      0,      1,      1,      0,      1,      0,      1,      0,      0,      0,      0,      1,      0,      1,      0,      0,      0,      0,      1,      1,      0,      1
      448, 000110101001111110100100000011000010001101001110110101110110,      0,      0,      0,      0,      0,      1,      1,      1,      1,      0,      1,      0,      0,      0,      0,      0,      1,      1,      1,      1,      1,      0,      0,      0,      1,      0
      449, 001010001100101110100001110111011011110111110110011110111010,      0,      0,      0,      0,      0,      1,      1,      1,      1,      0,      1,      0,      0,      0,      0,      0,      1,      1,      1,      1,      1,      1,      1,      1,      1,      1
      450, 001000001111001110000111001011100001001111001100011101011010,      0,      0,      0,      0,      0,      1,      0,      1,      1,      0,      1,      0,      0,      0,      0,      1,      0,      1,      1,      1,      1,      0,      1,      1,      1,      0
      451, 001000000101010011011111101010100101110000000010111100101010,      0,      0,      0,      0,      0,      1,      1,      1,      1,      1,      1,      0,      0,      0,      1,      1,      0,      1,      1,      1,      1,      0,      1,      0,      1,      1
      452, 001011100000111101010101111110000101100010101100000011010010,      0,      0,      0,      0,      0,      1,      1,      1,      1,      0,      1,      0,      0,      0,      1,      0,      0,      0,      0,      1,      1,      0,      0,      0,      0,      0
      453, 100110000110111010001010000001010001010111011010110110000011,      0,      0,      0,      0,      0,      1,      1,      1,      1,      1,      1,      0,      0,      0,      0,      0,      1,      1,      1,      0,      1,      0,      1,      1,      1,      0
      454, 111100111101100011110000011001100100011100011100000111100101,      0,      0,      0,      1,      1,      1,      1,      1,      1,      0,      1,      0,      0,      0,      0,      0,      1,      1,      1,      1,      1,      1,      1,      1,      1,      1
      455, 011001111111110100100011001101110001000101001000111011111000,      1,      0,      1,      0,      0,      1,      1,      1,      0,      0,      1,      0,      0,      0,      0,      0,      0,      1,      1,      1,      1,      0,      0,      0,      1,      0
      456, 111100010001000101110101100101101100111001110100100111010110,      0,      0,      0,      1,      1,      1,      1,      1,      1,      0,      1,      0,      0,      0,      1,      0,      1,      0,      0,      1,      0,      1,      1,      1,      1,      1
      457, 101100010101011111010011110001010110110010010000000110101011,      0,      0,      0,      0,      0,      1,      1,      1,      1,      1,      1,      0,      0,      0,      0,      1,      1,      1,      0,      0,      1,      0,      1,      1,      0,      1
      458, 000000001101100000110110111100000001001101100000110101010111,      0,      0,      0,      0,      0,      1,      1,      1,      1,      1,      1,      0,      0,      0,      1,      0,      1,      1,      1,      1,      0,      0,      1,      1,      1,      1
      459, 100000001001100101110010111110110001000110011101110101100100,      0,      0,      0,      1,      0,      1,      1,      1,      1,      1,      1,      0,      0,      0,      0,      1,      1,      1,      1,      1,      1,      0,      1,      1,      0,      1
      460, 011010010110000110001111010111100111000101100101111000110000,      0,      0,      0,      0,      0,      1,      0,      1,      1,      1,      1,      0,      0,      0,      1,      0,      1,      1,      0,      1,      1,      0,      1,      1,      1,      1
      461, 001100001010000100010111100010001010110101101100111000100011,      0,      0,      0,      0,      0,      1,      1,      1,      1,      1,      1,      0,      0,      0,      1,      0,      1,      1,      0,      1,      1,      0,      1,      1,      1,      1
      462, 001000001010001000001010110010001100111110000111100101111001,      0,      0,      0,      0,      0,      1,      1,      1,      1,      1,      1,      0,      0,      0,      0,      0,      1,      1,      0,      1,      1,      0,      1,      1,      1,      0
      463, 110010111010001001010110001011000001011101101110101000010111,      0,      0,      0,      0,      0,      1,      1,      1,      0,      1,      1,      1,      0,      0,      1,      1,      0,      1,      0,      1,      0,      0,      0,      1,      0,      0
      464, 011010001100011010101000111100111111100010011110111001011001,      0,      0,      0,      0,      0,      1,      1,      1,      1,      0,      1,      0,      0,      0,      0,      1,      1,      0,      1,      1,      1,      1,      1,      1,      1,      1
      465, 000001100011100001110001010110001101101011000010111111111001,      0,      0,      0,      1,      0,      1,      1,      1,      1,      0,      1,      0,      0,      0,      0,      1,      0,      1,      1,      1,      1,      0,      1,      1,      1,      0
      466, 101011101110101010101111101110111010100101110010010100001100,      0,      1,      0,      0,      0,      1,      1,      0,      1,      1,      1,      1,      0,      0,      1,      0,      1,      0,      1,      1,      1,      0,      1,      0,      1,      1
      467, 011010000011001011011010000011101110011111000010110011111110,      0,      0,      0,      0,      0,      1,      1,      1,      1,      1,      1,      0,      0,      0,      0,      0,      0,      1,      1,      1,      1,      1,      1,      1,      0,      0
      468, 000001011011000000111111001111110010110111100011001100001101,      0,      0,      0,      0,      0,      1,      1,      1,      1,      1,      1,      0,      0,      0,      1,      1,      0,      1,      1,      1,      1,      0,      0,      1,      1,      1
      469, 000001110101011001000000110111001000000010001001000100000111,      0,      0,      1,      0,      0,      1,      1,      1,      1,      0,      1,      0,      0,      0,      0,      0,      1,      1,      1,      0,      0,      0,      0,      1,      0,      0
      470, 010111110001000000101111110111010111011011011111101011111101,      0,      0,      1,      0,      0,      1,      1,      1,      1,      1,      1,      0,      0,      0,      1,      1,      1,      1,      1,      1,      1,      1,      1,      1,      0,      1
      471, 001010100010110100101010111000111110010001010110100010100101,      0,      0,      0,      0,      0,      1,      1,      1,      1,      1,      1,      0,      0,      0,      0,      0,      0,      0,      0,      0,      0,      0,      1,      0,      0,      0
      472, 101001100110100111110110010000010011000100111000000011111101,      0,      1,      0,      1,      0,      1,      0,      0,      1,      1,      1,      0,      0,      0,      1,      0,      0,      0,      0,      1,      1,      0,      0,      0,      0,      0
      473, 111101011001011010110100010111110101110110111011000110101111,      0,      0,      0,      0,      1,      1,      1,      1,      1,      0,      1,      0,      0,      0,      1,      0,      1,      1,      1,      1,      1,      1,      1,      1,      1,      1
      474, 101001101010000010111100001100010100001101100111010001111111,      0,      1,      0,      0,      0,      1,      1,      0,      1,      0,      1,      0,      0,      0,      1,      1,      0,      1,      1,      1,      1,      0,      0,      1,      1,      0
      475, 010010111001101011011001111111111111001000010110110011000011,      0,      0,      0,      0,      0,      1,      1,      1,      1,      0,      1,      0,      0,      0,      0,      0,      1,      1,      1,      1,      1,      0,      1,      1,      1,      1
      476, 110111001110000101110100100011000010101011111000000010101101,      0,      0,      0,      1,      0,      1,      1,      1,      1,      0,      1,      1,      0,      0,      1,      1,      1,      0,      1,      0,      1,      1,      1,      1,      1,      1
      477, 111110111100001000110111100110100000010000001111011101101011,      0,      0,      0,      0,      1,      0,      1,      1,      1,      1,      1,      1,      0,      0,      1,      1,      0,      1,      1,      1,      1,      0,      1,      1,      1,      1
      478, 000011011001000111101100011001101110001000110101001111101101,      1,      0,      0,      1,      0,      1,      1,      1,      1,      0,      1,      0,      0,      0,      1,      1,      0,      1,      1,      1,      1,      0,      1,      0,      1,      1
      479, 001101111101110111110000001111100100111011011010000000000101,      1,      1,      1,      1,      0,      1,      1,      1,      1,      0,      1,      0,      0,      0,      0,      1,      1,      0,      0,      0,      0,      1,      0,      0,      0,      0
      480, 000110100001001101110011010111111111111101101001011100101010,      0,      0,      0,      1,      0,      1,      1,      1,      1,      1,      1,      0,      0,      0,      0,      0,      1,      1,      1,      1,      1,      0,      1,      1,      1,      1
      481, 010011000011111100000111100010010000110001010100001011100111,      0,      0,      0,      0,      0,      1,      1,      1,      1,      0,      1,      0,      0,      0,      0,      0,      0,      1,      0,      1,      1,      0,      1,      0,      1,      0
      482, 000011100000101110001011100101000000000000110000111100000000,      0,      1,      0,      0,      0,      1,      1,      1,      1,      1,      1,      0,      0,      0,      0,      0,      1,      1,      0,      1,      0,      0,      1,      0,      1,      1
      483, 011001001110101000001101000000011110101111011101100010010010,      0,      0,      0,      0,      0,      1,      1,      1,      1,      0,      1,      0,      0,      0,      1,      1,      0,      1,      1,      0,      0,      1,      0,      1,      1,      0
      484, 001100100111001111100001001010010101000010011111000110100101,      0,      0,      0,      1,      0,      1,      0,      0,      1,      0,      1,      0,      0,      0,      0,      0,      1,      1,      1,      1,      1,      0,      1,      1,      0,      1
      485, 111100010010011010100000101111111111101010001001110111001110,      0,      0,      0,      0,      1,      1,      1,      1,      1,      0,      1,      0,      0,      0,      0,      0,      1,      1,      1,      1,      1,      1,      0,      1,      0,      1
      486, 001101100101001100110010001011111110101101101001111111100000,      0,      0,      0,      0,      0,      1,      1,      1,      1,      1,      1,      0,      0,      0,      0,      0,      0,      1,      1,      1,      1,      0,      1,      1,      1,      1
      487, 010010011100101010110010011000011001110110010111010111111100,      0,      0,      0,      0,      0,      1,      1,      1,      1,      1,      1,      0,      0,      0,      0,      0,      0,      1,      1,      1,      1,      0,      1,      1,      0,      0
      488, 111011000010101111100101000111000010100111100011101001100010,      0,      0,      0,      1,      0,      1,      0,      1,      1,      0,      1,      0,      0,      0,      0,      0,      0,      1,      0,      0,      1,      0,      0,      1,      1,      1
      489, 111100001111110010010100100100111110000111011010011111001001,      0,      0,      0,      0,      1,      1,      1,      1,      1,      0,      1,      0,      0,      0,      1,      1,      0,      1,      1,      1,      1,      1,      1,      1,      1,      1
      490, 001000000110111001100110111000001001001011000100110111110110,      0,      0,      0,      1,      0,      1,      1,      1,      1,      0,      1,      0,      0,      0,      0,      0,      0,      1,      1,      1,      0,      0,      1,      1,      1,      1
      491, 111111101111100011111000110000101000011101100001101010110011,      0,      1,      0,      1,      1,      0,      1,      0,      1,      0,      1,      1,      1,      0,      0,      0,      0,      1,      0,      1,      1,      0,      0,      1,      1,      1
      492, 111001010010110001100100110010010010000010010010010100000011,      0,      0,      0,      1,      0,      1,      1,      1,      1,      0,      1,      0,      0,      0,      0,      0,      0,      0,      0,      0,      1,      0,      1,      1,      0,      1
      493, 100110110101011101111110011010110100101101000011000100001111,      0,      0,      0,      1,      0,      1,      1,      1,      1,      1,      1,      0,      0,      0,      1,      1,      0,      1,      0,      0,      1,      0,      0,      0,      1,      1
      494, 000101111011011110110010001010110001110110101110011111110010,      1,      1,      1,      0,      0,      1,      0,      0,      0,      1,      1,      0,      0,      0,      0,      0,      0,      1,      1,      1,      1,      0,      1,      1,      0,      1
      495, 100000001011001110000111001100000111010011110111101100010111,      0,      0,      0,      0,      0,      1,      0,      1,      1,      0,      1,      0,      0,      0,      0,      1,      0,      1,      1,      1,      1,      1,      0,      1,      1,      1
      496, 001110111111001010011110011110011011011001010000111010101111,      0,      0,      0,      0,      0,      1,      1,      0,      0,      1,      1,      0,      0,      0,      1,      0,      0,      1,      1,      1,      1,      0,      1,      1,      1,      0
      497, 000011001000011111101001111111001000010011110001010001011000,      0,      0,      0,      1,      0,      1,      1,      1,      1,      0,      1,      0,      0,      0,      0,      0,      1,      1,      1,      1,      1,      0,      1,      0,      1,      1
      498, 110001100000011100101010011011000110110100100010101000000011,      0,      0,      0,      0,      0,      1,      1,      1,      1,      1,      1,      0,      0,      0,      0,      0,      1,      0,      0,      0,      1,      0,      1,      1,      0,      1
      499, 000100010111110110110001000011011100001000000000011100100011,      0,      0,      0,      0,      0,      1,      0,      1,      1,      0,      1,      0,      0,      0,      0,      1,      1,      1,      0,      0,      1,      0,      0,      1,      1,      1
      500, 100101011010000001001100111001010011111101010101111101011010,      0,      0,      0,      0,      0,      1,      1,      1,      1,      0,      1,      0,      0,      0,      1,      1,      0,      1,      1,      1,      0,      0,      1,      0,      1,      1
      501, 100111110101111010001110101111001011001101100101111001110111,      0,      1,      1,      0,      0,      1,      1,      1,      1,      1,      1,      0,      0,      0,      1,      0,      1,      1,      1,      1,      1,      0,      0,      1,      1,      1
      502, 000110000101001011001110100101001010000111010100000000110010,      0,      0,      0,      0,      0,      1,      1,      1,      1,      1,      1,      0,      0,      0,      1,      0,      0,      1,      0,      1,      0,      0,      0,      0,      0,      0
      503, 101010110100001000010000101011110111111010100101110010100100,      0,      0,      0,      0,      0,      1,      1,      1,      1,      0,      1,      0,      0,      0,      0,      0,      0,      1,      1,      0,      1,      0,      0,      0,      0,      1
      504, 100111001001111111001111000110001100101000110110000101110111,      0,      0,      0,      0,      0,      1,      1,      1,      1,      1,      1,      1,      0,      0,      1,      0,      0,      1,      0,      1,      1,      0,      1,      0,      1,      1
      505, 111000100100011011000001011111100110001011011001100000000110,      0,      0,      0,      0,      0,      1,      1,      1,      1,      0,      1,      0,      0,      0,      0,      1,      0,      0,      0,      0,      0,      1,      0,      0,      0,      0
      506, 101100101111111010011111001100000000101110110000111001110110,      0,      0,      0,      0,      0,      1,      1,      0,      1,      1,      1,      0,      0,      0,      1,      1,      0,      1,      1,      1,      0,      0,      1,      1,      1,      1
      507, 000110110011100100010101010110011111100010001011101111111101,      0,      0,      0,      0,      0,      1,      1,      1,      0,      0,      1,      0,      0,      0,      1,      0,      0,      1,      1,      1,      1,      0,      1,      1,      0,      1
      508, 100101101001011000011010000000110110011100100010111010110011,      0,      0,      0,      0,      0,      1,      1,      1,      1,      1,      1,      0,      0,      0,      0,      0,      0,      1,      0,      1,      1,      0,      1,      1,      0,      1
      509, 110110010000101100011101110111001100011011001011110011011110,      0,      0,      0,      0,      0,      1,      1,      1,      1,      0,      1,      0,      0,      0,      1,      1,      0,      1,      0,      1,      1,      1,      1,      1,      1,      1
      510, 011110010011111111111111011011110010101100111011001110101000,      0,      0,      0,      1,      0,      1,      0,      1,      1,      1,      1,      0,      0,      0,      1,      1,      0,      1,      1,      1,      1,      0,      1,      0,      1,      1
      511, 110000111010101001010100101000110110011111111000010110100100,      0,      0,      0,      0,      0,      1,      1,      1,      0,      0,      1,      0,      0,      0,      1,      0,      0,      0,      1,      0,      0,      1,      1,      1,      1,      1
      512, 000110101011111100001011011111010101001011111010000010000011,      0,      0,      0,      0,      0,      1,      1,      1,      1,      1,      1,      0,      0,      0,      0,      1,      1,      0,      0,      0,      0,      1,      0,      0,      1,      1
      513, 111000111010100110011010101110001110111011010000010110011111,      0,      0,      0,      0,      0,      1,      0,      0,      0,      1,      1,      0,      0,      0,      0,      1,      1,      0,      1,      1,      1,      1,      1,      1,      1,      1
      514, 101000001110101001000011000001111000101100100000100100100000,      0,      0,      0,      0,      0,      1,      1,      1,      1,      0,      1,      0,      0,      0,      0,      1,      1,      0,      0,      0,      0,      0,      0,      0,      0,      1
      515, 100100001111011110011100100100011010101111011000011111101011,      0,      0,      0,      0,      0,      1,      0,      1,      1,      0,      1,      0,      0,      0,      1,      0,      1,      1,      1,      1,      1,      0,      1,      1,      1,      1
      516, 010011110010111110110000111111111101100010101100101111111101,      1,      1,      1,      0,      0,      1,      0,      0,      0,      0,      1,      0,      0,      0,      0,      1,      0,      1,      1,      1,      1,      1,      1,      1,      0,      1
      517, 100111001101001111011000101110011001010011110111111001001111,      0,      0,      0,      0,      0,      1,      1,      1,      1,      0,      1,      1,      0,      0,      0,      0,      1,      0,      1,      1,      1,      1,      1,      1,      1,      1
      518, 010100101001011110010011000101000110000100001100000101000010,      0,      0,      0,      0,      0,      1,      1,      1,      1,      1,      1,      0,      0,      0,      0,      1,      0,      0,      1,      1,      0,      0,      0,      1,      1,      1
      519, 001110111101000100101111101110110011101101111011101110100111,      0,      0,      0,      0,      0,      1,      1,      1,      1,      1,      1,      0,      0,      0,      1,      1,      0,      1,      1,      1,      1,      0,      1,      1,      1,      1
      520, 110010010111110000000111000010011010011111001111111111001100,      0,      0,      0,      0,      0,      1,      1,      1,      1,      0,      1,      0,      0,      0,      0,      0,      0,      1,      1,      1,      1,      0,      1,      1,      1,      0
      521, 111111010010110111011000100111101000100101110001100100011100,      1,      0,      0,      0,      1,      0,      0,      1,      1,      0,      1,      0,      0,      0,      0,      0,      1,      1,      0,      0,      0,      0,      1,      0,      1,      1
      522, 101000001001001000111111010100110010100101110001000001111010,      0,      0,      0,      0,      0,      1,      1,      1,      1,      1,      1,      0,      0,      0,      1,      1,      1,      1,      0,      1,      1,      0,      0,      0,      0,      0
      523, 110001000110001111100001011101011111011000110011000111010110,      0,      0,      0,      1,      0,      1,      0,      1,      1,      0,      1,      0,      0,      0,      0,      1,      1,      1,      0,      0,      1,      0,      1,      1,      0,      1
      524, 000011000100001111011101100000010111110000100110100001110010,      0,      0,      0,      0,      0,      1,      1,      1,      1,      0,      1,      0,      0,      0,      1,      1,      1,      1,      1,      1,      1,      0,      1,      0,      0,      0
      525, 001111010010110110001011000100010111011110101000001101000101,      1,      0,      0,      0,      0,      1,      0,      1,      1,      1,      1,      0,      0,      0,      0,      1,      0,      1,      1,      1,      1,      0,      1,      1,      1,      1
      526, 110110111101011011101100111001001001001000010010010000110011,      0,      0,      0,      1,      0,      1,      1,      1,      1,      0,      1,      1,      0,      0,      1,      1,      0,      1,      1,      1,      0,      0,      1,      1,      0,      1
      527, 111001101000111110110111000010011011010011011111010001111111,      0,      1,      0,      0,      0,      1,      1,      1,      1,      1,      1,      0,      0,      0,      1,      0,      0,      1,      0,      1,      1,      0,      0,      1,      1,      0
      528, 011100111001000001110011001001000001001101100110100011110000,      0,      0,      0,      1,      0,      1,      1,      1,      1,      1,      1,      0,      0,      0,      0,      1,      1,      1,      0,      1,      0,      0,      0,      0,      0,      0
      529, 101101000000111100111011111011000101101000111001001001111101,      0,      0,      0,      0,      0,      1,      1,      1,      1,      1,      1,      0,      0,      0,      0,      0,      0,      0,      1,      1,      1,      0,      1,      0,      1,      1
      530, 000111011011011000010111011000001000011101000110011110011010,      0,      0,      0,      0,      0,      1,      1,      1,      1,      1,      1,      0,      0,      0,      1,      0,      1,      1,      1,      1,      1,      0,      1,      0,      1,      0
      531, 111110000011100010101010111011100100001101010010000010111010,      0,      0,      0,      0,      1,      0,      1,      1,      1,      1,      1,      0,      0,      0,      0,      0,      1,      1,      0,      1,      1,      0,      0,      0,      0,      0
      532, 111011000011100101110101100101000001010101000110010110000001,      0,      0,      0,      1,      0,      1,      1,      1,      1,      0,      1,      0,      0,      0,      1,      0,      1,      1,      0,      1,      1,      0,      0,      1,      1,      1
      533, 100011111110010001110111010000000010001100101000110110000010,      0,      0,      1,      1,      0,      1,      1,      1,      0,      1,      1,      1,      0,      0,      1,      0,      1,      0,      1,      0,      0,      0,      1,      1,      1,      1
      534, 100110111010011111011000110100000100101101101110100110100000,      0,      0,      0,      0,      0,      1,      0,      0,      0,      0,      1,      1,      0,      0,      0,      1,      0,      0,      1,      1,      1,      0,      0,      0,      1,      1
      535, 100110101001100100010001011010101110111011111000011011110011,      0,      0,      0,      0,      0,      1,      1,      1,      1,      0,      1,      1,      0,      0,      0,      0,      1,      1,      1,      1,      1,      1,      1,      1,      1,      1
      536, 100001011010100011110010110101010100010111000000010011110000,      0,      0,      0,      1,      0,      1,      1,      1,      1,      1,      1,      0,      0,      0,      0,      1,      1,      1,      0,      1,      0,      1,      1,      0,      1,      1
      537, 111010001000010001110000001110000001010010011011100011000010,      0,      0,      0,      1,      0,      1,      1,      1,      1,      0,      1,      1,      0,      0,      0,      1,      0,      0,      0,      0,      0,      0,      0,      0,      0,      0
      538, 111001100011000110001000011111001000111001101111111001100000,      0,      1,      0,      0,      0,      1,      0,      0,      1,      0,      1,      0,      0,      0,      0,      0,      1,      1,      1,      1,      1,      0,      1,      0,      1,      1
      539, 100110011011110101001110001111001010011100010110101110001010,      0,      0,      0,      0,      0,      1,      1,      1,      1,      1,      1,      1,      0,      0,      1,      1,      0,      0,      0,      1,      1,      0,      1,      0,      0,      0
      540, 110011110111011110000010010110001101110100111101110101110111,      1,      1,      1,      0,      0,      1,      0,      0,      0,      0,      1,      0,      0,      0,      0,      0,      0,      1,      1,      1,      1,      0,      1,      1,      0,      1
      541, 000011000011011001001111100010011011011010000011000011110001,      0,      0,      0,      0,      0,      1,      1,      1,      1,      1,      1,      0,      0,      0,      1,      1,      0,      1,      1,      1,      0,      0,      0,      0,      0,      0
      542, 101000101100111101010100000110000001010010001000110110101011,      0,      0,      0,      0,      0,      1,      1,      1,      1,      0,      1,      0,      0,      0,      1,      0,      1,      1,      1,      1,      1,      0,      0,      1,      0,      0
      543, 001011101011101101010011000001101001001011010101110101111111,      0,      0,      0,      0,      0,      1,      1,      1,      1,      1,      1,      0,      0,      0,      0,      0,      0,      1,      0,      1,      1,      0,      1,      1,      1,      0
      544, 111001110010101110111011011100000101011101001000110101010110,      1,      1,      1,      0,      0,      1,      0,      0,      0,      1,      1,      0,      0,      0,      0,      0,      1,      0,      1,      1,      0,      0,      1,      1,      1,      0
      545, 010001001011011001011111111100100110100001000010110111010111,      0,      0,      0,      0,      0,      1,      1,      1,      1,      1,      1,      0,      0,      0,      1,      0,      1,      0,      1,      1,      1,      1,      1,      1,      1,      1
      546, 100010000100000111100111110001100100101001000010110010111101,      0,      0,      0,      1,      0,      1,      1,      1,      1,      0,      1,      0,      0,      0,      0,      1,      1,      1,      0,      1,      1,      0,      1,      1,      1,      1
      547, 011100010000100101001100010101100110010001000100011001100000,      0,      0,      0,      0,      0,      1,      1,      1,      1,      0,      1,      0,      0,      0,      1,      0,      0,      1,      1,      1,      0,      0,      1,      1,      1,      1
      548, 111011100000010101100100001111111101011011001111010110010010,      0,      0,      0,      1,      0,      1,      1,      1,      1,      0,      1,      0,      0,      0,      0,      1,      1,      1,      1,      1,      1,      1,      1,      1,      1,      0
      549, 110110011101010111101111110001110110101101100010011101010110,      0,      0,      0,      1,      0,      1,      1,      1,      1,      1,      1,      1,      0,      0,      1,      0,      0,      1,      1,      1,      1,      1,      1,      1,      1,      1
      550, 101011011101000010110011100000011101001011100011010000100110,      0,      0,      0,      0,      0,      1,      1,      1,      1,      1,      1,      1,      0,      0,      0,      0,      0,      1,      0,      0,      0,      1,      0,      0,      1,      1
      551, 011111010100111010010010111011010110011110111110011101011001,      0,      0,      0,      0,      0,      1,      1,      1,      1,      1,      1,      0,      0,      0,      0,      0,      1,      1,      1,      1,      1,      1,      1,      1,      1,      1
      552, 010101000000001001000011111110110111011100011111111111111110,      0,      0,      0,      0,      0,      1,      1,      1,      1,      0,      1,      0,      0,      0,      0,      0,      1,      1,      1,      1,      1,      0,      1,      1,      1,      1
      553, 100101111001101101011110001010101011001101110000010000000000,      1,      0,      1,      0,      0,      1,      1,      1,      1,      1,      1,      0,      0,      0,      1,      0,      1,      0,      1,      0,      1,      0,      0,      0,      0,      0
      554, 010111111110110101010111110101010011111001110101100010111110,      1,      0,      1,      0,      0,      1,      1,      1,      0,      1,      1,      0,      0,      0,      1,      0,      1,      1,      0,      1,      1,      0,      0,      0,      0,      0
      555, 011011011011000010010001000010011101110000111100010010010100,      0,      0,      0,      0,      0,      1,      1,      1,      1,      0,      1,      0,      0,      0,      0,      0,      1,      0,      0,      1,      1,      1,      1,      0,      1,      0
      556, 100011110100011010111000001001101000011000100110111111101011,      0,      1,      1,      0,      0,      1,      1,      1,      1,      0,      1,      0,      0,      0,      0,      0,      0,      1,      1,      1,      1,      0,      0,      1,      0,      1
      557, 101110110011101000101000100010001011011100000010001101110100,      0,      0,      0,      0,      0,      0,      1,      1,      0,      0,      1,      0,      0,      0,      0,      1,      1,      1,      0,      1,      1,      0,      0,      0,      0,      0
      558, 010001100011011011110010100001001101010111000010000001001111,      0,      1,      0,      1,      0,      1,      1,      0,      1,      1,      1,      0,      0,      0,      0,      1,      1,      0,      0,      1,      0,      1,      1,      1,      0,      0
      559, 111110101100111000111110111010111010101111111100001100111000,      0,      0,      0,      0,      1,      0,      1,      1,      1,      1,      1,      1,      0,      0,      1,      1,      1,      1,      1,      1,      1,      1,      1,      1,      1,      1
      560, 000101111101001110101011000100010000001010001001101011100101,      1,      1,      1,      0,      0,      1,      1,      1,      1,      1,      1,      0,      0,      0,      0,      1,      1,      1,      1,      0,      1,      0,      0,      1,      0,      0
      561, 111001011111110101010101101101011000110101101011000111110010,      1,      0,      0,      0,      0,      1,      1,      1,      1,      0,      1,      0,      1,      0,      1,      1,      0,      1,      1,      1,      1,      0,      0,      0,      1,      1
      562, 110011011011100101110011000000010111000110000000100100000010,      1,      0,      0,      1,      0,      1,      1,      1,      1,      1,      1,      1,      0,      0,      0,      0,      1,      0,      0,      0,      0,      1,      0,      0,      1,      0
      563, 000010010000100001100001000111100000111001101010101111100101,      0,      0,      0,      1,      0,      1,      1,      1,      1,      0,      1,      0,      0,      0,      0,      1,      1,      1,      1,      1,      1,      0,      0,      0,      1,      1
      564, 001000100000100000100100100010110100000001111000110001100111,      0,      0,      0,      0,      0,      1,      1,      1,      1,      0,      1,      0,      0,      0,      0,      0,      0,      1,      0,      0,      1,      0,      0,      1,      0,      1
      565, 000101011011000001011001010010010111011011110011111000011110,      0,      0,      0,      0,      0,      1,      1,      1,      1,      0,      1,      0,      0,      0,      0,      0,      0,      1,      0,      0,      1,      1,      1,      0,      1,      1
      566, 101100101011000000001000001010100010010110011100101111110001,      0,      0,      0,      0,      0,      1,      1,      1,      1,      0,      1,      0,      0,      0,      0,      1,      1,      0,      1,      1,      0,      0,      1,      1,      0,      0
      567, 010110000001111111101011001000111101100000110110110100010110,      0,      0,      0,      1,      0,      1,      1,      1,      1,      1,      1,      0,      0,      0,      0,      1,      0,      0,      1,      0,      0,      0,      1,      1,      1,      0
      568, 110100011001001101111101001110001110010100101000110010010011,      0,      0,      0,      1,      0,      1,      1,      1,      1,      0,      1,      0,      0,      0,      1,      1,      1,      0,      1,      1,      1,      1,      0,      1,      1,      1
      569, 011010101000110111110101100001111111100101100100001110111010,      0,      0,      0,      1,      0,      1,      1,      1,      1,      0,      1,      0,      0,      0,      1,      0,      0,      1,      1,      1,      1,      1,      1,      1,      1,      1
      570, 110101101000110110011000110110000011101101000110111001101100,      0,      1,      0,      0,      0,      1,      1,      1,      1,      0,      1,      0,      0,      0,      0,      0,      0,      1,      1,      1,      1,      0,      1,      1,      1,      1
      571, 010110101101000010000100100101000001011010111110000101101101,      0,      0,      0,      0,      0,      1,      1,      1,      1,      0,      1,      0,      0,      0,      0,      1,      0,      1,      1,      1,      1,      0,      1,      1,      0,      1
      572, 010010110111111010001111101110110010101010001100111101011110,      0,      0,      0,      0,      0,      1,      1,      0,      0,      1,      1,      0,      0,      0,      1,      1,      1,      1,      1,      1,      1,      0,      1,      1,      1,      1
      573, 110000010100111000111010111010101110111110111010001111001100,      0,      0,      0,      0,      0,      1,      1,      1,      1,      1,      1,      0,      0,      0,      0,      0,      1,      1,      1,      0,      1,      1,      1,      1,      1,      1
      574, 101110011100001101001010010111101001101011010100101001001100,      0,      0,      0,      0,      0,      0,      1,      1,      1,      1,      1,      1,      0,      0,      0,      0,      1,      1,      1,      1,      1,      1,      1,      0,      1,      1
      575, 110100110001001010000011101011000000100000111111101111111110,      0,      0,      0,      0,      0,      1,      1,      1,      1,      0,      1,      0,      0,      0,      0,      1,      1,      1,      1,      1,      1,      0,      1,      0,      1,      1
      576, 010110100001011000000000101110100110101011101011110011010110,      0,      0,      0,      0,      0,      1,      1,      1,      1,      0,      1,      0,      0,      0,      0,      1,      1,      1,      1,      1,      1,      1,      0,      1,      0,      1
      577, 001011101000010110010101101101111111100001010101111110011100,      0,      1,      0,      0,      0,      1,      1,      1,      1,      0,      1,      0,      0,      0,      1,      0,      0,      1,      1,      1,      1,      0,      1,      1,      1,      1
      578, 111001101000010110101100010010100111110111000111010110111011,      0,      1,      0,      0,      0,      1,      1,      1,      1,      0,      1,      0,      0,      0,      1,      1,      1,      1,      0,      1,      1,      1,      1,      1,      1,      0
      579, 110111001011101110100001100011001110000111111110010010101010,      0,      0,      0,      0,      0,      1,      0,      1,      1,      0,      1,      1,      0,      0,      0,      1,      1,      1,      0,      1,      1,      1,      1,      1,      1,      1
      580, 010110000011100110001010110101000010111011111101001000010000,      0,      0,      0,      0,      0,      1,      0,      1,      1,      1,      1,      0,      0,      0,      0,      0,      1,      0,      1,      0,      0,      1,      0,      0,      0,      0
      581, 101110100110000001110010000001100111101110000111100010010011,      0,      0,      0,      1,      0,      0,      1,      1,      1,      1,      1,      0,      0,      0,      0,      0,      1,      0,      0,      0,      0,      0,      0,      0,      0,      0
      582, 010000110111101000111010011011010000010111111001011111000101,      0,      0,      0,      0,      0,      1,      1,      1,      0,      1,      1,      0,      0,      0,      0,      1,      1,      1,      1,      0,      1,      0,      1,      1,      1,      1
      583, 100111011111100111000111100010100100101101010101000000000011,      1,      0,      0,      0,      0,      1,      0,      1,      1,      0,      1,      1,      0,      0,      0,      0,      0,      0,      0,      0,      0,      0,      0,      0,      0,      0
      584, 110100010110111101001111101110111100011011110011000100001101,      0,      0,      0,      0,      0,      1,      1,      1,      1,      1,      1,      0,      0,      0,      1,      0,      1,      1,      0,      0,      1,      1,      0,      0,      1,      0
      585, 110010100110110000001011110111010010001110000001101010000011,      0,      0,      0,      0,      0,      1,      1,      1,      1,      1,      1,      0,      0,      0,      0,      1,      0,      1,      0,      0,      0,      0,      0,      1,      0,      0
      586, 010100110000111110101001001011100001000100110001011010000011,      0,      0,      0,      0,      0,      1,      1,      1,      1,      0,      1,      0,      0,      0,      0,      1,      1,      1,      1,      1,      1,      0,      1,      1,      1,      1
      587, 011111100000001111010000101111001101111001111110110110111101,      0,      1,      0,      0,      0,      1,      1,      1,      1,      0,      1,      0,      0,      0,      0,      0,      1,      1,      1,      1,      1,      1,      1,      1,      1,      1
      588, 010010001110010111111010100000111001110011100000110111010111,      0,      0,      0,      1,      0,      1,      0,      1,      1,      1,      1,      0,      0,      0,      0,      0,      1,      0,      0,      1,      1,      0,      0,      1,      1,      1
      589, 010000101010101111100100111101000001000001010101111100100100,      0,      0,      0,      1,      0,      1,      0,      0,      1,      0,      1,      0,      0,      0,      0,      1,      1,      1,      1,      1,      1,      0,      1,      0,      1,      1
      590, 011000001101101111101100001010111101110000011011101001000110,      0,      0,      0,      1,      0,      1,      1,      1,      1,      0,      1,      0,      0,      0,      1,      1,      0,      0,      0,      1,      1,      0,      1,      1,      1,      1
      591, 010100001101110010100000011011001111010111001000110011000101,      0,      0,      0,      0,      0,      1,      1,      1,      1,      0,      1,      0,      0,      0,      0,      1,      0,      1,      1,      1,      1,      1,      1,      1,      1,      1
      592, 100111001011001111110001100100011101000101000010111011000010,      0,      0,      0,      1,      0,      1,      0,      1,      1,      0,      1,      1,      0,      0,      0,      1,      0,      0,      1,      1,      1,      1,      1,      1,      1,      1
      593, 111110001000001001001100011010101001001000010011100011001111,      0,      0,      0,      0,      1,      0,      1,      1,      1,      0,      1,      1,      0,      0,      1,      1,      0,      1,      0,      1,      0,      0,      1,      0,      0,      1
      594, 010100001101100010101101010001100001111100010110001111111011,      0,      0,      0,      0,      0,      1,      1,      1,      1,      0,      1,      0,      0,      0,      1,      0,      1,      1,      1,      1,      1,      0,      1,      0,      0,      0
      595, 111101001101110000001001010100101001111101110001011011010010,      0,      0,      0,      0,      1,      1,      1,      1,      1,      0,      1,      0,      1,      0,      0,      1,      0,      1,      1,      1,      1,      1,      1,      1,      1,      1
      596, 111000001010101001010001111111011010110111111010001011010001,      0,      0,      0,      0,      0,      1,      1,      1,      1,      0,      1,      0,      0,      0,      0,      1,      1,      0,      1,      0,      1,      0,      1,      1,      1,      1
      597, 011110010011010111001010001111100111000001101010101110100101,      0,      0,      0,      0,      0,      1,      0,      1,      1,      1,      1,      0,      0,      0,      0,      1,      1,      1,      1,      1,      1,      1,      1,      1,      1,      1
      598, 100111101011101100010111000001101101001101011101010111111101,      0,      0,      0,      0,      0,      1,      1,      1,      1,      1,      1,      1,      0,      0,      1,      0,      1,      1,      1,      1,      1,      1,      1,      1,      1,      1
      599, 001001011101010011001001100100011111010100110110101101001001,      0,      0,      0,      0,      0,      1,      1,      1,      1,      0,      1,      0,      0,      0,      0,      1,      0,      0,      1,      1,      1,      0,      1,      1,      1,      1
      600, 111001001100100111110110111000101011001001010000011111110100,      0,      0,      0,      1,      0,      1,      1,      1,      1,      1,      1,      0,      0,      0,      1,      1,      0,      1,      1,      1,      0,      0,      1,      0,      1,      1
      601, 100110100101010001100001111111010100101110101011110001101101,      0,      0,      0,      1,      0,      1,      1,      1,      1,      0,      1,      0,      0,      0,      0,      0,      1,      1,      1,      1,      1,      0,      1,      1,      1,      1
      602, 011001011010111001110001011100110001101110101100001100001001,      0,      0,      0,      1,      0,      1,      1,      1,      1,      0,      1,      0,      0,      0,      0,      0,      1,      1,      1,      0,      1,      0,      1,      1,      0,      1
      603, 010101100101000010100100010100011011000000111100001111100010,      0,      1,      0,      0,      0,      1,      1,      1,      1,      0,      1,      0,      0,      0,      0,      0,      1,      1,      1,      1,      0,      0,      1,      0,      1,      1
      604, 100111100100000011111101111000110101101110101000001011110010,      0,      1,      0,      1,      0,      1,      1,      1,      1,      0,      1,      0,      0,      0,      1,      0,      0,      1,      1,      1,      0,      0,      0,      1,      1,      1
      605, 011111100100100111011000111100110110001000110100111000001100,      0,      1,      0,      0,      0,      1,      1,      1,      1,      0,      1,      0,      0,      0,      0,      0,      1,      0,      1,      1,      1,      0,      1,      1,      1,      1
      606, 101100111101010100000001110111111000001001010100111100100100,      0,      0,      0,      0,      0,      1,      1,      1,      1,      0,      1,      0,      0,      0,      0,      1,      1,      1,      0,      1,      1,      0,      1,      0,      1,      1
      607, 001011110111111000100011100100111001110111101001000011101111,      0,      0,      1,      0,      0,      1,      1,      1,      0,      0,      1,      0,      0,      0,      0,      0,      0,      1,      0,      1,      1,      0,      0,      0,      0,      0
      608, 110101001110001100100110111010111110100000000101101010111101,      0,      0,      0,      0,      0,      1,      1,      1,      1,      0,      1,      0,      0,      0,      0,      1,      0,      1,      1,      1,      1,      0,      1,      1,      1,      1
      609, 011000011101001111101001010101000100101111111010111100001101,      0,      0,      0,      1,      0,      1,      1,      1,      1,      0,      1,      0,      0,      0,      0,      0,      1,      1,      1,      1,      1,      1,      1,      1,      1,      1
      610, 011000100111111110010010111000010110111110101001001111100101,      0,      0,      0,      0,      0,      1,      0,      0,      1,      1,      1,      0,      0,      0,      0,      0,      1,      1,      1,      1,      1,      1,      1,      1,      1,      1
      611, 010010111110010111000101000101101101000101011010111110111010,      0,      0,      0,      0,      0,      1,      0,      0,      0,      0,      1,      0,      0,      0,      0,      1,      1,      1,      1,      1,      1,      1,      1,      1,      1,      0
      612, 010110100000000101110000110111000101011011110001101101000000,      0,      0,      0,      1,      0,      1,      1,      1,      1,      0,      1,      0,      0,      0,      0,      1,      0,      1,      0,      1,      1,      1,      1,      1,      1,      1
      613, 010110101111011111111010000010011111010010001111111001110111,      0,      0,      0,      1,      0,      1,      0,      0,      1,      1,      1,      0,      0,      0,      0,      1,      1,      1,      1,      1,      1,      1,      1,      1,      1,      1
      614, 100011111001001000100011010110100101011010110011110110100111,      0,      0,      1,      0,      0,      1,      1,      1,      1,      0,      1,      1,      0,      0,      0,      1,      0,      1,      0,      1,      1,      1,      1,      1,      1,      1
      615, 011101111111000111101010111111101000011111001111000000101110,      1,      1,      1,      1,      0,      1,      0,      0,      0,      1,      1,      0,      0,      0,      0,      0,      0,      1,      0,      0,      1,      0,      0,      0,      0,      0
      616, 101111010011011010000001100101110100010111101011001100111011,      0,      0,      0,      0,      0,      0,      1,      1,      1,      0,      1,      0,      0,      0,      0,      0,      1,      1,      1,      1,      1,      1,      1,      1,      1,      0
      617, 110011101010000100011010111001101110011101011010101110010111,      0,      0,      0,      0,      0,      1,      1,      1,      1,      1,      1,      1,      0,      0,      0,      0,      1,      1,      1,      0,      1,      1,      1,      1,      1,      1
      618, 010101010001110000110100110100101001010010010011010110011110,      0,      0,      0,      0,      0,      1,      1,      1,      1,      0,      1,      0,      0,      0,      1,      1,      0,      1,      0,      1,      1,      0,      1,      1,      0,      1
      619, 111111101100111010100100111001111100001001010110011001001111,      0,      1,      0,      0,      1,      0,      1,      1,      1,      0,      1,      1,      0,      0,      0,      1,      1,      1,      1,      0,      1,      1,      1,      1,      1,      1
      620, 001011100011100010101110111001001110011101000101011110000110,      0,      1,      0,      0,      0,      1,      1,      0,      1,      1,      1,      0,      0,      0,      1,      1,      1,      1,      1,      1,      1,      0,      1,      0,      1,      1
      621, 011101010101010010011000011000100111111011000101001111001111,      0,      0,      0,      0,      0,      1,      1,      1,      1,      0,      1,      0,      0,      0,      0,      1,      0,      1,      1,      1,      1,      1,      1,      1,      1,      1
      622, 110010100011010101011101101101011110111100010111000010110101,      0,      0,      0,      0,      0,      1,      1,      1,      1,      0,      1,      0,      0,      0,      1,      1,      1,      0,      0,      1,      0,      0,      1,      0,      0,      0
      623, 101101111001001010111100010001011001101011011010010100100100,      0,      1,      1,      0,      0,      1,      1,      1,      1,      0,      1,      0,      0,      0,      1,      0,      0,      1,      1,      0,      1,      0,      1,      1,      1,      0
      624, 010001101000101111111011111011000111101110101110000010001101,      0,      1,      0,      1,      0,      1,      1,      1,      1,      1,      1,      0,      0,      0,      0,      0,      1,      0,      1,      1,      1,      1,      0,      1,      0,      0
      625, 010000001000111000100001000110101101010011010011011001001100,      0,      0,      0,      0,      0,      1,      1,      1,      1,      0,      1,      0,      0,      0,      0,      1,      1,      0,      1,      1,      1,      1,      1,      1,      1,      1
      626, 100100101000100111010001101111001010010101001010000000110101,      0,      0,      0,      0,      0,      1,      1,      1,      1,      0,      1,      0,      0,      0,      0,      1,      1,      0,      0,      1,      0,      0,      0,      0,      0,      0
      627, 001111100001001000001011001011110011111001011011011110110110,      0,      0,      0,      0,      0,      1,      1,      1,      1,      1,      1,      0,      0,      0,      0,      0,      0,      1,      1,      1,      1,      0,      1,      0,      1,      1
      628, 011000010000101000011110000110000100100100011011000101000000,      0,      0,      0,      0,      0,      1,      1,      1,      1,      1,      1,      0,      0,      0,      1,      0,      0,      1,      1,      0,      1,      0,      1,      1,      0,      0
      629, 101011110101000011101010110110101000001100111100100111110101,      0,      1,      1,      1,      0,      1,      1,      1,      1,      1,      1,      0,      0,      0,      0,      0,      1,      0,      1,      1,      0,      0,      1,      0,      0,      1
      630, 101100011101011010010100010100111111000101100111110110010001,      0,      0,      0,      0,      0,      1,      1,      1,      1,      0,      1,      0,      0,      0,      1,      1,      1,      1,      0,      1,      1,      0,      1,      1,      1,      1
      631, 101010000001000010001111110000110101010011010100111111010000,      0,      0,      0,      0,      0,      1,      1,      1,      1,      1,      1,      0,      0,      0,      1,      1,      0,      0,      0,      1,      0,      0,      1,      1,      1,      1
      632, 110001110010100111100111110001110101100010011000101111100001,      1,      1,      1,      1,      0,      1,      0,      0,      0,      0,      1,      0,      0,      0,      0,      0,      1,      0,      1,      0,      0,      1,      1,      1,      0,      0
      633, 011111100101101100110100110100100011110100110110011011010010,      0,      0,      0,      0,      0,      1,      1,      1,      1,      0,      1,      0,      0,      0,      1,      0,      0,      0,      1,      1,      1,      0,      1,      0,      1,      1
      634, 100110101001000001100000001111010011010101001011000110110010,      0,      0,      0,      1,      0,      1,      1,      1,      1,      0,      1,      1,      0,      0,      0,      1,      1,      1,      1,      1,      1,      0,      0,      0,      1,      0
      635, 010010110110101010100111101101011100010000010000000011010011,      0,      0,      0,      0,      0,      1,      1,      0,      0,      0,      1,      0,      0,      0,      0,      1,      0,      0,      0,      0,      0,      0,      1,      1,      0,      0
      636, 110000000001011010001011010000100100010100011100011100000101,      0,      0,      0,      0,      0,      1,      1,      1,      1,      1,      1,      0,      0,      0,      0,      1,      1,      1,      1,      1,      0,      0,      1,      1,      1,      1
      637, 110111101100101100100000100111011101011101000101111010000010,      0,      0,      0,      0,      0,      1,      1,      1,      1,      0,      1,      1,      0,      0,      0,      0,      1,      1,      0,      1,      1,      1,      0,      0,      1,      1
      638, 011000100010011010010010000110010010111011110011011001011000,      0,      0,      0,      0,      0,      1,      1,      0,      1,      1,      1,      0,      0,      0,      0,      1,      1,      1,      1,      1,      1,      0,      1,      1,      1,      1
      639, 100110011001111111011100110101111100001110000010101011001111,      0,      0,      0,      0,      0,      1,      1,      1,      1,      0,      1,      1,      0,      0,      1,      1,      0,      1,      0,      1,      0,      0,      0,      1,      1,      1
      640, 110000100111111101110110101110111000011000001101001101001010,      0,      0,      0,      1,      0,      1,      1,      1,      1,      1,      1,      0,      0,      0,      1,      1,      0,      1,      1,      1,      0,      0,      0,      0,      0,      0
      641, 110111110000000111001110111111110110000001011101101110011111,      1,      1,      1,      0,      0,      1,      1,      1,      1,      1,      1,      0,      0,      0,      1,      0,      1,      1,      1,      1,      1,      0,      1,      1,      1,      1
      642, 001101011111101010101001010111111110000101101001110111100110,      0,      0,      0,      0,      0,      1,      1,      1,      1,      0,      1,      0,      0,      0,      0,      0,      0,      1,      1,      1,      1,      0,      1,      0,      1,      1
      643, 110111110101110010011111011101101111111111001100101001011001,      0,      1,      1,      0,      0,      1,      1,      1,      1,      1,      1,      0,      0,      0,      1,      1,      1,      0,      1,      1,      0,      1,      1,      1,      1,      1
      644, 111010110011001111010100110110111101101100101101010100101110,      0,      0,      0,      0,      0,      1,      0,      0,      0,      0,      1,      0,      0,      0,      1,      1,      1,      1,      1,      1,      1,      0,      1,      1,      0,      1
      645, 100010000010001100101100011000111000001011110000000111110010,      0,      0,      0,      0,      0,      1,      1,      1,      1,      0,      1,      0,      0,      0,      1,      1,      1,      1,      0,      1,      0,      0,      1,      1,      1,      1
      646, 011101101101100001100100101011001101101011101001101111100101,      0,      0,      0,      1,      0,      1,      1,      1,      1,      0,      1,      0,      0,      0,      0,      1,      0,      1,      1,      1,      1,      1,      1,      1,      1,      1
      647, 101110101100000101001000100100111011011000100000111110001000,      0,      0,      0,      0,      0,      0,      1,      1,      1,      0,      1,      1,      0,      0,      0,      1,      1,      1,      1,      1,      0,      0,      1,      1,      1,      1
      648, 110011101000010100100001010000100100111110010101011000011001,      0,      0,      0,      0,      0,      1,      1,      1,      1,      0,      1,      1,      0,      0,      0,      1,      0,      1,      0,      1,      0,      1,      1,      1,      1,      1
      649, 000110011011111011110111010011101110111001100101010011110011,      0,      0,      0,      1,      0,      1,      1,      1,      1,      1,      1,      0,      0,      0,      1,      0,      0,      1,      1,      1,      1,      0,      1,      1,      1,      1
      650, 110111011010110010010011011101010101001101001010111001110011,      0,      0,      0,      0,      0,      1,      1,      1,      1,      1,      1,      1,      0,      0,      0,      0,      1,      1,      1,      1,      1,      1,      1,      1,      1,      1
      651, 010100110011000111011111011101110000010100001010110011100001,      0,      0,      0,      0,      0,      1,      0,      0,      0,      1,      1,      0,      0,      0,      1,      1,      0,      1,      1,      1,      0,      0,      1,      1,      1,      0
      652, 111100001100010000110010010100111010111011011101001011000001,      0,      0,      0,      0,      1,      1,      1,      1,      1,      1,      1,      0,      0,      0,      0,      1,      1,      1,      1,      1,      1,      1,      0,      0,      0,      1
      653, 110011011010010000111110000110011010110110111010011001001111,      0,      0,      0,      0,      0,      1,      1,      1,      1,      1,      1,      1,      0,      0,      1,      0,      0,      1,      1,      1,      1,      0,      0,      1,      1,      0
      654, 000010011111001011010010101100010101100010110011101000100101,      0,      0,      0,      0,      0,      1,      1,      1,      1,      1,      1,      0,      0,      0,      0,      0,      1,      0,      1,      0,      1,      0,      1,      1,      1,      1
      655, 000011011011000110111010001000101101010010010100100111011011,      1,      0,      0,      0,      0,      1,      0,      1,      1,      1,      1,      0,      0,      0,      0,      1,      0,      0,      0,      1,      0,      0,      1,      1,      1,      0
      656, 001111101010110011100000010000001001001010010111110101001111,      0,      1,      0,      1,      0,      1,      1,      0,      1,      0,      1,      0,      0,      0,      0,      0,      0,      1,      0,      1,      1,      0,      1,      1,      0,      0
      657, 101010100000010001110110100010110011001100101010111010100101,      0,      0,      0,      1,      0,      1,      1,      1,      1,      1,      1,      0,      0,      0,      1,      0,      1,      1,      1,      0,      1,      0,      0,      1,      0,      1
      658, 100000010111101001111101000000111101110010010101001101011100,      0,      0,      0,      1,      0,      1,      1,      1,      1,      0,      1,      0,      0,      0,      1,      0,      1,      1,      0,      1,      1,      0,      1,      1,      0,      1
      659, 100100111011110001010011110010111100111111001111011101111100,      0,      0,      0,      0,      0,      1,      1,      1,      0,      1,      1,      0,      0,      0,      0,      1,      1,      1,      1,      1,      1,      1,      1,      1,      1,      1
      660, 010011101001100010100001001111011000111110101010101010100001,      0,      1,      0,      0,      0,      1,      1,      1,      1,      0,      1,      0,      0,      0,      0,      1,      0,      1,      1,      1,      1,      0,      0,      1,      0,      1
      661, 111010100000111111100001110110010011001000111100101001001001,      0,      0,      0,      1,      0,      1,      1,      1,      1,      0,      1,      0,      0,      0,      0,      0,      0,      0,      1,      1,      0,      0,      1,      0,      0,      1
      662, 001100111011110110101111001001101111100101100000110000111110,      0,      0,      0,      0,      0,      1,      0,      0,      0,      1,      1,      0,      0,      0,      1,      1,      1,      1,      1,      1,      1,      0,      0,      0,      1,      0
      663, 001111110111011110010011000111000011000011110010011101101111,      1,      1,      1,      0,      0,      1,      0,      0,      0,      1,      1,      0,      0,      0,      0,      0,      1,      1,      1,      1,      1,      0,      1,      1,      1,      1
      664, 000101101001000110111101000000001100011110110101010101010011,      0,      1,      0,      0,      0,      1,      1,      1,      1,      0,      1,      0,      0,      0,      1,      0,      1,      1,      0,      1,      0,      1,      1,      1,      1,      1
      665, 010011100101101011110010101111001100100011011011110110000100,      0,      1,      0,      1,      0,      1,      1,      1,      1,      1,      1,      0,      0,      0,      0,      0,      1,      1,      1,      1,      1,      1,      1,      1,      1,      1
      666, 011110101110000000111110010010010001011001011100111000101010,      0,      0,      0,      0,      0,      1,      1,      1,      1,      1,      1,      0,      0,      0,      1,      1,      0,      1,      0,      0,      1,      0,      1,      0,      1,      1
      667, 011100111101111010100110110110101001000001100110111110111100,      0,      0,      0,      0,      0,      1,      1,      1,      1,      0,      1,      0,      0,      0,      0,      0,      1,      1,      1,      1,      1,      0,      1,      0,      1,      1
      668, 101010000111111111111001110010110000011001101011010010100101,      0,      0,      0,      1,      0,      1,      0,      1,      1,      0,      1,      0,      0,      0,      0,      0,      0,      0,      0,      0,      1,      0,      1,      1,      1,      1
      669, 000101010011010011010100111100111010111000001111010111110110,      0,      0,      0,      0,      0,      1,      1,      1,      1,      0,      1,      0,      0,      0,      1,      1,      1,      1,      1,      1,      1,      0,      1,      0,      0,      1
      670, 000101111100001100011101000111001011010001101000010001001101,      1,      0,      1,      0,      0,      1,      1,      1,      1,      0,      1,      0,      0,      0,      1,      1,      1,      1,      1,      1,      1,      0,      0,      1,      1,      0
      671, 111101010010100010010101101110011010011001101011111010000001,      0,      0,      0,      0,      1,      1,      1,      1,      1,      0,      1,      0,      0,      0,      1,      1,      1,      1,      1,      1,      1,      0,      0,      1,      1,      1
      672, 010111001111101100100000100100111011010011101100000011111010,      0,      0,      0,      0,      0,      1,      1,      1,      1,      0,      1,      0,      0,      0,      0,      1,      0,      1,      1,      1,      1,      0,      0,      0,      0,      0
      673, 011000110010011010001010001111100100100111101010101011100101,      0,      0,      0,      0,      0,      1,      1,      0,      0,      1,      1,      0,      0,      0,      0,      1,      0,      1,      1,      1,      1,      1,      0,      1,      1,      1
      674, 011010011001000111000100100101111110100110010000001111011111,      0,      0,      0,      0,      0,      1,      1,      1,      1,      0,      1,      0,      0,      0,      0,      0,      1,      1,      1,      0,      1,      1,      1,      1,      1,      0
      675, 001100000111101000101010110010000101010111000100111101011000,      0,      0,      0,      0,      0,      1,      1,      1,      1,      1,      1,      0,      0,      0,      0,      1,      0,      0,      1,      1,      1,      0,      1,      1,      1,      1
      676, 100100001010010010111101000011110000010100111110000011100000,      0,      0,      0,      0,      0,      1,      1,      1,      1,      0,      1,      0,      0,      0,      1,      1,      0,      0,      0,      0,      0,      0,      0,      0,      0,      0
      677, 011111000000001010100011001001001011010100010000010100100000,      0,      0,      0,      0,      0,      1,      1,      1,      1,      0,      1,      0,      0,      0,      0,      0,      1,      1,      1,      1,      0,      0,      1,      0,      1,      0
      678, 010000100111001011010011001010001001010100111010010100000110,      0,      0,      0,      0,      0,      1,      1,      0,      1,      1,      1,      0,      0,      0,      0,      0,      0,      0,      1,      1,      1,      0,      1,      0,      1,      1
      679, 001011001111000010111000100010101110011001110001111110000000,      0,      0,      0,      0,      0,      1,      1,      1,      1,      0,      1,      0,      0,      0,      0,      0,      1,      1,      1,      0,      1,      0,      1,      1,      1,      1
      680, 000110010011011001111011010010111100001100011011110110101110,      0,      0,      0,      1,      0,      1,      1,      1,      1,      1,      1,      0,      0,      0,      0,      0,      0,      1,      1,      0,      1,      0,      1,      0,      1,      1
      681, 011110000011110111010101000011001111000101101010001011000101,      0,      0,      0,      0,      0,      1,      0,      1,      1,      0,      1,      0,      0,      0,      1,      0,      0,      1,      1,      1,      1,      1,      1,      1,      0,      1
      682, 100011011100101011001000100011100011111111111010110010011001,      0,      0,      0,      0,      0,      1,      1,      1,      1,      0,      1,      1,      0,      0,      0,      0,      1,      1,      0,      0,      1,      1,      1,      1,      1,      1
      683, 000110100110000110001000100110000010011110000101010111111010,      0,      0,      0,      0,      0,      1,      0,      0,      1,      0,      1,      0,      0,      0,      0,      1,      1,      1,      1,      1,      1,      0,      0,      1,      0,      1
      684, 101110100111111101010010010100001111010010011001101010010010,      0,      0,      0,      0,      0,      0,      1,      1,      1,      1,      1,      0,      0,      0,      0,      1,      1,      1,      1,      0,      0,      0,      1,      1,      1,      0
      685, 010110100000101001101010001110010111011011111100011011010010,      0,      0,      0,      1,      0,      1,      1,      1,      1,      1,      1,      0,      0,      0,      0,      0,      1,      1,      1,      1,      1,      1,      1,      1,      0,      1
      686, 000111011100100011100101011010100100001000011000010011111010,      0,      0,      0,      1,      0,      1,      1,      1,      1,      0,      1,      0,      0,      0,      0,      1,      0,      1,      1,      1,      1,      0,      1,      0,      1,      1
      687, 100010010011001000001101000101110011010110010001100010100001,      0,      0,      0,      0,      0,      1,      1,      1,      1,      0,      1,      0,      0,      0,      1,      1,      1,      0,      0,      0,      0,      0,      0,      0,      0,      0
      688, 011101010000101100110001100111001000111000010111110011010011,      1,      0,      0,      0,      0,      1,      1,      1,      1,      0,      1,      0,      0,      0,      0,      0,      1,      1,      0,      1,      1,      0,      0,      1,      1,      1
      689, 101010010111101101100111011011111101101001110010101110011100,      0,      0,      0,      1,      0,      1,      1,      1,      1,      0,      1,      0,      0,      0,      0,      0,      0,      1,      0,      0,      1,      0,      1,      0,      1,      1
      690, 010101000110010001011001011100101010000010011101001111111110,      0,      0,      0,      0,      0,      1,      1,      1,      1,      0,      1,      0,      0,      0,      0,      0,      1,      1,      1,      1,      1,      0,      1,      1,      0,      1
      691, 000101101110100100110101001110011111001001111111101010101000,      0,      0,      0,      0,      0,      1,      1,      1,      1,      0,      1,      0,      0,      0,      1,      0,      1,      1,      1,      1,      1,      0,      0,      1,      1,      1
      692, 111100110101001011110010010000011000001111001011110001011101,      0,      0,      0,      1,      1,      1,      1,      1,      1,      1,      1,      0,      0,      0,      0,      1,      1,      0,      0,      0,      0,      0,      1,      1,      0,      0
      693, 010010011111110001110101111100011100110011110011111101100100,      0,      0,      0,      1,      0,      1,      1,      1,      1,      0,      1,      0,      0,      0,      1,      1,      0,      1,      1,      1,      1,      1,      1,      1,      1,      1
      694, 101011111010101111011001110110110001100100011001111011000001,      1,      1,      1,      0,      0,      1,      0,      0,      0,      0,      1,      1,      0,      0,      0,      1,      1,      1,      1,      1,      1,      1,      1,      1,      1,      1
      695, 111110011010111101001000000101110111111101011101110001100000,      0,      0,      0,      0,      1,      0,      1,      1,      1,      0,      1,      1,      0,      0,      0,      0,      1,      1,      0,      1,      0,      1,      1,      1,      1,      1
      696, 010000010110111110000000101010111101110011000011100011111101,      0,      0,      0,      0,      0,      1,      0,      1,      1,      0,      1,      0,      0,      0,      0,      0,      0,      0,      0,      1,      1,      1,      1,      1,      0,      0
      697, 010110000101001100111111000011101110000101011011010100111001,      0,      0,      0,      0,      0,      1,      1,      1,      1,      1,      1,      0,      0,      0,      1,      1,      1,      1,      0,      1,      1,      1,      1,      1,      1,      1
      698, 011010101011111000101001101010000111101100110000010110010000,      0,      0,      0,      0,      0,      1,      1,      1,      1,      0,      1,      0,      0,      0,      0,      0,      0,      1,      1,      1,      1,      0,      1,      1,      1,      1
      699, 100010011111011111100010001011100110010001111011110111000101,      0,      0,      0,      1,      0,      1,      0,      1,      1,      0,      1,      1,      0,      0,      0,      0,      1,      1,      1,      0,      1,      1,      1,      1,      1,      1
      700, 111000011001101100111110000111010010000000110011010111110010,      0,      0,      0,      0,      0,      1,      1,      1,      1,      1,      1,      0,      0,      0,      1,      0,      1,      1,      0,      1,      1,      0,      1,      0,      0,      1
      701, 101111000000001000010001101110010100011000111110010101101100,      0,      0,      0,      0,      0,      0,      1,      1,      1,      0,      1,      0,      0,      0,      0,      0,      0,      0,      1,      1,      1,      0,      1,      0,      1,      1
      702, 100001001100010111111111100011111000111100001100100100100001,      0,      0,      0,      1,      0,      1,      1,      1,      1,      1,      1,      0,      0,      0,      1,      1,      0,      0,      1,      1,      0,      0,      0,      0,      0,      0
      703, 111111011010010010000100101000010100010110011110000101000111,      0,      0,      0,      0,      1,      0,      1,      1,      1,      0,      1,      1,      0,      0,      0,      1,      0,      0,      1,      1,      1,      1,      1,      1,      1,      1
      704, 010010110100010111111011011110110101111110101100001001010101,      0,      0,      0,      1,      0,      1,      1,      1,      1,      1,      1,      0,      0,      0,      0,      1,      1,      1,      0,      1,      1,      1,      1,      1,      1,      0
      705, 010000111011001100101001001110000100101010110110110110111001,      0,      0,      0,      0,      0,      1,      1,      1,      0,      0,      1,      0,      0,      0,      0,      0,      0,      1,      1,      1,      1,      1,      1,      1,      1,      1
      706, 100111100010110010100111010110000100111010101111110011110100,      0,      1,      0,      0,      0,      1,      1,      0,      1,      0,      1,      0,      0,      0,      0,      0,      1,      0,      0,      1,      1,      0,      1,      0,      1,      1
      707, 110100101111010011110111111000001101001100110101001010111110,      0,      0,      0,      1,      0,      1,      1,      0,      1,      1,      1,      0,      0,      0,      1,      1,      0,      1,      0,      1,      1,      1,      1,      0,      0,      1
      708, 100000110000111000110011011100011111000000011011100011110111,      0,      0,      0,      0,      0,      1,      1,      1,      1,      1,      1,      0,      0,      0,      0,      0,      0,      1,      0,      1,      0,      0,      0,      0,      0,      0
      709, 000011101000100000001010110000010001000111001101001001001010,      0,      0,      0,      0,      0,      1,      1,      1,      1,      1,      1,      0,      0,      0,      0,      1,      0,      1,      0,      1,      0,      0,      1,      1,      1,      0
      710, 101010111100000111100110010011110001010101110001011100010111,      0,      0,      0,      1,      0,      1,      1,      1,      1,      0,      1,      1,      0,      0,      0,      1,      1,      1,      0,      0,      1,      0,      1,      1,      0,      1
      711, 111000101101000011001101110011110110001000101011100010011011,      0,      0,      0,      0,      0,      1,      1,      1,      1,      0,      1,      0,      0,      0,      1,      1,      0,      0,      0,      0,      0,      0,      0,      0,      0,      0
      712, 101110111111000110000010111001000000111100101111111011111011,      0,      0,      0,      0,      0,      0,      0,      0,      0,      0,      1,      1,      0,      0,      0,      0,      0,      1,      1,      1,      1,      0,      1,      1,      0,      1
      713, 110111000000111111001110111101011011001011000100111110000001,      0,      0,      0,      0,      0,      1,      1,      1,      1,      1,      1,      0,      0,      0,      1,      1,      1,      1,      1,      1,      0,      0,      1,      1,      1,      1
      714, 011000011110101010101011110111010101111101001100100100010111,      0,      0,      0,      0,      0,      1,      1,      1,      1,      1,      1,      0,      0,      0,      0,      1,      1,      1,      1,      0,      1,      1,      1,      1,      0,      0
      715, 100111111100100010100011000110001001111001011010101001000011,      0,      1,      1,      0,      0,      1,      1,      1,      1,      0,      1,      1,      0,      0,      0,      0,      1,      1,      0,      1,      1,      0,      1,      1,      1,      1
      716, 000010110110011001001110101001001010101001101110100011100101,      0,      0,      0,      0,      0,      1,      1,      1,      0,      1,      1,      0,      0,      0,      1,      0,      0,      1,      1,      0,      1,      0,      0,      0,      0,      0
      717, 100100000110110010101100111101001011100111000101101011110011,      0,      0,      0,      0,      0,      1,      1,      1,      1,      0,      1,      0,      0,      0,      1,      0,      1,      1,      0,      1,      0,      0,      0,      1,      1,      0
      718, 011111011110000100100010000110010100100010000010100111001001,      1,      0,      0,      0,      0,      1,      1,      1,      1,      0,      1,      0,      0,      0,      0,      1,      0,      0,      0,      0,      1,      1,      0,      1,      1,      1
      719, 000000000001001010100100110110111111011101010001001001001001,      0,      0,      0,      0,      0,      1,      1,      1,      1,      0,      1,      0,      0,      0,      0,      1,      0,      1,      1,      1,      1,      0,      1,      0,      1,      1
      720, 110101010011111001000110000000001000101010100110011000111100,      0,      0,      0,      0,      0,      1,      1,      1,      1,      0,      1,      0,      0,      0,      0,      1,      0,      1,      0,      1,      1,      0,      0,      1,      0,      1
      721, 010110001101010011001001111100110000001010111111110010111010,      0,      0,      0,      0,      0,      1,      1,      1,      1,      0,      1,      0,      0,      0,      0,      1,      1,      1,      1,      1,      1,      0,      1,      0,      1,      1
      722, 010010110001110100111101011110001101100011100101010010101000,      0,      0,      0,      0,      0,      1,      1,      1,      1,      0,      1,      0,      0,      0,      1,      0,      1,      0,      1,      1,      1,      1,      1,      1,      1,      0
      723, 011001000010111111011111010010100000011011100011001100010001,      0,      0,      0,      0,      0,      1,      0,      1,      1,      1,      1,      0,      0,      0,      1,      0,      1,      0,      0,      1,      1,      0,      0,      1,      1,      1
      724, 001001101000010100011000111011011101010101101010110001010010,      0,      0,      0,      0,      0,      1,      1,      1,      1,      0,      1,      0,      0,      0,      0,      1,      0,      1,      1,      1,      1,      0,      1,      0,      1,      1
      725, 001010101010010110110110001010000101011010101010010000001000,      0,      0,      0,      0,      0,      1,      0,      0,      1,      1,      1,      0,      0,      0,      1,      0,      0,      0,      1,      0,      1,      0,      0,      0,      0,      0
      726, 010001101101101100111010111100010001010011110111001001001000,      0,      0,      0,      0,      0,      1,      1,      1,      1,      1,      1,      0,      0,      0,      0,      1,      0,      1,      1,      1,      1,      0,      1,      1,      1,      1
      727, 011000011010001010011011000100001110101000101111101100010000,      0,      0,      0,      0,      0,      1,      1,      1,      1,      1,      1,      0,      0,      0,      0,      1,      0,      0,      1,      1,      1,      0,      1,      1,      1,      1
      728, 101001111101001010101000110001011100001110011111001011001110,      0,      1,      1,      0,      0,      1,      1,      1,      1,      0,      1,      0,      0,      0,      0,      1,      1,      0,      0,      0,      0,      0,      0,      1,      1,      1
      729, 010010000111111111010101110010000100010000000001010011110110,      0,      0,      0,      0,      0,      1,      0,      1,      1,      0,      1,      0,      0,      0,      1,      0,      1,      1,      0,      1,      1,      0,      1,      1,      1,      1
      730, 011111010110100011010011001001111001111001110000011101110010,      0,      0,      0,      0,      0,      1,      1,      1,      1,      1,      1,      0,      0,      0,      0,      0,      0,      1,      1,      1,      1,      0,      1,      0,      1,      1
      731, 100111011110001000010110011010001110100011110101110011011100,      0,      0,      0,      0,      0,      1,      1,      1,      1,      1,      1,      1,      0,      0,      1,      0,      1,      0,      1,      0,      1,      1,      1,      1,      1,      1
      732, 100111001110011000010010100111001000110001110001011101011000,      0,      0,      0,      0,      0,      1,      1,      1,      1,      1,      1,      1,      0,      0,      0,      1,      0,      1,      0,      1,      1,      0,      1,      1,      1,      1
      733, 010011111100101110011001010111010100111010101110101111001011,      1,      1,      1,      0,      0,      1,      1,      1,      1,      0,      1,      0,      0,      0,      0,      0,      1,      1,      1,      1,      1,      1,      1,      1,      1,      1
      734, 001101100001101101011111100011011001100011110011110111110010,      0,      0,      0,      0,      0,      1,      1,      1,      1,      1,      1,      0,      0,      0,      1,      0,      0,      1,      0,      1,      1,      0,      1,      1,      1,      1
      735, 111101100011011111100011010101010101100010111010010111011010,      0,      1,      0,      1,      1,      1,      0,      0,      1,      0,      1,      0,      0,      0,      0,      1,      0,      1,      1,      1,      1,      1,      1,      1,      1,      1
      736, 101110011101011010010110010010000111010111110000110011111010,      0,      0,      0,      0,      0,      0,      1,      1,      1,      1,      1,      1,      0,      0,      1,      0,      1,      1,      1,      1,      1,      1,      1,      1,      1,      1
      737, 110111011100100001001011101100110000101001011110000111000110,      0,      0,      0,      0,      0,      1,      1,      1,      1,      1,      1,      1,      0,      0,      0,      0,      0,      1,      1,      1,      1,      1,      1,      1,      1,      1
      738, 110010000000111110111100010110100001011110110110111100100110,      0,      0,      0,      0,      0,      1,      1,      1,      1,      0,      1,      0,      0,      0,      1,      0,      0,      1,      0,      1,      1,      0,      1,      1,      0,      1
      739, 001010100000111010110001000000000010111110101000100111000010,      0,      0,      0,      0,      0,      1,      1,      1,      1,      0,      1,      0,      0,      0,      0,      1,      0,      1,      1,      0,      1,      0,      0,      1,      0,      1
      740, 010111000001110010100011011100110100010001010110110110000100,      0,      0,      0,      0,      0,      1,      1,      1,      1,      0,      1,      0,      0,      0,      0,      0,      0,      0,      1,      1,      1,      1,      1,      1,      1,      1
      741, 101001001101011011111101001011100010000011110100110101000011,      0,      0,      0,      1,      0,      1,      1,      1,      1,      0,      1,      0,      0,      0,      1,      1,      0,      1,      1,      1,      1,      0,      1,      1,      1,      1
      742, 100010011000011110011100101010100001010001110001001101101011,      0,      0,      0,      0,      0,      1,      1,      1,      1,      0,      1,      1,      0,      0,      1,      0,      0,      1,      0,      0,      1,      0,      1,      0,      1,      1
      743, 101100100000010101100010010110100011100000000001111111000011,      0,      0,      0,      1,      0,      1,      1,      1,      1,      0,      1,      0,      0,      0,      0,      0,      0,      1,      0,      1,      1,      0,      1,      1,      0,      0
      744, 010111000110100110100101011100010110010110111011101101000100,      0,      0,      0,      0,      0,      1,      0,      1,      1,      0,      1,      0,      0,      0,      0,      1,      0,      1,      1,      1,      1,      1,      1,      1,      1,      1
      745, 101100000010110010011100011101000001000000001111001011011001,      0,      0,      0,      0,      0,      1,      1,      1,      1,      0,      1,      0,      0,      0,      1,      0,      0,      1,      1,      1,      1,      0,      0,      0,      0,      0
      746, 100101111101111000101111101100100100111010000001010010000010,      0,      0,      1,      0,      0,      1,      1,      1,      1,      1,      1,      0,      0,      0,      1,      1,      0,      0,      1,      1,      0,      0,      0,      0,      1,      1
      747, 001011111110100100011100001011100110010111101011110011001111,      1,      0,      1,      0,      0,      1,      1,      1,      0,      0,      1,      0,      0,      0,      1,      0,      1,      1,      1,      0,      1,      1,      1,      1,      1,      0
      748, 000111011010111011110001001101111111101000011111001111110101,      0,      0,      0,      1,      0,      1,      1,      1,      1,      0,      1,      0,      0,      0,      0,      1,      0,      1,      1,      1,      1,      0,      1,      1,      1,      1
      749, 101110000100100101000111010111010111111011010110000000100111,      0,      0,      0,      0,      0,      0,      1,      1,      1,      0,      1,      0,      0,      0,      0,      0,      0,      1,      0,      0,      0,      1,      0,      0,      0,      0
      750, 010110001110110101000001100010110110111100111000000111010100,      0,      0,      0,      0,      0,      1,      1,      1,      1,      0,      1,      0,      0,      0,      0,      1,      0,      1,      1,      0,      1,      1,      1,      1,      1,      1
      751, 001011011010111001010001010001100011101110100111100000001000,      0,      0,      0,      0,      0,      1,      1,      1,      1,      0,      1,      0,      0,      0,      0,      0,      0,      0,      0,      0,      0,      0,      0,      0,      0,      0
      752, 010001110110100111110100101111010010001101011100011110010110,      1,      1,      1,      1,      0,      1,      0,      0,      0,      0,      1,      0,      0,      0,      1,      0,      1,      1,      1,      1,      1,      0,      1,      0,      1,      1
      753, 011010011001011111011000111000110001100101001100001010111101,      0,      0,      0,      0,      0,      1,      1,      1,      1,      0,      1,      0,      0,      0,      0,      1,      0,      1,      0,      1,      1,      0,      1,      0,      1,      0
      754, 111001101101001000101010111100111100000011001011000001010001,      0,      0,      0,      0,      0,      1,      1,      1,      1,      1,      1,      0,      1,      0,      0,      1,      0,      0,      0,      0,      0,      1,      0,      1,      1,      0
      755, 110100011110110001001010010100001000101011100111011001000011,      0,      0,      0,      0,      0,      1,      1,      1,      1,      1,      1,      0,      0,      0,      0,      1,      0,      1,      1,      1,      1,      1,      1,      1,      0,      1
      756, 001001001110011010101100011011101111000000100001111010110111,      0,      0,      0,      0,      0,      1,      1,      1,      1,      0,      1,      0,      0,      0,      1,      0,      1,      1,      1,      1,      1,      0,      1,      1,      1,      1
      757, 110111100001111010101010101010011111000001001000011001100010,      0,      1,      0,      0,      0,      1,      1,      1,      1,      1,      1,      0,      0,      0,      0,      1,      1,      1,      1,      0,      1,      0,      0,      1,      1,      1
      758, 100001001101001101001001001110110001101100010110011101001011,      0,      0,      0,      0,      0,      1,      1,      1,      1,      0,      1,      0,      0,      0,      0,      0,      0,      0,      1,      1,      1,      0,      1,      1,      1,      0
      759, 001101100010011110101011001010110011101100001101101100101000,      0,      1,      0,      0,      0,      1,      0,      0,      1,      1,      1,      0,      0,      0,      0,      1,      1,      0,      1,      1,      1,      0,      1,      0,      0,      0
      760, 011111111000110011101101010100101111111010101011010011000000,      0,      1,      1,      1,      0,      1,      1,      1,      1,      0,      1,      0,      0,      0,      1,      1,      1,      1,      1,      1,      1,      1,      1,      1,      1,      1
      761, 110101101110110011011011010010110111011011011001011101010010,      0,      1,      0,      0,      0,      1,      1,      0,      1,      1,      1,      0,      0,      0,      0,      1,      0,      1,      1,      1,      1,      1,      1,      1,      1,      1
      762, 100111011101011101010110011111001111000110101001101010010000,      1,      0,      0,      0,      0,      1,      1,      1,      1,      1,      1,      1,      0,      0,      1,      0,      1,      1,      1,      1,      0,      1,      1,      1,      0,      1
      763, 001000001000111100111001001111111110100001110001000100001011,      0,      0,      0,      0,      0,      1,      1,      1,      1,      0,      1,      0,      0,      0,      0,      0,      1,      1,      1,      0,      1,      0,      1,      0,      0,      1
      764, 100101011001001000001010000110000000110011101111000111010101,      0,      0,      0,      0,      0,      1,      1,      1,      1,      1,      1,      0,      0,      0,      0,      0,      1,      1,      1,      1,      1,      0,      0,      1,      1,      1
      765, 000100001101100001101010001100001110100111001110000011111100,      0,      0,      0,      1,      0,      1,      1,      1,      1,      1,      1,      0,      0,      0,      0,      1,      1,      0,      1,      1,      1,      1,      0,      0,      1,      1
      766, 110101000001110011000000100010000101111001010011000001011110,      0,      0,      0,      0,      0,      1,      1,      1,      1,      0,      1,      0,      0,      0,      0,      0,      0,      0,      0,      0,      0,      1,      1,      1,      0,      1
      767, 001110000111011110001011011101101011111111111110101101111100,      0,      0,      0,      0,      0,      1,      0,      1,      1,      1,      1,      0,      0,      0,      0,      1,      0,      1,      1,      1,      1,      1,      1,      1,      1,      1
      768, 101011101011111001110100101010110000010000001110110101111010,      0,      0,      0,      1,      0,      1,      1,      1,      1,      0,      1,      1,      0,      0,      1,      1,      1,      1,      1,      1,      1,      0,      0,      0,      0,      1
      769, 011101001101101100110000001110000110010001011101100111011110,      0,      0,      0,      0,      0,      1,      1,      1,      1,      0,      1,      0,      0,      0,      0,      1,      0,      1,      1,      1,      0,      1,      1,      1,      1,      1
      770, 001001001110110110110100011110110101100100101111011010010111,      0,      0,      0,      0,      0,      1,      0,      1,      1,      0,      1,      0,      0,      0,      1,      0,      0,      0,      1,      1,      1,      0,      1,      1,      1,      1
      771, 010011000001000111011011011001110011000000011000010010101001,      0,      0,      0,      0,      0,      1,      1,      1,      1,      1,      1,      0,      0,      0,      0,      0,      1,      1,      1,      0,      1,      0,      1,      1,      1,      0
      772, 110010000000001110101011110010100010010100000111010001101010,      0,      0,      0,      0,      0,      1,      1,      1,      1,      1,      1,      0,      0,      0,      0,      1,      1,      1,      0,      0,      1,      0,      1,      0,      1,      1
      773, 001001000010111110001100100000101111101000010000111100011111,      0,      0,      0,      0,      0,      1,      0,      1,      1,      0,      1,      0,      0,      0,      1,      1,      0,      1,      1,      1,      1,      0,      1,      1,      0,      1
      774, 101110011110011101011101111111101101011110001001100000111100,      0,      0,      0,      0,      0,      0,      1,      1,      1,      0,      1,      1,      0,      0,      1,      1,      0,      0,      0,      1,      1,      0,      0,      0,      0,      0
      775, 111010110010010001001100010011011010010001100100010111010001,      0,      0,      0,      0,      0,      1,      1,      1,      0,      0,      1,      0,      0,      0,      1,      1,      0,      1,      0,      1,      1,      0,      1,      1,      1,      1
      776, 100100010010100110011010011010010001010000100100010010111001,      0,      0,      0,      0,      0,      1,      0,      1,      1,      1,      1,      0,      0,      0,      0,      0,      1,      0,      1,      1,      1,      0,      1,      1,      0,      0
      777, 000011100010010111001101000011101110000111001110000010111000,      0,      1,      0,      0,      0,      1,      0,      0,      1,      0,      1,      0,      0,      0,      1,      1,      1,      0,      1,      1,      1,      0,      0,      0,      0,      0
      778, 001111101011011010000000010101000000001001010111010001111111,      0,      1,      0,      0,      0,      1,      1,      0,      1,      0,      1,      0,      0,      0,      0,      1,      1,      1,      0,      1,      1,      0,      1,      1,      0,      0
      779, 001011100110110010111110011101110111001001110111011010100110,      0,      1,      0,      0,      0,      1,      1,      0,      1,      1,      1,      0,      0,      0,      1,      0,      1,      1,      1,      1,      0,      0,      1,      1,      0,      0
      780, 001001110100011010010101010011101111111110110010101111110111,      0,      1,      1,      0,      0,      1,      1,      1,      1,      0,      1,      0,      0,      0,      1,      0,      1,      1,      1,      1,      1,      0,      1,      1,      1,      1
      781, 010001011110000111001100100001101011101000010000111101010001,      1,      0,      0,      0,      0,      1,      0,      1,      1,      0,      1,      0,      0,      0,      1,      0,      0,      1,      1,      1,      1,      0,      1,      1,      0,      1
      782, 110100100010000101011101101001011011100001111001000011100100,      0,      0,      0,      0,      0,      1,      1,      1,      1,      0,      1,      0,      0,      0,      1,      0,      0,      0,      0,      0,      0,      0,      0,      0,      0,      0
      783, 101001000000000100100000101001111000110010000101101101100010,      0,      0,      0,      0,      0,      1,      1,      1,      1,      0,      1,      0,      0,      0,      0,      0,      1,      1,      0,      1,      0,      0,      0,      1,      0,      0
      784, 011111100100011011110010101001000111110000001000000111111001,      0,      1,      0,      1,      0,      1,      1,      1,      1,      1,      1,      0,      0,      0,      0,      1,      1,      0,      1,      1,      1,      0,      1,      1,      0,      1
      785, 010001100111110100110011011111111111001010101001000111111011,      0,      0,      0,      0,      0,      1,      1,      1,      1,      1,      1,      0,      0,      0,      0,      1,      1,      1,      1,      1,      1,      1,      0,      1,      0,      1
      786, 111110000001011111000001100111001111100000001100111001000101,      0,      0,      0,      0,      1,      0,      1,      1,      1,      0,      1,      0,      0,      0,      0,      0,      1,      1,      1,      1,      1,      0,      0,      1,      1,      1
      787, 000101000111100101101100100000110000110001111011000100111000,      0,      0,      0,      1,      0,      1,      1,      1,      1,      0,      1,      0,      0,      0,      1,      1,      1,      1,      1,      1,      1,      0,      1,      0,      1,      1
      788, 100011010101011000111010001110110111101110101110011110100000,      0,      0,      0,      0,      0,      1,      1,      1,      1,      1,      1,      0,      0,      0,      0,      1,      0,      0,      1,      1,      1,      0,      0,      1,      0,      1
      789, 110011111001111010001000011010110110001011100000011010010101,      0,      1,      1,      0,      0,      1,      1,      1,      1,      0,      1,      1,      0,      0,      0,      1,      0,      1,      1,      0,      1,      1,      1,      1,      1,      1
      790, 001011110110100101001101101011000100001110111010110011011001,      1,      0,      1,      0,      0,      1,      1,      1,      0,      0,      1,      0,      0,      0,      1,      1,      0,      1,      1,      0,      1,      0,      0,      1,      1,      1
      791, 111101100000111100100010010001010001110001010111110001111111,      0,      0,      0,      0,      1,      1,      1,      1,      1,      0,      1,      0,      0,      0,      0,      1,      1,      1,      0,      1,      1,      0,      1,      1,      0,      0
      792, 011100010001001001111110100101111011010100111100111101001010,      0,      0,      0,      1,      0,      1,      1,      1,      1,      1,      1,      0,      0,      0,      1,      0,      0,      1,      1,      1,      0,      0,      1,      0,      1,      1
      793, 110110000001010000100001001100011110001110010101000011101100,      0,      0,      0,      0,      0,      1,      1,      1,      1,      0,      1,      0,      0,      0,      0,      1,      1,      0,      0,      0,      1,      1,      0,      1,      0,      1
      794, 001100010110110111000111101001010110100010010001101111111111,      0,      0,      0,      0,      0,      1,      0,      1,      1,      0,      1,      0,      0,      0,      0,      1,      1,      1,      1,      1,      1,      0,      1,      1,      0,      1
      795, 110010000111110100010011101111011111001001001001110111110011,      0,      0,      0,      0,      0,      1,      1,      1,      1,      1,      1,      0,      0,      0,      0,      0,      1,      1,      1,      1,      1,      0,      0,      1,      1,      1
      796, 000011111100101000000100101010000001111110111111111100101110,      0,      0,      1,      0,      0,      1,      1,      1,      1,      0,      1,      0,      0,      0,      0,      1,      0,      1,      1,      1,      1,      0,      1,      1,      1,      1
      797, 010010000111110000011000101001001110001011110010010101101110,      0,      0,      0,      0,      0,      1,      1,      1,      1,      0,      1,      0,      0,      0,      0,      0,      1,      1,      1,      0,      1,      1,      1,      1,      1,      1
      798, 011110001111010010011000001010001010011001000010101101100111,      0,      0,      0,      0,      0,      1,      1,      1,      1,      0,      1,      0,      0,      0,      0,      1,      1,      1,      1,      1,      1,      0,      0,      0,      1,      0
      799, 000001011001011011000010110110110101110111100111101000001110,      0,      0,      0,      0,      0,      1,      1,      1,      1,      0,      1,      0,      0,      0,      0,      0,      0,      0,      1,      1,      1,      1,      1,      0,      0,      1
      800, 100001101110110000101111101111000000111001111111111000111000,      0,      0,      0,      0,      0,      1,      1,      1,      1,      1,      1,      0,      0,      0,      1,      0,      0,      1,      1,      1,      1,      0,      1,      0,      1,      1
      801, 000011101000111010111100101100111100001000011110101100000011,      0,      1,      0,      0,      0,      1,      1,      1,      1,      0,      1,      0,      0,      0,      1,      0,      0,      1,      1,      1,      1,      0,      1,      0,      1,      0
      802, 010101010110001010110100011100010101100110001111111010001111,      0,      0,      0,      0,      0,      1,      1,      1,      1,      0,      1,      0,      0,      0,      1,      0,      1,      0,      1,      1,      1,      1,      1,      1,      0,      1
      803, 000101101010100000111011010110001010110111011011001010100110,      0,      0,      0,      0,      0,      1,      1,      1,      1,      1,      1,      0,      0,      0,      0,      1,      0,      1,      1,      1,      1,      0,      0,      1,      1,      1
      804, 110101011011110110111001111000011101000001001101111001011010,      1,      0,      0,      0,      0,      1,      0,      1,      1,      0,      1,      0,      0,      0,      0,      0,      0,      1,      1,      1,      0,      1,      1,      1,      1,      1
      805, 010001100010111000111111000001110010110000011101011100101000,      0,      0,      0,      0,      0,      1,      1,      1,      1,      1,      1,      0,      0,      0,      1,      0,      1,      1,      0,      1,      1,      0,      1,      0,      1,      1
      806, 110001001000110110000101001011000001011111011001111001011111,      0,      0,      0,      0,      0,      1,      1,      1,      1,      0,      1,      0,      0,      0,      0,      0,      0,      1,      1,      0,      1,      0,      1,      1,      1,      0
      807, 011100001101110100001011111010101111110100111010001001000011,      0,      0,      0,      0,      0,      1,      1,      1,      1,      1,      1,      0,      0,      0,      0,      1,      0,      0,      1,      1,      1,      1,      1,      1,      1,      1
      808, 110101000000011001100000001100100110001101111110100011001110,      0,      0,      0,      1,      0,      1,      1,      1,      1,      0,      1,      0,      0,      0,      0,      1,      1,      0,      0,      0,      0,      1,      0,      1,      0,      1
      809, 011011001110101011110110100011101111111010111111000110001001,      0,      0,      0,      1,      0,      1,      1,      1,      1,      1,      1,      0,      0,      0,      1,      1,      1,      1,      1,      1,      1,      1,      1,      1,      1,      1
      810, 111010110010101000100001100100111011101000011010011100011101,      0,      0,      0,      0,      0,      1,      1,      1,      0,      0,      1,      0,      0,      0,      0,      0,      0,      1,      1,      1,      1,      0,      1,      1,      1,      1
      811, 111010101011111101001101000111100101010110010101101110011000,      0,      0,      0,      0,      0,      1,      1,      1,      1,      0,      1,      1,      0,      0,      1,      1,      1,      1,      0,      1,      0,      1,      1,      1,      1,      1
      812, 110110110110011100010100010110110110111010101011001001101000,      0,      0,      0,      0,      0,      1,      1,      1,      0,      0,      1,      0,      0,      0,      1,      1,      0,      1,      1,      0,      1,      1,      1,      1,      1,      1
      813, 010111110000101100010000011001000101101001010110101001110010,      1,      0,      1,      0,      0,      1,      1,      1,      1,      0,      1,      0,      0,      0,      0,      1,      1,      1,      1,      1,      1,      0,      1,      1,      1,      1
      814, 101100111010100101101010011000011110011010010000101101110010,      0,      0,      0,      1,      0,      1,      1,      1,      0,      1,      1,      0,      0,      0,      0,      0,      0,      1,      0,      1,      0,      1,      1,      1,      1,      1
      815, 111101111111001100111111000000000011010011011111010010110001,      1,      0,      1,      0,      1,      1,      1,      1,      0,      1,      1,      0,      1,      1,      1,      1,      1,      0,      0,      1,      0,      0,      0,      1,      1,      0
      816, 010010101110101101111000000000000110001000011010010010011101,      0,      0,      0,      1,      0,      1,      1,      1,      1,      0,      1,      0,      0,      0,      0,      0,      1,      0,      1,      0,      0,      0,      0,      1,      0,      0
      817, 010110111100010001100010111100010001101000011110111010001110,      0,      0,      0,      1,      0,      1,      1,      1,      1,      0,      1,      0,      0,      0,      0,      1,      0,      0,      1,      1,      1,      0,      1,      0,      0,      1
      818, 001010111100011110000000101101110101000100111111000100011011,      0,      0,      0,      0,      0,      1,      1,      1,      1,      0,      1,      0,      0,      0,      0,      0,      1,      1,      1,      0,      1,      0,      1,      0,      1,      1
      819, 101110001111000001110111011010001110001101000010010101010100,      0,      0,      0,      1,      0,      0,      1,      1,      1,      1,      1,      1,      0,      0,      1,      1,      0,      0,      1,      1,      1,      1,      1,      1,      1,      1
      820, 011101011000111011001101010100111010110110000001110100100010,      0,      0,      0,      0,      0,      1,      1,      1,      1,      0,      1,      0,      0,      0,      1,      0,      0,      1,      1,      1,      1,      0,      1,      1,      1,      0
      821, 101010011000100100110101011110101010001000000011111100000101,      0,      0,      0,      0,      0,      1,      1,      1,      1,      0,      1,      1,      0,      0,      1,      1,      1,      1,      1,      1,      1,      0,      1,      1,      1,      0
      822, 011001100110000100011101110011101011000001011010111111001001,      0,      0,      0,      0,      0,      1,      1,      1,      1,      0,      1,      0,      0,      0,      1,      1,      1,      1,      1,      1,      1,      0,      1,      1,      1,      1
      823, 011011000011001110011001001001010010110110100011110111111111,      0,      0,      0,      0,      0,      1,      0,      1,      1,      0,      1,      0,      0,      0,      0,      0,      0,      1,      1,      1,      1,      0,      0,      1,      1,      1
      824, 011000000010010011010110101111010011010100111010011010001101,      0,      0,      0,      0,      0,      1,      1,      1,      1,      1,      1,      0,      0,      0,      1,      0,      1,      1,      1,      1,      1,      0,      0,      1,      1,      1
      825, 010000110000010000110000100000010001000011010111100101001110,      0,      0,      0,      0,      0,      1,      1,      1,      1,      0,      1,      0,      0,      0,      0,      0,      0,      1,      0,      1,      1,      0,      1,      1,      1,      0
      826, 111111100100101101000000001000100011000101110110010000110101,      0,      0,      0,      0,      1,      0,      1,      1,      1,      0,      1,      0,      0,      0,      0,      0,      1,      0,      1,      1,      0,      0,      0,      1,      0,      0
      827, 010101010000010111000110011101010101011001111111000000001100,      1,      0,      0,      0,      0,      1,      1,      1,      1,      0,      1,      0,      0,      0,      0,      1,      0,      0,      0,      0,      0,      1,      0,      0,      0,      0
      828, 100001100010110001000011001111001010111100001110100110000000,      0,      0,      0,      0,      0,      1,      1,      1,      1,      0,      1,      0,      0,      0,      0,      0,      0,      0,      1,      1,      1,      0,      0,      0,      0,      0
      829, 001010100111111011010001100110010100000011101010111110010100,      0,      0,      0,      0,      0,      1,      1,      0,      1,      0,      1,      0,      0,      0,      0,      1,      1,      1,      1,      1,      1,      0,      0,      1,      1,      1
      830, 110011101110111000101000101101000001011101001011011011001111,      0,      0,      0,      0,      0,      1,      1,      1,      1,      0,      1,      1,      0,      0,      0,      0,      0,      1,      1,      1,      0,      0,      0,      1,      1,      1
      831, 110111111011000001000101110101101110100011010100101001100000,      0,      0,      1,      0,      0,      1,      1,      1,      0,      0,      1,      1,      0,      0,      0,      1,      1,      1,      1,      1,      1,      1,      1,      1,      1,      1
      832, 000001000111100101110011100100101101000110101101011101110110,      0,      0,      0,      1,      0,      1,      1,      1,      1,      1,      1,      0,      0,      0,      0,      1,      1,      1,      1,      1,      1,      0,      1,      1,      1,      1
      833, 101110100110110101110110110111000001011010000110001011011101,      0,      0,      0,      1,      0,      0,      1,      1,      1,      1,      1,      0,      0,      0,      1,      1,      1,      1,      0,      1,      1,      0,      0,      1,      0,      0
      834, 100101000001111110000111101100100111101010000110111000000111,      0,      0,      0,      0,      0,      1,      1,      1,      1,      0,      1,      0,      0,      0,      0,      1,      0,      1,      1,      1,      1,      0,      0,      1,      1,      1
      835, 100011101110011011100000110001010001101000010001111111111001,      0,      1,      0,      1,      0,      1,      1,      0,      1,      0,      1,      1,      0,      0,      0,      0,      0,      1,      0,      1,      1,      0,      1,      1,      1,      1
      836, 011010111111111111100101011010110010100111010111111110100001,      0,      0,      0,      1,      0,      1,      0,      0,      0,      0,      1,      0,      0,      0,      0,      0,      0,      1,      1,      1,      1,      0,      1,      1,      1,      1
      837, 011101111001011110001011101101000010001011101110010101100110,      1,      1,      1,      0,      0,      1,      1,      1,      1,      1,      1,      0,      0,      0,      0,      1,      0,      1,      1,      1,      1,      0,      0,      1,      1,      1
      838, 011001111011101010000010000000010011111110100000000011101011,      0,      1,      1,      0,      0,      1,      1,      0,      0,      0,      1,      0,      0,      0,      0,      1,      1,      1,      1,      1,      1,      0,      0,      0,      0,      0
      839, 100111110100100111110011011001011111011110001000110000000001,      1,      1,      1,      1,      0,      1,      1,      1,      1,      1,      1,      0,      0,      0,      0,      0,      0,      1,      1,      0,      0,      0,      1,      1,      1,      0
      840, 001001101101100100111100000010101110011111100000001101110011,      0,      0,      0,      0,      0,      1,      1,      1,      1,      0,      1,      0,      0,      0,      1,      1,      1,      1,      1,      1,      0,      1,      1,      1,      1,      1
      841, 001111001000001100001010011011011011111110000111000010111101,      0,      0,      0,      0,      0,      1,      1,      1,      1,      1,      1,      0,      0,      0,      0,      0,      1,      1,      0,      1,      1,      0,      0,      0,      0,      0
      842, 111000001110100110010011000001001011110110011001100100000100,      0,      0,      0,      0,      0,      1,      0,      1,      1,      1,      1,      0,      0,      0,      0,      1,      1,      1,      1,      0,      0,      0,      1,      1,      0,      0
      843, 000000100000110011101000110111001001110111100100100100110100,      0,      0,      0,      1,      0,      1,      1,      1,      1,      0,      1,      0,      0,      0,      0,      0,      1,      0,      0,      1,      1,      0,      0,      1,      1,      1
      844, 101010111111111111010100000011011100100000100110000110011011,      0,      0,      0,      0,      0,      1,      0,      0,      0,      0,      1,      1,      0,      0,      1,      0,      0,      0,      0,      1,      1,      0,      0,      0,      1,      1
      845, 111110000010010110001010011001110011111100000010111110000011,      0,      0,      0,      0,      1,      0,      0,      1,      1,      1,      1,      0,      0,      0,      0,      1,      1,      1,      1,      0,      1,      0,      1,      1,      0,      0
      846, 010001111001100100011010111001000010111101010110111000000111,      1,      0,      1,      0,      0,      1,      1,      1,      1,      1,      1,      0,      0,      0,      0,      0,      1,      1,      1,      0,      1,      0,      1,      1,      1,      1
      847, 101001100100101010111101111100010110000101110110010100010110,      0,      1,      0,      0,      0,      1,      1,      1,      1,      0,      1,      0,      0,      0,      1,      0,      0,      0,      1,      1,      1,      0,      1,      0,      1,      1
      848, 101000011011000010001010111110101000000000001010000001001101,      0,      0,      0,      0,      0,      1,      1,      1,      1,      1,      1,      0,      0,      0,      0,      1,      0,      0,      0,      0,      0,      0,      0,      0,      0,      0
      849, 101111101101001111100110000001110110011101011011111111111111,      0,      1,      0,      1,      0,      0,      1,      1,      1,      0,      1,      1,      0,      0,      0,      1,      1,      1,      1,      1,      1,      1,      1,      1,      1,      1
      850, 000110100010001110011111010111010010000001100001111000101001,      0,      0,      0,      0,      0,      1,      0,      0,      1,      1,      1,      0,      0,      0,      1,      0,      1,      1,      1,      1,      1,      0,      1,      1,      1,      1
      851, 000110110111011100101110101101010110101010000011110001010011,      0,      0,      0,      0,      0,      1,      1,      1,      0,      1,      1,      0,      0,      0,      1,      1,      1,      1,      1,      1,      1,      0,      0,      1,      0,      1
      852, 001000000010100110010101101111110000110110111000100111100111,      0,      0,      0,      0,      0,      1,      0,      1,      1,      0,      1,      0,      0,      0,      1,      0,      0,      1,      1,      0,      1,      0,      1,      1,      0,      1
      853, 010100011011101111100101101111010100101010100111000100010011,      0,      0,      0,      1,      0,      1,      0,      1,      1,      0,      1,      0,      0,      0,      0,      1,      0,      0,      0,      1,      0,      1,      0,      0,      1,      0
      854, 011000010010000101001110001000001000001101101110101001000010,      0,      0,      0,      0,      0,      1,      1,      1,      1,      1,      1,      0,      0,      0,      1,      0,      0,      1,      1,      1,      1,      0,      0,      0,      1,      1
      855, 001001011010110101011101000011100101010011100000010101010011,      1,      0,      0,      0,      0,      1,      1,      1,      1,      0,      1,      0,      0,      0,      1,      0,      1,      1,      0,      1,      1,      1,      1,      1,      1,      1
      856, 011011110111101110110011101101000011101101101111100110110100,      1,      1,      1,      0,      0,      1,      0,      0,      0,      1,      1,      0,      0,      0,      0,      1,      1,      1,      1,      1,      1,      0,      0,      0,      1,      1
      857, 100010110111011010100011000001000001000100111000010001000001,      0,      0,      0,      0,      0,      1,      1,      0,      0,      0,      1,      0,      0,      0,      0,      0,      1,      1,      0,      0,      0,      0,      0,      1,      1,      0
      858, 011011001000010011000101010110110100101000110011100101001110,      0,      0,      0,      0,      0,      1,      1,      1,      1,      0,      1,      0,      0,      0,      0,      0,      0,      1,      0,      0,      1,      0,      1,      1,      1,      1
      859, 101000111010011101101110111001000010010100100101011110010101,      0,      0,      0,      1,      0,      1,      1,      1,      0,      1,      1,      0,      0,      0,      1,      0,      1,      1,      1,      1,      1,      0,      1,      1,      0,      1
      860, 001100011001110100111101000110000000100011001111001110101101,      0,      0,      0,      0,      0,      1,      1,      1,      1,      0,      1,      0,      0,      0,      1,      1,      0,      1,      1,      1,      1,      0,      1,      1,      1,      0
      861, 001110011000001110000011011100011010110001100011100100110111,      0,      0,      0,      0,      0,      1,      1,      1,      1,      0,      1,      0,      0,      0,      0,      0,      0,      1,      1,      1,      0,      0,      0,      0,      1,      1
      862, 110001111101100100110000100010110001100001110100111011110010,      1,      0,      1,      0,      0,      1,      1,      1,      1,      0,      1,      0,      0,      0,      0,      0,      0,      1,      0,      1,      1,      0,      1,      0,      1,      1
      863, 111110011111110101001001111101001101001111110110000111011000,      0,      0,      0,      0,      1,      0,      1,      1,      1,      0,      1,      1,      0,      0,      0,      1,      0,      0,      0,      1,      1,      1,      1,      1,      1,      1
      864, 110110101010000101100010100110111000100110100000000010011110,      0,      0,      0,      1,      0,      1,      1,      1,      1,      0,      1,      1,      0,      0,      0,      0,      1,      0,      0,      0,      0,      0,      0,      0,      0,      0
      865, 101000011101101100100110010111101100000001010000111100100000,      0,      0,      0,      0,      0,      1,      1,      1,      1,      0,      1,      0,      0,      0,      0,      0,      1,      1,      0,      1,      1,      0,      1,      1,      0,      0
      866, 100101111111101011001000011110111100000010001011100010100001,      0,      1,      1,      0,      0,      1,      1,      0,      0,      0,      1,      0,      0,      0,      0,      1,      0,      0,      0,      0,      0,      0,      0,      0,      0,      0
      867, 001000111100001000000011001001111110001010010000100110111111,      0,      0,      0,      0,      0,      1,      1,      1,      1,      0,      1,      0,      0,      0,      0,      0,      0,      1,      1,      1,      1,      0,      1,      1,      1,      0
      868, 111010011000110111001011000001111111111110100110010101000010,      0,      0,      0,      0,      0,      1,      1,      1,      1,      1,      1,      1,      0,      0,      0,      1,      1,      1,      0,      1,      1,      1,      1,      1,      1,      1
      869, 011110001111010010011100100011100110000000101011101010100110,      0,      0,      0,      0,      0,      1,      1,      1,      1,      0,      1,      0,      0,      0,      1,      0,      1,      1,      1,      1,      0,      1,      1,      0,      0,      1
      870, 111100110101001111101110001110011111000000100000100000000010,      0,      0,      0,      1,      1,      1,      1,      1,      1,      1,      1,      0,      0,      0,      1,      1,      1,      0,      0,      0,      0,      0,      0,      0,      0,      0
      871, 111101000111100011011101100000110000101011110101111110001000,      0,      0,      0,      0,      1,      1,      1,      1,      1,      0,      1,      0,      1,      0,      1,      0,      0,      1,      0,      1,      0,      0,      1,      1,      1,      1
      872, 011100111000111100111010101001001100011011100100101010101011,      0,      0,      0,      0,      0,      1,      1,      1,      1,      1,      1,      0,      0,      0,      0,      0,      1,      1,      0,      1,      1,      1,      1,      1,      1,      1
      873, 000100101011001101011011101011010111011000010011011100011010,      0,      0,      0,      0,      0,      1,      1,      1,      1,      1,      1,      0,      0,      0,      0,      0,      0,      1,      1,      1,      1,      0,      1,      1,      1,      1
      874, 101011111011011111110101101000111010101111011010010000000010,      1,      1,      1,      1,      0,      1,      0,      0,      0,      0,      1,      1,      0,      0,      1,      0,      0,      0,      1,      0,      0,      1,      0,      0,      1,      1
      875, 100000001111011101000000110110010011110110110110010111110010,      0,      0,      0,      0,      0,      1,      1,      1,      1,      0,      1,      0,      0,      0,      0,      1,      0,      1,      0,      1,      1,      0,      1,      1,      0,      1
      876, 100001010011101100001100110010101110110111101010101000000001,      1,      0,      0,      0,      0,      1,      1,      1,      1,      0,      1,      0,      0,      0,      1,      1,      0,      0,      1,      0,      1,      0,      1,      1,      1,      1
      877, 011011110000000001001000001001101010001100000011101000100000,      0,      0,      1,      0,      0,      1,      1,      1,      1,      0,      1,      0,      0,      0,      0,      0,      1,      0,      1,      1,      0,      0,      0,      0,      0,      0
      878, 110011111100100111100110001110011000010001101111111011000100,      1,      1,      1,      1,      0,      1,      1,      1,      1,      0,      1,      1,      0,      0,      0,      1,      0,      1,      1,      1,      1,      0,      1,      0,      1,      1
      879, 100010111110010001101010010111010100010001111111110100111110,      0,      0,      0,      1,      0,      1,      1,      1,      0,      1,      1,      1,      0,      0,      0,      1,      1,      1,      1,      1,      1,      0,      1,      0,      0,      1
      880, 101110000100000010101100000001100010001010111000010001000100,      0,      0,      0,      0,      0,      0,      1,      1,      1,      0,      1,      0,      0,      0,      1,      0,      0,      1,      0,      0,      0,      0,      0,      0,      0,      0
      881, 111100001011101111110010001101011100001011000001011001010000,      0,      0,      0,      1,      1,      1,      0,      1,      1,      1,      1,      0,      0,      0,      0,      1,      0,      1,      1,      1,      1,      1,      1,      1,      1,      1
      882, 101011001111101110110101111101011101110001101010000000110001,      0,      0,      0,      0,      0,      1,      0,      1,      1,      0,      1,      1,      0,      0,      1,      0,      1,      0,      0,      1,      0,      0,      0,      0,      0,      0
      883, 011010000100000011111111101101111011011111001001100110010011,      0,      0,      0,      1,      0,      1,      1,      1,      1,      1,      1,      0,      0,      0,      1,      0,      0,      1,      1,      1,      0,      0,      0,      1,      1,      0
      884, 000000010101110001001000110110100100010001000000011111100001,      0,      0,      0,      0,      0,      1,      1,      1,      1,      0,      1,      0,      0,      0,      0,      1,      1,      0,      0,      1,      1,      0,      1,      1,      1,      1
      885, 010011001110101101100011101010111101000110110011100010000101,      0,      0,      0,      1,      0,      1,      1,      1,      1,      0,      1,      0,      0,      0,      0,      1,      1,      0,      0,      0,      0,      1,      0,      1,      0,      0
      886, 111100011011111001110011010011011100101000111001011110001110,      0,      0,      0,      1,      1,      1,      1,      1,      1,      1,      1,      0,      0,      0,      0,      0,      1,      1,      1,      1,      1,      1,      1,      1,      1,      1
      887, 111010001100001001110100111010101011001010011100111001101111,      0,      0,      0,      1,      0,      1,      1,      1,      1,      0,      1,      1,      0,      0,      1,      0,      1,      1,      1,      1,      1,      1,      1,      1,      1,      1
      888, 011011011001111000111111111010110111100111001110110011011001,      0,      0,      0,      0,      0,      1,      1,      1,      1,      1,      1,      0,      0,      0,      1,      1,      1,      0,      1,      1,      1,      1,      1,      1,      1,      1
      889, 010001110011101110001110000010011100011110111000000000001110,      1,      1,      1,      0,      0,      1,      0,      0,      0,      1,      1,      0,      0,      0,      1,      1,      1,      0,      0,      0,      0,      1,      0,      0,      0,      0
      890, 101110101111001010000010101101011101010000001001111100111011,      0,      0,      0,      0,      0,      0,      1,      0,      1,      0,      1,      1,      0,      0,      0,      0,      0,      1,      1,      1,      1,      0,      1,      1,      1,      1
      891, 010000001011100110001101011110010011001101110000011010110001,      0,      0,      0,      0,      0,      1,      0,      1,      1,      0,      1,      0,      0,      0,      1,      0,      0,      1,      1,      1,      1,      0,      1,      1,      1,      1
      892, 111011110110000001010010100000011111000011110111100001110100,      0,      0,      1,      0,      0,      1,      1,      1,      0,      1,      1,      0,      0,      0,      0,      1,      1,      0,      0,      1,      0,      1,      0,      1,      0,      0
      893, 111000101011100101011001110010011010011001100010010101010000,      0,      0,      0,      0,      0,      1,      1,      1,      1,      0,      1,      0,      0,      0,      0,      0,      0,      0,      0,      0,      1,      0,      1,      0,      1,      1
      894, 011111100011010001000011000100010100111111100101111111111001,      0,      0,      0,      0,      0,      1,      1,      1,      1,      0,      1,      0,      0,      0,      0,      1,      1,      1,      1,      1,      1,      1,      1,      1,      1,      1
      895, 110000101111000011010001101000111100010101010001110010111100,      0,      0,      0,      0,      0,      1,      1,      0,      1,      0,      1,      0,      0,      0,      0,      0,      1,      0,      1,      1,      1,      1,      1,      0,      1,      1
      896, 111011111011000110110011100110110011100110110010010101000100,      1,      1,      1,      0,      0,      1,      0,      0,      0,      1,      1,      1,      0,      0,      0,      0,      1,      1,      1,      1,      1,      1,      1,      1,      1,      1
      897, 110100101001110110101001100000100100111000000101110010001100,      0,      0,      0,      0,      0,      1,      1,      1,      1,      0,      1,      0,      0,      0,      0,      1,      1,      1,      0,      0,      0,      0,      0,      0,      1,      1
      898, 011001010111100000011101010010110111101010100011010100111111,      0,      0,      0,      0,      0,      1,      1,      1,      1,      0,      1,      0,      0,      0,      1,      1,      1,      1,      1,      1,      1,      1,      1,      1,      1,      1
      899, 000011100001110101011110011110000010110100101111001010110110,      0,      0,      0,      0,      0,      1,      1,      1,      1,      1,      1,      0,      0,      0,      1,      0,      1,      1,      1,      1,      1,      0,      1,      0,      0,      1
      900, 001010001111000110010111100000001000100001011010000110011110,      0,      0,      0,      0,      0,      1,      0,      1,      1,      1,      1,      0,      0,      0,      1,      1,      0,      0,      1,      0,      1,      0,      1,      0,      1,      0
      901, 111101100111100111011100010111001000011010111011001011111100,      0,      1,      0,      0,      1,      1,      0,      0,      1,      0,      1,      0,      1,      0,      1,      1,      0,      0,      1,      1,      1,      0,      1,      1,      0,      1
      902, 111011010001110001111010000111011111100100110111100100101010,      0,      0,      0,      1,      0,      1,      1,      1,      1,      1,      1,      0,      0,      0,      0,      1,      1,      1,      0,      1,      1,      0,      1,      1,      0,      1
      903, 000011111111000100011100110100101101100110011010100110110001,      1,      0,      1,      0,      0,      1,      1,      1,      0,      0,      1,      0,      0,      0,      1,      1,      1,      0,      1,      1,      1,      0,      1,      1,      1,      0
      904, 010000111000001011000111010010001110101100110110001111011100,      0,      0,      0,      0,      0,      1,      1,      1,      1,      0,      1,      0,      0,      0,      0,      0,      0,      1,      1,      1,      1,      1,      1,      1,      1,      1
      905, 000110101010100101101000101101011111001110111011001111111001,      0,      0,      0,      1,      0,      1,      1,      1,      1,      0,      1,      0,      0,      0,      0,      0,      1,      1,      1,      1,      1,      1,      1,      1,      1,      1
      906, 110000100010010111001010010101101110001111111110101000000001,      0,      0,      0,      0,      0,      1,      0,      0,      1,      1,      1,      0,      0,      0,      0,      1,      0,      0,      1,      1,      1,      1,      1,      0,      1,      1
      907, 000010011010000011011100000000001011110101100000011100100000,      0,      0,      0,      0,      0,      1,      1,      1,      1,      0,      1,      0,      0,      0,      1,      1,      0,      0,      1,      1,      1,      0,      0,      0,      1,      1
      908, 000011010101110111010000110000011000000010000111000110001110,      1,      0,      0,      0,      0,      1,      1,      1,      1,      0,      1,      0,      0,      0,      0,      0,      1,      1,      0,      1,      1,      0,      0,      1,      0,      0
      909, 101101101111100000000110001010010001010110001011101111011101,      0,      0,      0,      0,      0,      1,      1,      1,      1,      0,      1,      0,      0,      0,      0,      1,      0,      1,      1,      1,      1,      0,      0,      1,      0,      0
      910, 001011000100001000110011010100011011101011010100110011101000,      0,      0,      0,      0,      0,      1,      1,      1,      1,      1,      1,      0,      0,      0,      0,      1,      0,      1,      1,      1,      1,      0,      1,      0,      1,      0
      911, 110000100000110000010010101101100010101010110100111111100001,      0,      0,      0,      0,      0,      1,      1,      1,      1,      1,      1,      0,      0,      0,      0,      1,      1,      1,      1,      1,      0,      0,      1,      1,      0,      1
      912, 000100110101001010101000000111110000010110110001110010110000,      0,      0,      0,      0,      0,      1,      1,      1,      1,      0,      1,      0,      0,      0,      0,      1,      0,      1,      0,      1,      1,      0,      0,      0,      0,      0
      913, 101010011010000010110001100110011010001000010110010000110111,      0,      0,      0,      0,      0,      1,      1,      1,      1,      0,      1,      1,      0,      0,      0,      0,      0,      1,      0,      1,      1,      0,      0,      1,      1,      1
      914, 100100011001010101111011000110110110001011010111100100100000,      0,      0,      0,      1,      0,      1,      1,      1,      1,      1,      1,      0,      0,      0,      0,      1,      0,      1,      0,      1,      1,      1,      1,      1,      0,      1
      915, 000000010111110010111001011111000001001010100101101110111010,      0,      0,      0,      0,      0,      1,      1,      1,      1,      0,      1,      0,      0,      0,      0,      0,      1,      1,      1,      1,      1,      0,      0,      1,      0,      1
      916, 000000010110011001111011000000011010100101101110000101001100,      0,      0,      0,      1,      0,      1,      1,      1,      1,      1,      1,      0,      0,      0,      0,      1,      0,      0,      1,      1,      1,      0,      0,      0,      1,      1
      917, 011100100111101010111001100011101010001111111101011001011010,      0,      0,      0,      0,      0,      1,      1,      0,      1,      0,      1,      0,      0,      0,      0,      0,      1,      1,      1,      1,      1,      1,      0,      0,      1,      1
      918, 100011001001001010000001111111101110100100100110001111010110,      0,      0,      0,      0,      0,      1,      1,      1,      1,      0,      1,      1,      0,      0,      0,      1,      1,      1,      0,      1,      1,      0,      0,      0,      1,      1
      919, 011010110011000100111000011110111100110011101011010101000100,      0,      0,      0,      0,      0,      1,      1,      1,      0,      0,      1,      0,      0,      0,      0,      1,      1,      1,      1,      1,      1,      1,      1,      1,      1,      1
      920, 001101100001010111010011011110011110010110010110111101101010,      0,      1,      0,      0,      0,      1,      1,      1,      1,      1,      1,      0,      0,      0,      0,      1,      0,      1,      1,      1,      1,      0,      1,      1,      1,      1
      921, 100111010100000011000101110011011100000000111101101111101110,      0,      0,      0,      0,      0,      1,      1,      1,      1,      0,      1,      0,      0,      0,      0,      1,      1,      1,      1,      1,      1,      0,      1,      0,      1,      1
      922, 100000100010111111101011010111000111101111001101000001111100,      0,      0,      0,      1,      0,      1,      0,      0,      1,      1,      1,      0,      0,      0,      0,      1,      1,      0,      0,      1,      1,      0,      0,      0,      0,      0
      923, 000001100000110001001110000011010001111011011110111001011100,      0,      0,      0,      0,      0,      1,      1,      1,      1,      1,      1,      0,      0,      0,      1,      1,      0,      1,      0,      1,      1,      0,      0,      1,      1,      1
      924, 001001010011100100010011010001110111000011010110101010011000,      1,      0,      0,      0,      0,      1,      1,      1,      1,      1,      1,      0,      0,      0,      0,      1,      1,      0,      0,      1,      1,      0,      0,      1,      1,      1
      925, 010100111001000001110001100100011111110010101101000100010111,      0,      0,      0,      1,      0,      1,      1,      1,      1,      0,      1,      0,      0,      0,      0,      1,      0,      1,      0,      0,      1,      1,      1,      0,      1,      0
      926, 011001000111010101011110001000100000000001011001010100101011,      0,      0,      0,      0,      0,      1,      1,      1,      1,      1,      1,      0,      0,      0,      1,      0,      0,      1,      1,      0,      1,      0,      1,      1,      1,      0
      927, 001010111100100110111110001110000100101111110010000001001011,      0,      0,      0,      0,      0,      1,      1,      1,      1,      1,      1,      0,      0,      0,      1,      1,      1,      1,      0,      0,      1,      1,      0,      0,      1,      0
      928, 111110111101010111101001011010000011100010000001110101010100,      0,      0,      0,      1,      1,      0,      1,      1,      1,      0,      1,      1,      0,      0,      0,      0,      1,      1,      1,      1,      1,      1,      1,      1,      1,      1
      929, 100010001101010110000001111100110001001001110010110101001000,      0,      0,      0,      0,      0,      1,      1,      1,      1,      0,      1,      1,      0,      0,      0,      1,      0,      0,      1,      1,      1,      0,      1,      0,      1,      1
      930, 101100001110101011100001000111111111010000101100010011010010,      0,      0,      0,      1,      0,      1,      1,      1,      1,      0,      1,      0,      0,      0,      0,      1,      0,      1,      0,      1,      1,      0,      1,      0,      1,      1
      931, 011100111010000101111100010100000010101110110111011101010010,      0,      0,      0,      1,      0,      1,      1,      1,      0,      0,      1,      0,      0,      0,      1,      0,      0,      1,      1,      1,      1,      0,      1,      1,      1,      1
      932, 001001100111101101010101110101011100010111101000101111101110,      0,      0,      0,      0,      0,      1,      1,      1,      1,      0,      1,      0,      0,      0,      1,      1,      0,      1,      1,      0,      1,      0,      1,      1,      1,      1
      933, 101011001100010011110101001110010110011100101101110110001101,      0,      0,      0,      1,      0,      1,      1,      1,      1,      0,      1,      1,      0,      0,      1,      1,      0,      1,      1,      1,      1,      0,      1,      1,      1,      1
      934, 001111100110000010101100011100110100011101101010011001110101,      0,      1,      0,      0,      0,      1,      1,      0,      1,      0,      1,      0,      0,      0,      1,      1,      1,      1,      1,      1,      0,      0,      1,      1,      0,      1
      935, 010010001100001110000111101011010010001111011100010111111001,      0,      0,      0,      0,      0,      1,      1,      1,      1,      0,      1,      0,      0,      0,      0,      0,      0,      1,      1,      1,      1,      0,      1,      1,      1,      1
      936, 110101101111100101011001100110100011110011111101110011011111,      0,      0,      0,      0,      0,      1,      1,      1,      1,      0,      1,      0,      0,      0,      0,      1,      0,      1,      1,      1,      1,      1,      0,      1,      1,      1
      937, 100111100110000001100111011111111001101010110011101101000001,      0,      0,      0,      1,      0,      1,      1,      1,      1,      0,      1,      0,      0,      0,      0,      1,      1,      1,      0,      0,      1,      0,      1,      1,      0,      1
      938, 011110100001010010101000011101101101100001110111010100111010,      0,      0,      0,      0,      0,      1,      1,      1,      1,      0,      1,      0,      0,      0,      0,      0,      0,      1,      1,      1,      1,      1,      1,      1,      1,      0
      939, 001111110000001111101100000100110010111100110001100001110110,      1,      1,      1,      1,      0,      1,      1,      1,      1,      0,      1,      0,      0,      0,      1,      1,      1,      1,      1,      1,      1,      0,      0,      0,      0,      0
      940, 011100110000100000010101101011001110110111011111010000001001,      0,      0,      0,      0,      0,      1,      1,      1,      1,      0,      1,      0,      0,      0,      1,      0,      1,      1,      1,      0,      1,      1,      0,      1,      1,      1
      941, 100000110101101000000110110000100010101000111110010011001000,      0,      0,      0,      0,      0,      1,      1,      1,      1,      0,      1,      0,      0,      0,      0,      1,      1,      0,      0,      0,      0,      0,      1,      0,      0,      1
      942, 100010111011010000111100011010000101110100001010100101100100,      0,      0,      0,      0,      0,      1,      1,      1,      0,      0,      1,      1,      0,      0,      1,      1,      1,      0,      1,      1,      1,      0,      1,      0,      1,      1
      943, 110011101101010011001000100101101101000100010000000001000101,      0,      1,      0,      0,      0,      1,      1,      1,      1,      0,      1,      1,      0,      0,      0,      1,      1,      0,      0,      0,      0,      0,      0,      1,      1,      0
      944, 000000100010101100010011000111101101101000110001111011100011,      0,      0,      0,      0,      0,      1,      1,      1,      1,      1,      1,      0,      0,      0,      0,      0,      0,      1,      1,      1,      1,      0,      1,      1,      1,      1
      945, 001110000100111001111010111111001101001100001001111001010110,      0,      0,      0,      1,      0,      1,      1,      1,      1,      1,      1,      0,      0,      0,      0,      1,      1,      1,      1,      1,      1,      0,      1,      0,      0,      1
      946, 010111011000110001110101110001110011010010110000011100001101,      0,      0,      0,      1,      0,      1,      1,      1,      1,      0,      1,      0,      0,      0,      1,      0,      0,      1,      1,      1,      0,      0,      1,      1,      1,      1
      947, 101101110010101010111111100100111111110111010001000001000000,      0,      1,      1,      0,      0,      1,      1,      0,      0,      1,      1,      0,      0,      0,      1,      0,      1,      0,      0,      0,      0,      1,      1,      0,      0,      1
      948, 001111001010010001101101010111010001110100011100110001001000,      0,      0,      0,      1,      0,      1,      1,      1,      1,      0,      1,      0,      0,      0,      1,      0,      1,      1,      0,      1,      1,      0,      1,      0,      1,      0
      949, 000010001001011101100001111110111101110100000001101100101000,      0,      0,      0,      1,      0,      1,      1,      1,      1,      0,      1,      0,      0,      0,      0,      1,      1,      1,      0,      1,      1,      0,      1,      0,      1,      0
      950, 001000001001011011111010101010110101011110001111001100010010,      0,      0,      0,      1,      0,      1,      1,      1,      1,      1,      1,      0,      0,      0,      0,      1,      0,      0,      1,      1,      1,      0,      1,      1,      1,      1
      951, 101011001111011111111111100010001000100101101000001000101000,      0,      0,      0,      1,      0,      1,      0,      1,      1,      1,      1,      1,      0,      0,      1,      0,      1,      1,      0,      1,      1,      0,      1,      0,      1,      1
      952, 010111101001000101100101111101011011101101010101010011011011,      0,      0,      0,      1,      0,      1,      1,      1,      1,      0,      1,      0,      0,      0,      0,      0,      1,      1,      1,      1,      1,      0,      1,      1,      1,      1
      953, 010100111001100101111101011010111011010100110011111001010001,      0,      0,      0,      1,      0,      1,      1,      1,      1,      0,      1,      0,      0,      0,      1,      1,      0,      1,      1,      1,      1,      0,      1,      1,      1,      1
      954, 010100000111011011010011101011011110011110100000000000001100,      0,      0,      0,      0,      0,      1,      1,      1,      1,      1,      1,      0,      0,      0,      0,      1,      1,      0,      0,      0,      0,      1,      0,      0,      0,      0
      955, 011011011110001100000101001011001111010101010010111000000000,      1,      0,      0,      0,      0,      1,      1,      1,      1,      0,      1,      0,      0,      0,      0,      1,      0,      1,      1,      1,      1,      1,      0,      0,      1,      1
      956, 001100101111101001101011011011101000000110011111101011001100,      0,      0,      0,      1,      0,      1,      1,      1,      1,      1,      1,      0,      0,      0,      0,      1,      1,      0,      0,      0,      0,      0,      0,      1,      0,      1
      957, 101011110010101000000100001110110111111000110010110010110011,      0,      0,      1,      0,      0,      1,      1,      1,      0,      0,      1,      0,      0,      0,      0,      1,      1,      1,      1,      1,      1,      0,      1,      1,      0,      0
      958, 010110010011011101000010001010101101111011111110000001000011,      0,      0,      0,      0,      0,      1,      1,      1,      1,      0,      1,      0,      0,      0,      0,      0,      1,      1,      0,      1,      1,      1,      1,      1,      0,      1
      959, 000111000001000100111110001100000110100010100111111101000011,      0,      0,      0,      0,      0,      1,      1,      1,      1,      1,      1,      0,      0,      0,      1,      0,      0,      1,      1,      1,      1,      0,      1,      1,      1,      1
      960, 111110101111010110001001011000110011011100110010010011001110,      0,      0,      0,      0,      1,      0,      0,      0,      1,      0,      1,      1,      0,      0,      0,      1,      0,      1,      1,      0,      0,      0,      1,      1,      1,      1
      961, 000101011101101111011110100010111001101011000011101010111111,      1,      0,      0,      0,      0,      1,      1,      1,      1,      1,      1,      0,      0,      0,      1,      1,      0,      1,      1,      1,      1,      0,      0,      1,      1,      0
      962, 011100000101011100110001110001000100001110101010001101100010,      0,      0,      0,      0,      0,      1,      1,      1,      1,      0,      1,      0,      0,      0,      0,      0,      0,      1,      1,      0,      1,      1,      0,      1,      1,      1
      963, 010100111110110001101110001010101110101001010011000001101100,      0,      0,      0,      1,      0,      1,      1,      1,      0,      1,      1,      0,      0,      0,      1,      0,      0,      1,      1,      0,      1,      1,      0,      1,      1,      1
      964, 101011000000000111000110100000010010100111001111011111100001,      0,      0,      0,      0,      0,      1,      1,      1,      1,      0,      1,      0,      0,      0,      0,      0,      1,      1,      1,      1,      1,      0,      0,      1,      1,      1
      965, 101011110110111011001100010001000101100010100111000010010001,      0,      1,      1,      0,      0,      1,      1,      0,      0,      0,      1,      0,      0,      0,      1,      0,      1,      0,      0,      0,      0,      0,      0,      0,      0,      0
      966, 100110111101010110100101011100011111001101001000101001110010,      0,      0,      0,      0,      0,      1,      1,      1,      1,      0,      1,      1,      0,      0,      0,      0,      0,      1,      1,      1,      0,      1,      1,      1,      1,      1
      967, 001010010110110001101100110101011111101000001001111111111111,      0,      0,      0,      1,      0,      1,      1,      1,      1,      0,      1,      0,      0,      0,      1,      0,      0,      1,      1,      1,      1,      0,      1,      1,      0,      1
      968, 111111001011000100011100110011000101001001101101001110100110,      0,      0,      0,      0,      1,      0,      1,      1,      1,      0,      1,      1,      0,      0,      1,      0,      1,      1,      1,      1,      1,      1,      1,      1,      1,      1
      969, 100011010011100110010001100000111101010111101000010000001001,      1,      0,      0,      0,      0,      1,      0,      1,      1,      0,      1,      0,      0,      0,      0,      1,      1,      0,      0,      0,      0,      0,      0,      1,      1,      1
      970, 011010011010001110100101000101100111100000000010111100010010,      0,      0,      0,      0,      0,      1,      0,      1,      1,      0,      1,      0,      0,      0,      0,      0,      0,      1,      1,      1,      0,      0,      1,      1,      1,      0
      971, 110100110001111110010011000100011011000111101110110001101010,      0,      0,      0,      0,      0,      1,      1,      1,      1,      1,      1,      0,      0,      0,      0,      0,      0,      1,      0,      1,      1,      0,      0,      0,      1,      0
      972, 001011101111000101001111000001010010100011110100111110110001,      0,      0,      0,      0,      0,      1,      1,      1,      1,      1,      1,      0,      0,      0,      1,      1,      1,      1,      1,      1,      1,      0,      1,      1,      1,      1
      973, 100110010110001010100000111111110001110110011110110100100111,      0,      0,      0,      0,      0,      1,      1,      1,      1,      0,      1,      0,      0,      0,      0,      0,      1,      1,      1,      1,      1,      0,      1,      1,      0,      1
      974, 110001100110000101010110100111001000111111011001011000100101,      0,      0,      0,      0,      0,      1,      1,      1,      1,      1,      1,      0,      0,      0,      1,      1,      1,      1,      1,      1,      1,      0,      1,      1,      1,      1
      975, 000001001101011010111001011000110011111100011100011001010100,      0,      0,      0,      0,      0,      1,      1,      1,      1,      0,      1,      0,      0,      0,      0,      1,      0,      1,      1,      1,      1,      0,      1,      0,      1,      1
      976, 000010111100101100111110111000011010011011101001110011010111,      0,      0,      0,      0,      0,      1,      1,      1,      1,      1,      1,      0,      0,      0,      1,      1,      1,      1,      1,      0,      0,      0,      1,      1,      0,      1
      977, 000100101001010111100101110100101100111010010001000001000110,      0,      0,      0,      1,      0,      1,      1,      1,      1,      0,      1,      0,      0,      0,      0,      0,      1,      1,      0,      0,      1,      1,      1,      0,      1,      1
      978, 100011010100111100101010110100001001101010010010011011001000,      1,      0,      0,      0,      0,      1,      1,      1,      1,      1,      1,      0,      0,      0,      0,      0,      1,      0,      0,      1,      1,      0,      1,      1,      0,      1
      979, 101001011010100111011111100011110001110011111100001101110010,      1,      0,      0,      0,      0,      1,      0,      1,      1,      1,      1,      0,      0,      0,      1,      0,      1,      1,      1,      1,      0,      0,      1,      1,      1,      1
      980, 000110000010000110111110011100010001101100111011000011101011,      0,      0,      0,      0,      0,      1,      0,      1,      1,      1,      1,      0,      0,      0,      1,      0,      0,      1,      0,      1,      1,      0,      0,      0,      0,      0
      981, 000111001011001001100011100000101100110101100111100100000110,      0,      0,      0,      1,      0,      1,      1,      1,      1,      0,      1,      0,      0,      0,      0,      0,      0,      1,      0,      1,      0,      0,      1,      0,      0,      0
      982, 111101010111110011110100101000110001101101010010111110110000,      0,      0,      0,      1,      1,      1,      1,      1,      1,      0,      1,      0,      1,      0,      1,      0,      1,      0,      1,      1,      1,      0,      1,      0,      1,      1
      983, 000110011011111011101011010011101000001011100001101011000100,      0,      0,      0,      1,      0,      1,      1,      1,      1,      1,      1,      0,      0,      0,      0,      0,      1,      1,      0,      0,      1,      0,      0,      1,      1,      1
      984, 101001100110011110111001001110111011000101010101101010001111,      0,      1,      0,      0,      0,      1,      0,      0,      1,      0,      1,      0,      0,      0,      0,      1,      0,      0,      0,      1,      1,      0,      1,      0,      1,      0
      985, 100001010100001010110100010110101110000101010001101101100011,      0,      0,      0,      0,      0,      1,      1,      1,      1,      0,      1,      0,      0,      0,      1,      1,      0,      1,      0,      0,      0,      0,      1,      0,      1,      0
      986, 001101001010100010100000010001000111011111001100101100111100,      0,      0,      0,      0,      0,      1,      1,      1,      1,      0,      1,      0,      0,      0,      0,      0,      1,      1,      1,      1,      1,      1,      1,      1,      1,      1
      987, 001110011110010100100111000000110000001001100001000000000100,      0,      0,      0,      0,      0,      1,      1,      1,      1,      0,      1,      0,      0,      0,      0,      1,      0,      0,      0,      0,      0,      0,      0,      0,      0,      0
      988, 000001000010010011001011110111001111100111100100011100100111,      0,      0,      0,      0,      0,      1,      1,      1,      1,      1,      1,      0,      0,      0,      0,      1,      0,      1,      1,      1,      1,      0,      1,      1,      1,      1
      989, 010011111010011111011001001110001111011111101100101001000011,      1,      1,      1,      0,      0,      1,      0,      0,      0,      0,      1,      0,      0,      0,      0,      1,      0,      1,      1,      1,      0,      1,      1,      1,      1,      0
      990, 011110010110101110011111110101001000110111111001010111000001,      0,      0,      0,      0,      0,      1,      0,      1,      1,      1,      1,      0,      0,      0,      1,      0,      0,      1,      1,      1,      1,      0,      1,      1,      1,      1
      991, 001011100101001000110100000111111001100001101010100011110001,      0,      0,      0,      0,      0,      1,      1,      1,      1,      0,      1,      0,      0,      0,      1,      0,      0,      0,      0,      1,      1,      0,      0,      0,      0,      0
      992, 010001001101011011010111011110110111000100001100011100101101,      0,      0,      0,      0,      0,      1,      1,      1,      1,      1,      1,      0,      0,      0,      1,      1,      1,      1,      1,      1,      1,      0,      1,      1,      1,      0
      993, 011100110001010011111100100011110011110010101010010000001010,      0,      0,      0,      1,      0,      1,      1,      1,      1,      0,      1,      0,      0,      0,      1,      1,      1,      1,      0,      0,      1,      0,      0,      0,      0,      1
      994, 001011111111000101111101111100000010101010000101010111101011,      1,      0,      1,      1,      0,      1,      1,      1,      0,      0,      1,      0,      0,      0,      1,      1,      1,      1,      1,      1,      1,      0,      1,      1,      1,      1
      995, 000010010110000110000001001101100111010000001100010011101001,      0,      0,      0,      0,      0,      1,      0,      1,      1,      0,      1,      0,      0,      0,      0,      1,      0,      1,      1,      1,      1,      0,      1,      1,      1,      0
      996, 101101000001000100000000000101010100001010001000011100101010,      0,      0,      0,      0,      0,      1,      1,      1,      1,      0,      1,      0,      0,      0,      0,      1,      1,      1,      1,      1,      1,      0,      0,      1,      0,      1
      997, 101100000110011001001001111000001011001010011111011001110000,      0,      0,      0,      0,      0,      1,      1,      1,      1,      0,      1,      0,      0,      0,      0,      1,      0,      1,      1,      1,      1,      0,      1,      1,      1,      1
      998, 110100011010011110000011010010111100110011001011010110111101,      0,      0,      0,      0,      0,      1,      0,      1,      1,      0,      1,      0,      0,      0,      0,      0,      0,      1,      1,      1,      1,      1,      1,      1,      1,      1
      999, 000101001100100011000000100111100110111110110101110011111000,      0,      0,      0,      0,      0,      1,      1,      1,      1,      0,      1,      0,      0,      0,      0,      1,      0,      1,      1,      1,      1,      1,      1,      0,      1,      1
     1000, 001111000011101100111011110100001010000110000111110100010010,      0,      0,      0,      0,      0,      1,      1,      1,      1,      1,      1,      0,      0,      0,      0,      1,      1,      1,      1,      1,      1,      0,      1,      1,      1,      1
     1001, 011101111101110100101111010111111110100111101000111100110011,      1,      0,      1,      0,      0,      1,      1,      1,      1,      1,      1,      0,      0,      0,      1,      0,      0,      1,      0,      1,      1,      1,      1,      1,      1,      0
     1002, 010101100111110100010001111010110010111010111110111110010010,      0,      0,      0,      0,      0,      1,      1,      1,      1,      0,      1,      0,      0,      0,      0,      1,      0,      1,      1,      1,      1,      0,      1,      1,      1,      1
     1003, 110010001011111100101011001111011111101100010001111011011101,      0,      0,      0,      0,      0,      1,      1,      1,      1,      1,      1,      1,      0,      0,      0,      1,      0,      1,      1,      1,      1,      0,      1,      1,      1,      0
     1004, 010011000010000111101000100101101110000011100101101011000101,      0,      0,      0,      1,      0,      1,      0,      1,      1,      0,      1,      0,      0,      0,      0,      1,      0,      0,      1,      1,      1,      1,      0,      1,      1,      1
     1005, 110100100111111001010001011111011000101011101111010010001011,      0,      0,      0,      0,      0,      1,      1,      1,      1,      0,      1,      0,      0,      0,      0,      0,      0,      1,      1,      1,      1,      0,      1,      1,      1,      0
     1006, 001000110111000100100100011000100110001110001010101001111100,      0,      0,      0,      0,      0,      1,      1,      1,      0,      0,      1,      0,      0,      0,      0,      1,      0,      1,      1,      1,      1,      0,      1,      1,      0,      0
     1007, 011010010111101011101011001010000000000011011100010010010010,      0,      0,      0,      1,      0,      1,      1,      1,      1,      1,      1,      0,      0,      0,      0,      1,      1,      0,      1,      0,      1,      0,      0,      0,      1,      0
     1008, 101011001000010111100111111000010100111110100110111110011100,      0,      0,      0,      1,      0,      1,      1,      1,      1,      0,      1,      1,      0,      0,      0,      1,      0,      1,      1,      1,      1,      0,      1,      1,      1,      1
     1009, 010011110001001100111100101001111000101011011011011110010101,      1,      0,      1,      0,      0,      1,      1,      1,      1,      0,      1,      0,      0,      0,      1,      0,      1,      1,      1,      1,      1,      0,      1,      1,      1,      1
     1010, 011100000111111010111010111001110010110001111011111101000000,      0,      0,      0,      0,      0,      1,      1,      1,      1,      1,      1,      0,      0,      0,      0,      0,      0,      1,      1,      1,      1,      0,      1,      1,      1,      1
     1011, 111011111010100110000100110000011001001011001011101001111010,      1,      1,      1,      0,      0,      1,      0,      0,      0,      0,      1,      1,      0,      0,      0,      0,      1,      1,      1,      1,      1,      0,      0,      1,      1,      0
     1012, 010010110000011001001110110110011101111111011011001000100011,      0,      0,      0,      0,      0,      1,      1,      1,      1,      1,      1,      0,      0,      0,      1,      0,      1,      1,      0,      0,      1,      1,      1,      0,      1,      1
     1013, 001110001010100011111010001010000101110000110110110001111111,      0,      0,      0,      1,      0,      1,      1,      1,      1,      1,      1,      0,      0,      0,      0,      0,      1,      1,      1,      1,      1,      0,      1,      1,      1,      1
     1014, 100101000111100111010010110010110101000110101101100000110101,      0,      0,      0,      0,      0,      1,      0,      1,      1,      1,      1,      0,      0,      0,      0,      1,      1,      0,      0,      1,      0,      0,      0,      0,      0,      0
     1015, 111000101011000011001011000110001011001100100001001110001000,      0,      0,      0,      0,      0,      1,      1,      0,      1,      1,      1,      0,      0,      0,      0,      0,      0,      1,      0,      0,      0,      0,      0,      0,      0,      1
     1016, 000110100101011101101000010000001110010111101111100100101001,      0,      0,      0,      1,      0,      1,      1,      1,      1,      0,      1,      0,      0,      0,      0,      0,      0,      1,      0,      1,      1,      1,      1,      1,      1,      0
     1017, 010010111110100111111011010100110101111000110101000001101001,      0,      0,      0,      1,      0,      1,      0,      0,      0,      1,      1,      0,      0,      0,      0,      1,      1,      1,      0,      1,      1,      1,      1,      1,      1,      0
     1018, 010101100011110101101100100011110101011010011010100100010101,      0,      0,      0,      1,      0,      1,      1,      1,      1,      0,      1,      0,      0,      0,      1,      1,      0,      1,      1,      1,      1,      1,      0,      0,      0,      1
     1019, 001110111100011101100001100110101110100011111011100000000111,      0,      0,      0,      1,      0,      1,      1,      1,      1,      0,      1,      0,      0,      0,      0,      0,      0,      0,      0,      0,      0,      1,      0,      0,      0,      0
     1020, 001110010100001000110000100011011001101010000100101000000001,      0,      0,      0,      0,      0,      1,      1,      1,      1,      0,      1,      0,      0,      0,      0,      1,      0,      1,      1,      0,      1,      0,      0,      1,      0,      0
     1021, 000000010110000011100100001010100010100010000110011000100101,      0,      0,      0,      1,      0,      1,      1,      1,      1,      0,      1,      0,      0,      0,      0,      1,      1,      1,      1,      0,      1,      0,      1,      1,      0,      0
     1022, 010001101011011100101010011010110100011100101101101100111101,      0,      0,      0,      0,      0,      1,      1,      1,      1,      1,      1,      0,      0,      0,      0,      1,      0,      1,      1,      1,      1,      0,      1,      1,      1,      1
     1023, 011111101001001000010101001100110100101111011011101110110101,      0,      0,      0,      0,      0,      1,      1,      1,      1,      0,      1,      0,      0,      0,      1,      1,      0,      1,      1,      1,      1,      1,      1,      1,      1,      1
     1024, 000001101100111100110100000001101100001101100010101111010100,      0,      0,      0,      0,      0,      1,      1,      1,      1,      0,      1,      0,      0,      0,      1,      1,      0,      1,      0,      1,      1,      0,      0,      1,      1,      1
